time,imu_ax,imu_ay,imu_az,imu_gx,imu_gy,imu_gz,gt_px,gt_py,gt_pz,gt_vx,gt_vy,gt_vz,gt_qw,gt_qx,gt_qy,gt_qz,est_px,est_py,est_pz,est_vx,est_vy,est_vz,est_qw,est_qx,est_qy,est_qz,correction_applied,P_dpx,P_dpy,P_dpz,P_dvx,P_dvy,P_dvz,P_dtheta_x,P_dtheta_y,P_dtheta_z
5.0000000000e-03,3.2095267654e+01,5.1389186415e-02,-1.4222063771e+01,8.1255385849e-04,-1.6854992995e-03,-1.1249528760e-03,-3.4694469520e-17,3.6049722235e-18,5.3541698966e-02,0.0000000000e+00,0.0000000000e+00,0.0000000000e+00,9.9999550000e-01,0.0000000000e+00,-2.9999955000e-03,0.0000000000e+00,0.0000000000e+00,0.0000000000e+00,5.0000000000e-02,1.6047633827e-01,2.5694593207e-04,-1.2016031885e-01,9.9999999999e-01,2.0313846462e-06,-4.2137482487e-06,-2.8123821899e-06,0.0000000000e+00,1.0000002500e-04,1.0000002500e-04,1.0000002500e-04,2.5497968480e-06,1.0394484100e-05,8.8541521742e-06,3.0461743844e-04,3.0461743844e-04,3.0461743844e-04
1.0000000000e-02,2.1258093942e+01,-1.4349660905e+00,-9.3269432263e+00,-2.5033028400e-01,-1.1894702573e+00,-8.5294354968e-02,5.5279424842e-04,-3.3377800226e-05,5.3056957120e-02,1.1051990592e-01,-6.8132499908e-03,-9.6450391032e-02,9.9998192881e-01,-6.2230945553e-04,-5.9756448731e-03,-2.1554901517e-04,8.0238169136e-04,1.2847296604e-06,4.9399198406e-02,2.6676716063e-01,-6.9182929159e-03,-2.1584416837e-01,9.9999534819e-01,-6.2380083142e-04,-2.9778825794e-03,-2.1605660449e-04,0.0000000000e+00,1.0000013874e-04,1.0000033486e-04,1.0000029635e-04,5.2565505056e-06,2.6919983654e-05,2.2711442222e-05,3.0461745710e-04,3.0461745710e-04,3.0461745710e-04
1.5000000000e-02,1.3329654255e+01,-2.0755124177e+00,-5.4489020670e+00,-3.6982313683e-01,-1.9388738082e+00,-1.3447719314e-01,1.4730375997e-03,-1.1617865893e-04,5.2178606901e-02,1.8394405779e-01,-1.6877073799e-02,-1.7431264202e-01,9.9994008241e-01,-1.5416398947e-03,-1.0823712675e-02,-5.4970923322e-04,2.1362174945e-03,-3.3306734919e-05,4.8319977564e-02,3.3357197463e-01,-1.7358423007e-02,-2.9172828309e-01,9.9996803310e-01,-1.5483890959e-03,-7.8249983257e-03,-5.5197355809e-04,0.0000000000e+00,1.0000049813e-04,1.0000188789e-04,1.0000161661e-04,7.4874413274e-06,4.1290516398e-05,3.5014920690e-05,3.0461747576e-04,3.0461747576e-04,3.0461747576e-04
2.0000000000e-02,-9.0903616876e-01,3.5648792647e-01,-8.1454080457e-01,-4.2528144330e-01,-2.3830182475e+00,-1.5897418478e-01,2.6245205103e-03,-2.5421441914e-04,5.0976863117e-02,2.3013067787e-01,-2.8024331336e-02,-2.3824887200e-01,9.9985531759e-01,-2.5990603698e-03,-1.6783714566e-02,-9.4641101245e-04,1.7115823404e-03,-2.2130410935e-04,4.8531530486e-02,2.3128481985e-01,-2.8074791518e-02,-2.3878562969e-01,9.9560657758e-01,-1.5902315061e-02,-8.9625297257e-02,-2.1953704760e-02,1.0000000000e+00,1.0000002252e-04,1.0000007426e-04,1.0000006326e-04,9.9204690675e-09,9.9973792014e-09,9.9818085505e-09,2.7055680105e-04,9.1750304520e-06,4.2507926480e-05
2.5000000000e-02,-1.6879224614e+01,-7.0221030930e-01,3.3132628323e+01,-3.0597992593e-01,-4.0955084654e-01,-1.8247761284e-01,3.7944377090e-03,-3.7379112303e-04,4.9722710968e-02,2.3425759142e-01,-2.4327093350e-02,-2.4960419549e-01,9.9983477217e-01,-3.3567185738e-03,-1.7809041041e-02,-1.4138129694e-03,3.8210992507e-03,-4.0841858473e-04,4.6641592688e-02,2.0150234402e-01,-2.2625675729e-02,-2.0729055616e-01,9.9909358578e-01,-3.1978657542e-02,-2.4487440925e-02,-1.3774525198e-02,1.0000000000e+00,1.0000001132e-04,1.0000006776e-04,1.0000001310e-04,8.5609454665e-09,9.9648776811e-09,7.6907101837e-09,9.4794567177e-06,8.3227244445e-07,1.7686143292e-05
3.0000000000e-02,-1.3766330261e+01,1.2833102174e+00,2.9001562385e+01,-1.1815322842e-01,2.2241311669e-01,-1.3313969121e-01,4.7096651748e-03,-4.8982573126e-04,4.8915807053e-02,1.8315928488e-01,-2.3421382274e-02,-1.6100083417e-01,9.9984294042e-01,-3.6433074472e-03,-1.7255060396e-02,-1.7560452985e-03,5.0624950866e-03,-3.0899752875e-04,4.5499029144e-02,1.6648150472e-01,-1.9902422972e-02,-1.4008957793e-01,9.9564814496e-01,3.0699092687e-02,7.9444876966e-03,-8.7631171707e-02,1.0000000000e+00,1.0000001170e-04,1.0000006224e-04,1.0000001184e-04,7.9028081711e-09,8.7307326204e-09,6.7885216332e-09,5.4139448219e-06,3.7956450930e-07,1.5768647902e-05
3.5000000000e-02,-9.8079611008e+00,7.7377536796e-01,2.2552684180e+01,-5.3657669968e-02,5.3159496190e-01,-7.9208146898e-02,5.4008872744e-03,-5.6277320897e-04,4.8471731219e-02,1.3825198603e-01,-1.4689324799e-02,-8.8724798776e-02,9.9986409341e-01,-3.7730534132e-03,-1.5928250695e-02,-1.9620422324e-03,5.9334400183e-03,-4.1977078589e-04,4.4781500886e-02,1.3245220603e-01,-1.4452966347e-02,-8.2875340493e-02,9.9580435486e-01,2.7556817076e-02,1.8305351455e-02,-8.5318361319e-02,1.0000000000e+00,1.0000001208e-04,1.0000005594e-04,1.0000001200e-04,7.2016914473e-09,7.8953443216e-09,6.3505970666e-09,3.8171309606e-06,2.5781738590e-07,1.3650377643e-05
4.0000000000e-02,-6.8905457198e+00,1.9181411165e-01,1.8091211925e+01,-2.0408162494e-02,6.9308488379e-01,-3.5748896290e-02,5.9156501545e-03,-6.0881157680e-04,4.8273416120e-02,1.0291806129e-01,-9.2950749853e-03,-3.9612388391e-02,9.9988979241e-01,-3.8194699107e-03,-1.4197764951e-02,-2.0586777551e-03,6.5930798317e-03,-5.3924176875e-04,4.4369834019e-02,1.0253944381e-01,-1.0220503321e-02,-3.9801536643e-02,9.9706889006e-01,1.7885547797e-02,2.1348340307e-02,-7.1259974873e-02,1.0000000000e+00,1.0000001233e-04,1.0000004920e-04,1.0000001225e-04,6.7892148349e-09,7.4184384423e-09,6.1923721949e-09,2.8620610142e-06,2.0292221224e-07,1.1481595280e-05
4.5000000000e-02,-4.6873472455e+00,5.4480868478e-01,1.5085309589e+01,8.9610949676e-03,7.4799844746e-01,-4.2821458917e-03,6.2916912083e-03,-6.4376549323e-04,4.8237607397e-02,7.5169574373e-02,-7.1305724460e-03,-7.0758727650e-03,9.9991469775e-01,-3.7937702557e-03,-1.2324772034e-02,-2.0747358046e-03,7.0943475702e-03,-5.7908552736e-04,4.4175919740e-02,7.7883142968e-02,-7.1993573061e-03,-9.2449401621e-03,9.9682672172e-01,1.9876669454e-02,2.0746151016e-02,-7.4236123972e-02,1.0000000000e+00,1.0000001253e-04,1.0000004286e-04,1.0000001250e-04,6.5294334077e-09,7.2132139311e-09,6.1261204595e-09,2.1805469594e-06,1.7294951500e-07,9.4354127097e-06
5.0000000000e-02,-3.3459207724e+00,1.9614584973e-01,1.3099781344e+01,1.6653752802e-02,7.2466180631e-01,9.4922420039e-04,6.5741967148e-03,-6.5513982957e-04,4.8292032203e-02,5.6472283913e-02,-2.3615595384e-03,1.0968890755e-02,9.9993555409e-01,-3.7511878027e-03,-1.0511372687e-02,-2.0802153255e-03,7.4685853803e-03,-6.4683194939e-04,4.4129705179e-02,5.9257639001e-02,-3.6805621084e-03,9.7024367621e-03,9.9765087524e-01,1.3768555547e-02,2.0744188088e-02,-6.3818779898e-02,1.0000000000e+00,1.0000001275e-04,1.0000003775e-04,1.0000001274e-04,6.3953489110e-09,7.0386483059e-09,6.0999352170e-09,1.7027090563e-06,1.5508113480e-07,7.8054767110e-06
5.5000000000e-02,-2.2867986000e+00,7.2484115091e-02,1.1672667729e+01,1.2003691147e-02,6.7050140616e-01,7.8757163671e-03,6.7808597592e-03,-6.5442883577e-04,4.8402371059e-02,4.1316224234e-02,7.1795729993e-05,2.2157534579e-02,9.9995190303e-01,-3.7188017226e-03,-8.8366716811e-03,-2.0676991570e-03,7.7482105873e-03,-6.8434158910e-04,4.4177218056e-02,4.4673484499e-02,-1.1572399456e-03,2.1059658320e-02,9.9811905538e-01,9.8376657302e-03,2.0415224558e-02,-5.6963060200e-02,1.0000000000e+00,1.0000001296e-04,1.0000003375e-04,1.0000001299e-04,6.3145122293e-09,6.9254421731e-09,6.0881809687e-09,1.3578866426e-06,1.4270135360e-07,6.5091651534e-06
6.0000000000e-02,-1.4565232596e+00,1.8031112378e-02,1.0703644844e+01,3.4745057537e-03,5.9654987535e-01,1.5019023283e-02,6.9281094729e-03,-6.4683802171e-04,4.8543174367e-02,2.9444139377e-02,1.4496226496e-03,2.8256212215e-02,9.9996410816e-01,-3.7066275196e-03,-7.3424190963e-03,-2.0327772244e-03,7.9537046751e-03,-6.9777842091e-04,4.4281106656e-02,3.3264931575e-02,4.4843003367e-04,2.7263370710e-02,9.9833818551e-01,7.8596983712e-03,1.9799452176e-02,-5.3545066952e-02,1.0000000000e+00,1.0000001318e-04,1.0000003059e-04,1.0000001324e-04,6.2636217235e-09,6.8537453195e-09,6.0826306954e-09,1.0998594368e-06,1.3357741583e-07,5.4653174584e-06
6.5000000000e-02,-1.1604447161e+00,4.3969887115e-01,1.0566340341e+01,-5.1262220453e-03,5.1811852145e-01,2.4753709210e-02,7.0299415521e-03,-6.3501755956e-04,4.8696620293e-02,2.0367923540e-02,2.2918988565e-03,3.0790705972e-02,9.9997285766e-01,-3.7184098705e-03,-6.0459370654e-03,-1.9758608729e-03,8.1048493797e-03,-6.8814162375e-04,4.4411141003e-02,2.3917048652e-02,2.2510425078e-03,3.0962534103e-02,9.9823499894e-01,8.9650139259e-03,1.9087342451e-02,-5.5517463732e-02,1.0000000000e+00,1.0000001341e-04,1.0000002818e-04,1.0000001348e-04,6.2285611043e-09,6.8002620665e-09,6.0805281514e-09,9.0569794106e-07,1.2653020967e-07,4.6519465012e-06
7.0000000000e-02,-7.5029525156e-01,2.3616509736e-01,1.0083543283e+01,-1.3361990732e-02,4.2461092459e-01,4.1253776557e-02,7.0970766655e-03,-6.0905209615e-04,4.8857177992e-02,1.3432626019e-02,5.1155438391e-03,3.2223203659e-02,9.9997879839e-01,-3.7485786834e-03,-4.9831737502e-03,-1.8758761766e-03,8.2085735231e-03,-6.8487162365e-04,4.4560764793e-02,1.6763857824e-02,4.3247949565e-03,3.2304529577e-02,9.9844020990e-01,7.2464283542e-03,1.8591666948e-02,-5.2143901448e-02,1.0000000000e+00,1.0000001364e-04,1.0000002634e-04,1.0000001373e-04,6.2106967145e-09,6.7330506208e-09,6.0795394789e-09,7.5947069428e-07,1.2097987638e-07,4.0194121025e-06
7.5000000000e-02,-4.8909376092e-01,1.2696112188e-01,9.7429554539e+00,-1.9957200224e-02,3.3817167862e-01,5.7281511579e-02,7.1372591895e-03,-5.7382462605e-04,4.9015739338e-02,8.0439363124e-03,6.9661593473e-03,3.1832573459e-02,9.9998271927e-01,-3.7973311820e-03,-4.1381559230e-03,-1.7369794435e-03,8.2774389597e-03,-6.7079638558e-04,4.4717763054e-02,1.1147169502e-02,6.0714352278e-03,3.1906973831e-02,9.9863403075e-01,5.4822267719e-03,1.8104992753e-02,-4.8705513632e-02,1.0000000000e+00,1.0000001388e-04,1.0000002496e-04,1.0000001397e-04,6.1981401068e-09,6.6648245863e-09,6.0791277875e-09,6.4905137642e-07,1.1634695031e-07,3.5297600642e-06
8.0000000000e-02,-2.3691395042e-01,2.8254974544e-02,9.5434283872e+00,-2.6325302071e-02,2.5852694827e-01,6.8504824407e-02,7.1575149567e-03,-5.3254055903e-04,4.9166421347e-02,4.0586329392e-03,8.1784816457e-03,3.0264566099e-02,9.9998523486e-01,-3.8623404934e-03,-3.4874193581e-03,-1.5653439634e-03,8.3191567710e-03,-6.4582051459e-04,4.4872991252e-02,6.9769067539e-03,7.3045694790e-03,3.0389792064e-02,9.9878495441e-01,4.0093859657e-03,1.7561726043e-02,-4.5870747133e-02,1.0000000000e+00,1.0000001412e-04,1.0000002392e-04,1.0000001422e-04,6.1898763008e-09,6.6141030187e-09,6.0790065176e-09,5.6250052494e-07,1.1232080792e-07,3.1368718097e-06
8.5000000000e-02,-7.0115572349e-01,4.7680651721e-01,1.0566438178e+01,-3.2118508699e-02,1.9267082583e-01,8.0929985255e-02,7.1637639083e-03,-4.8738224713e-04,4.9305691089e-02,1.2562175616e-03,8.9564201148e-03,2.7989388002e-02,9.9998678835e-01,-3.9404757614e-03,-3.0040349698e-03,-1.3680467245e-03,8.3469494860e-03,-6.0672398451e-04,4.5010537766e-02,2.8853562149e-03,9.1375492276e-03,3.0454593191e-02,9.9875206107e-01,4.4604925302e-03,1.7269021270e-02,-4.6649816986e-02,1.0000000000e+00,1.0000001436e-04,1.0000002314e-04,1.0000001446e-04,6.1924724426e-09,6.5724335071e-09,6.0793398204e-09,4.9310600138e-07,1.0846554856e-07,2.8343944554e-06
9.0000000000e-02,-5.3954426307e-01,2.4033692243e-01,1.0134650903e+01,-1.7533094600e-02,1.1330755663e-01,1.1870469942e-01,7.1605935836e-03,-4.2267742341e-04,4.9446347358e-02,-6.2022436310e-04,1.2852466695e-02,2.8281786074e-02,9.9998779551e-01,-3.9843282034e-03,-2.7174972194e-03,-1.0719888723e-03,8.3556892932e-03,-5.6982956910e-04,4.5153848303e-02,3.9983652940e-04,1.1873963308e-02,2.9795034620e-02,9.9894288380e-01,2.4918958091e-03,1.7212372612e-02,-4.2551610800e-02,1.0000000000e+00,1.0000001460e-04,1.0000002259e-04,1.0000001471e-04,6.1883839857e-09,6.5166056437e-09,6.0792089798e-09,4.3874834160e-07,1.0510064467e-07,2.5992055138e-06
9.5000000000e-02,-3.5061900273e-01,-2.3587670994e-02,9.8742416792e+00,-8.8756211631e-03,5.1210483942e-02,1.4717934403e-01,7.1488168875e-03,-3.4624547568e-04,4.9582296294e-02,-2.3354451108e-03,1.5188075495e-02,2.7352211490e-02,9.9998837621e-01,-4.0079805025e-03,-2.5867080277e-03,-7.0176727912e-04,8.3518074889e-03,-5.1934128220e-04,4.5295999254e-02,-1.3057457427e-03,1.3910180090e-02,2.8447119764e-02,9.9913464471e-01,3.0687067124e-04,1.7035122195e-02,-3.7943012327e-02,1.0000000000e+00,1.0000001485e-04,1.0000002218e-04,1.0000001495e-04,6.1839377203e-09,6.4749244906e-09,6.0790137162e-09,3.9482617381e-07,1.0202883246e-07,2.4055423593e-06
1.0000000000e-01,-2.1908012850e-01,-1.1400580690e-01,9.6435384610e+00,-2.2848868211e-03,4.8344997252e-03,1.6868164086e-01,7.1307098237e-03,-2.6395468759e-04,4.9709549325e-02,-3.5968072155e-03,1.6355291804e-02,2.5621430888e-02,9.9998858157e-01,-4.0150245593e-03,-2.5764174648e-03,-2.7995061179e-04,8.3394653837e-03,-4.5546532564e-04,4.5433001207e-02,-2.5168675936e-03,1.5268452560e-02,2.6407406001e-02,9.9926615918e-01,-1.2791677917e-03,1.6711766277e-02,-3.4441598713e-02,1.0000000000e+00,1.0000001509e-04,1.0000002189e-04,1.0000001520e-04,6.1786565853e-09,6.4397380459e-09,6.0790099515e-09,3.5874410658e-07,9.9218043399e-08,2.2429569280e-06
1.0500000000e-01,-4.6376342674e-01,-5.0392647174e-02,1.0245379576e+01,3.9393418051e-03,-3.1862726285e-02,1.8221280766e-01,7.1085769836e-03,-1.7907606327e-04,4.9825055783e-02,-4.3985331238e-03,1.6873924208e-02,2.3277478077e-02,9.9998841874e-01,-4.0096131073e-03,-2.6560967087e-03,1.7472782514e-04,8.3242146314e-03,-3.8175920748e-04,4.5553918393e-02,-3.9094558130e-03,1.6286722898e-02,2.5377713461e-02,9.9933563264e-01,-2.0652170232e-03,1.6477218765e-02,-3.2442710713e-02,1.0000000000e+00,1.0000001534e-04,1.0000002168e-04,1.0000001544e-04,6.1810028519e-09,6.4153498613e-09,6.0790068948e-09,3.2795589005e-07,9.6436561381e-08,2.1083076183e-06
1.1000000000e-01,-2.5716388592e-01,-1.3880640349e-01,9.8134114458e+00,1.3234781738e-02,-7.1897053212e-02,1.9685853812e-01,7.0849468475e-03,-8.9554605221e-05,4.9936931743e-02,-4.6895889292e-03,1.7795338861e-02,2.2560075377e-02,9.9998785713e-01,-3.9762123844e-03,-2.8330620389e-03,6.7014065017e-04,8.3022523808e-03,-3.0318349199e-04,4.5674694951e-02,-4.2721625924e-03,1.7080788557e-02,2.3679274478e-02,9.9940952913e-01,-2.9448631840e-03,1.6188473266e-02,-3.0163789670e-02,1.0000000000e+00,1.0000001559e-04,1.0000002154e-04,1.0000001569e-04,6.1760780762e-09,6.3888427468e-09,6.0790131637e-09,3.0196923361e-07,9.3900445433e-08,1.9930016801e-06
1.1500000000e-01,-9.5916575438e-02,-1.6811508181e-01,9.4916709608e+00,1.8167769980e-02,-9.5326372281e-02,2.0697636038e-01,7.0603546405e-03,2.0304308900e-06,5.0039459870e-02,-4.8761654271e-03,1.8207293774e-02,2.0696471633e-02,9.9998685980e-01,-3.9303773023e-03,-3.0700370085e-03,1.1862681757e-03,8.2776251575e-03,-2.1952592496e-04,4.5789684113e-02,-4.2506447601e-03,1.7582820153e-02,2.1240734837e-02,9.9946877449e-01,-3.5949412852e-03,1.5763650268e-02,-2.8297571531e-02,1.0000000000e+00,1.0000001583e-04,1.0000002145e-04,1.0000001593e-04,6.1693875844e-09,6.3653753617e-09,6.0790361805e-09,2.7994353832e-07,9.1613602638e-08,1.8922572726e-06
1.2000000000e-01,9.0082536586e-02,-1.6091201549e-01,9.3151472310e+00,1.8106312621e-02,-1.0839188753e-01,2.0744135163e-01,7.0366786221e-03,9.3679434766e-05,5.0128795187e-02,-4.6895572714e-03,1.8226405885e-02,1.8060928546e-02,9.9998544183e-01,-3.8847753963e-03,-3.3343880516e-03,1.7048479730e-03,8.2520183504e-03,-1.3211915385e-04,4.5893667080e-02,-3.7959652992e-03,1.7789373624e-02,1.8325793547e-02,9.9951081581e-01,-3.9467073035e-03,1.5207468251e-02,-2.7042290646e-02,1.0000000000e+00,1.0000001608e-04,1.0000002140e-04,1.0000001618e-04,6.1635952911e-09,6.3513919148e-09,6.0790878584e-09,2.6066859747e-07,8.9523757670e-08,1.8006211878e-06
1.2500000000e-01,8.4898578092e-01,-6.6831772471e-01,8.0790643424e+00,1.5204450318e-02,-1.0536547097e-01,2.0193978209e-01,7.0160601469e-03,1.8353029623e-04,5.0202607150e-02,-4.0770368661e-03,1.7879610659e-02,1.4956725718e-02,9.9998368032e-01,-3.8482429061e-03,-3.5981500996e-03,2.2098519611e-03,8.2224577156e-03,-4.4189132728e-05,4.5993728627e-02,-1.9207884541e-03,1.6626658452e-02,1.2843684694e-02,9.9958437648e-01,-4.9875362698e-03,1.4276218083e-02,-2.4543601360e-02,1.0000000000e+00,1.0000001633e-04,1.0000002136e-04,1.0000001643e-04,6.1548743632e-09,6.3429362603e-09,6.0798661230e-09,2.4362902263e-07,8.7784447499e-08,1.7063663967e-06
1.3000000000e-01,7.3223473627e-01,-4.1924336289e-01,8.2616996564e+00,7.8797864845e-03,-6.0644352979e-02,1.8337604144e-01,7.0128231209e-03,2.5814723199e-04,5.0244461779e-02,-6.0243056123e-04,1.4828193338e-02,8.5675023464e-03,9.9998209540e-01,-3.8291794990e-03,-3.7479134959e-03,2.6644730548e-03,8.2068359497e-03,4.0708350958e-05,4.6063713309e-02,7.1447822166e-04,1.4783406747e-02,7.1717265708e-03,9.9959296302e-01,-4.8377867560e-03,1.3684103494e-02,-2.4561136210e-02,1.0000000000e+00,1.0000001657e-04,1.0000002134e-04,1.0000001668e-04,6.1487714233e-09,6.3286972196e-09,6.0799310351e-09,2.2848801635e-07,8.6166041923e-08,1.6224469300e-06
1.3500000000e-01,6.5322163744e-01,-2.5379137752e-01,8.4455810067e+00,1.9885995325e-03,-1.6421269053e-02,1.6114509880e-01,7.0248491845e-03,3.2465768654e-04,5.0257381365e-02,2.4473027699e-03,1.3214104789e-02,2.7795828007e-03,9.9998081866e-01,-3.8233369033e-03,-3.7853732434e-03,3.0684465296e-03,8.2058878678e-03,1.1631991706e-04,4.6103621094e-02,3.4584888044e-03,1.3399143461e-02,1.7917144737e-03,9.9959048059e-01,-4.5331094505e-03,1.3303049797e-02,-2.4926911297e-02,1.0000000000e+00,1.0000001682e-04,1.0000002135e-04,1.0000001692e-04,6.1452528973e-09,6.3151016131e-09,6.0797653446e-09,2.1511241019e-07,8.4635021555e-08,1.5494686880e-06
1.4000000000e-01,6.3651580768e-01,-2.5659372210e-01,8.5984804114e+00,-1.9058830130e-03,3.0089555980e-02,1.4404026750e-01,7.0505885533e-03,3.8652121375e-04,5.0243885254e-02,5.1858356325e-03,1.2298692417e-02,-2.5061646196e-03,9.9997991637e-01,-3.8279507424e-03,-3.7108584013e-03,3.4268332302e-03,8.2186891580e-03,1.8437510884e-04,4.6115343217e-02,6.1637243572e-03,1.2300306122e-02,-3.2292107827e-03,9.9959491244e-01,-4.4295894798e-03,1.3068131602e-02,-2.4892040717e-02,1.0000000000e+00,1.0000001707e-04,1.0000002139e-04,1.0000001717e-04,6.1447531677e-09,6.3049502872e-09,6.0796993027e-09,2.0309546473e-07,8.3153887239e-08,1.4844898299e-06
1.4500000000e-01,2.4477655117e+00,-9.3759521563e-01,5.3789951405e+00,-4.1125751522e-03,7.3596828326e-02,1.2571435050e-01,7.0891897176e-03,4.4512067640e-04,5.0206278945e-02,7.7524763737e-03,1.1665144445e-02,-7.3318439105e-03,9.9997940731e-01,-3.8411941064e-03,-3.5247818968e-03,3.7424720698e-03,8.2289251940e-03,2.4736653908e-04,4.6130955767e-02,1.2059621239e-02,9.9944338418e-03,-1.4499919560e-02,9.9965536995e-01,-5.5172300306e-03,1.1892203598e-02,-2.2743724162e-02,1.0000000000e+00,1.0000001732e-04,1.0000002142e-04,1.0000001742e-04,6.1278058068e-09,6.3134208680e-09,6.0826515500e-09,1.9281817258e-07,8.2190939952e-08,1.4044860255e-06
1.5000000000e-01,-9.1680589891e-01,-1.1617988642e+00,1.1344617135e+01,-1.6884794817e-02,2.1277255240e-01,9.3697355363e-02,7.1678308792e-03,4.7917881178e-04,5.0100155977e-02,1.5747996002e-02,6.7436967933e-03,-2.1038018184e-02,9.9998007746e-01,-3.8865070480e-03,-2.9918981798e-03,3.9734490674e-03,8.3013964079e-03,2.9316475114e-04,4.6032826514e-02,1.3011454293e-02,6.1028008025e-03,-1.5403100782e-02,9.9968476913e-01,-6.2476318632e-03,1.3393584379e-02,-2.0296338901e-02,1.0000000000e+00,1.0000001757e-04,1.0000002145e-04,1.0000001767e-04,6.1727448421e-09,6.2734187844e-09,6.0805044654e-09,1.8204838899e-07,8.0414932891e-08,1.3571975617e-06
1.5500000000e-01,-7.1239603932e-01,-7.0711224460e-01,1.0991971801e+01,5.9062376795e-03,1.9934017068e-01,6.2464129375e-02,7.2346850933e-03,4.8766863750e-04,5.0016806927e-02,1.3395812304e-02,1.6332318827e-03,-1.6471360601e-02,9.9998087308e-01,-3.8764348673e-03,-2.4938567323e-03,4.1240047655e-03,8.3713084872e-03,3.2297095663e-04,4.5942910700e-02,1.2393989350e-02,2.2831167019e-03,-1.3691379656e-02,9.9966638817e-01,-5.7331728192e-03,1.4207907731e-02,-2.0793711730e-02,1.0000000000e+00,1.0000001782e-04,1.0000002157e-04,1.0000001791e-04,6.1794668506e-09,6.2641404801e-09,6.0798724423e-09,1.7288417509e-07,7.8438829474e-08,1.3217791523e-06
1.6000000000e-01,-8.1402086861e-01,-3.9107430011e-01,1.1097189173e+01,2.5908911392e-02,1.8283429641e-01,3.3413845207e-02,7.2906244502e-03,4.8200684265e-04,4.9950479440e-02,1.1213584994e-02,-1.1819078173e-03,-1.3058455563e-02,9.9998178874e-01,-3.8171607196e-03,-2.0399313565e-03,4.2059665004e-03,8.4360658703e-03,3.3399145719e-04,4.5863411523e-02,1.0679762902e-02,-3.2775607224e-04,-1.0740489088e-02,9.9964116973e-01,-5.0145289995e-03,1.4805055764e-02,-2.1753082841e-02,1.0000000000e+00,1.0000001807e-04,1.0000002171e-04,1.0000001816e-04,6.1780098031e-09,6.2559472040e-09,6.0794275778e-09,1.6486553191e-07,7.6468614188e-08,1.2941792551e-06
1.6500000000e-01,-3.8664396415e-01,-7.0381383638e-01,1.0415887771e+01,3.6749585784e-02,1.5229827761e-01,1.1233069494e-02,7.3331747189e-03,4.7026355192e-04,4.9902558686e-02,8.5342911846e-03,-2.3761696612e-03,-9.3696831573e-03,9.9998272415e-01,-3.7248823393e-03,-1.6600843284e-03,4.2332927954e-03,8.4865429372e-03,3.3350471154e-04,4.5805707617e-02,9.1541758981e-03,-2.7172345914e-03,-8.6921161551e-03,9.9964165756e-01,-5.0539000917e-03,1.4976714826e-02,-2.1603531384e-02,1.0000000000e+00,1.0000001831e-04,1.0000002187e-04,1.0000001840e-04,6.1732763266e-09,6.2492979775e-09,6.0794946361e-09,1.5766398368e-07,7.4698977928e-08,1.2662637935e-06
1.7000000000e-01,-3.9336523102e-01,-1.0342829262e-01,1.0516263378e+01,6.7096485638e-02,1.4038531650e-01,6.9697211280e-03,7.3651432948e-03,4.4302674574e-04,4.9867581655e-02,6.4278296957e-03,-5.4987676427e-03,-6.7644677668e-03,9.9998377922e-01,-3.5614533069e-03,-1.3085237874e-03,4.2479536794e-03,8.5285799880e-03,3.2021161448e-04,4.5758366452e-02,7.3152636838e-03,-4.4337006445e-03,-6.1221234549e-03,9.9961069647e-01,-4.0723244752e-03,1.5017067883e-02,-2.3159433156e-02,1.0000000000e+00,1.0000001856e-04,1.0000002203e-04,1.0000001865e-04,6.1653115232e-09,6.2454514602e-09,6.0790774349e-09,1.5110449264e-07,7.3042912060e-08,1.2411087368e-06
1.7500000000e-01,-3.3949075741e-01,1.2099765851e-01,1.0371563188e+01,7.6611569804e-02,1.1687739154e-01,-2.0230690883e-04,7.3867673225e-03,4.1428931573e-04,4.9844725031e-02,4.3626134428e-03,-5.8080870034e-03,-4.3286636673e-03,9.9998479511e-01,-3.3682428594e-03,-1.0135463596e-03,4.2470231503e-03,8.5603590579e-03,2.9787240987e-04,4.5724886299e-02,5.4562752407e-03,-4.8910024708e-03,-3.9229599251e-03,9.9958538937e-01,-3.2296586035e-03,1.4949944103e-02,-2.4395036945e-02,1.0000000000e+00,1.0000001881e-04,1.0000002220e-04,1.0000001890e-04,6.1598380962e-09,6.2394543524e-09,6.0790071408e-09,1.4512308410e-07,7.1523854911e-08,1.2178163723e-06
1.8000000000e-01,-1.8528474549e-01,1.3117229510e-01,1.0246365969e+01,7.9328641527e-02,9.2678170099e-02,-5.6535093082e-03,7.4001447985e-03,3.8919491798e-04,4.9830996280e-02,2.7115467326e-03,-5.0757847489e-03,-2.4953445465e-03,9.9998572705e-01,-3.1695367480e-03,-7.8028606487e-04,4.2297629134e-03,8.5816856289e-03,2.7333308802e-04,4.5702750898e-02,4.0145915036e-03,-4.6333669360e-03,-2.1996556315e-03,9.9957424306e-01,-2.7146840643e-03,1.4778471237e-02,-2.5011195304e-02,1.0000000000e+00,1.0000001906e-04,1.0000002238e-04,1.0000001915e-04,6.1561266887e-09,6.2364519824e-09,6.0790327058e-09,1.3952408361e-07,7.0117250840e-08,1.1947649612e-06
1.8500000000e-01,-5.3980880888e-02,1.3553805274e-01,1.0060709949e+01,7.6422712733e-02,6.9716928207e-02,-1.2463629235e-02,7.4072912068e-03,3.6866769485e-04,4.9823521404e-02,1.4601786392e-03,-4.1494058619e-03,-1.2395955805e-03,9.9998657604e-01,-2.9774087278e-03,-6.0474269006e-04,4.1972674703e-03,8.5949300191e-03,2.5018764739e-04,4.5690042097e-02,2.9267699706e-03,-3.9837876225e-03,-1.1313426729e-03,9.9957186906e-01,-2.3912137642e-03,1.4519886991e-02,-2.5289000771e-02,1.0000000000e+00,1.0000001930e-04,1.0000002256e-04,1.0000001939e-04,6.1522860748e-09,6.2328003957e-09,6.0790655210e-09,1.3429663172e-07,6.8813535075e-08,1.1719579992e-06
1.9000000000e-01,7.8435980953e-02,1.2096446785e-01,9.8885544339e+00,7.3276440029e-02,5.7503796946e-02,-4.6493843919e-03,7.4061288158e-03,3.4884711876e-04,4.9824668176e-02,-1.9930288881e-04,-4.0379260578e-03,4.9930173598e-04,9.9998724589e-01,-2.7949083727e-03,-4.6562689881e-04,4.1808773467e-03,8.6006360670e-03,2.3026512591e-04,4.5685397258e-02,1.7217775133e-03,-3.7234535746e-03,1.0522075857e-06,9.9956683040e-01,-1.9762533749e-03,1.4111547148e-02,-2.5750926729e-02,1.0000000000e+00,1.0000001955e-04,1.0000002274e-04,1.0000001964e-04,6.1486119644e-09,6.2293681635e-09,6.0791026624e-09,1.2945468035e-07,6.7595874984e-08,1.1493222476e-06
1.9500000000e-01,1.1920647538e-01,1.5716113492e-01,9.7683179879e+00,6.7295832462e-02,4.1185537963e-02,-4.7168804684e-03,7.4005860557e-03,3.3111054636e-04,4.9829880034e-02,-1.0784078719e-03,-3.6341620731e-03,1.3221608013e-03,9.9998781064e-01,-2.6253929584e-03,-3.6259794847e-04,4.1658615969e-03,8.6005973402e-03,2.1156290689e-04,4.5687082293e-02,7.7829270992e-04,-3.3250953412e-03,7.0807958464e-04,9.9956212415e-01,-1.5919582584e-03,1.3695457143e-02,-2.6181292522e-02,1.0000000000e+00,1.0000001980e-04,1.0000002291e-04,1.0000001989e-04,6.1455183248e-09,6.2240645627e-09,6.0791376066e-09,1.2495654937e-07,6.6454613393e-08,1.1277043897e-06
2.0000000000e-01,1.4570666312e-01,1.3497147684e-01,9.7109696916e+00,6.0961890638e-02,2.6876289739e-02,-8.4647535777e-03,7.3929104976e-03,3.1635316056e-04,4.9836505685e-02,-1.5106197391e-03,-3.0377964931e-03,1.6112169308e-03,9.9998830876e-01,-2.4724925889e-03,-2.9245663445e-04,4.1453088321e-03,8.5965707564e-03,1.9494011151e-04,4.5692191868e-02,1.8003166112e-04,-2.8620930451e-03,1.0481735135e-03,9.9956054348e-01,-1.3080757406e-03,1.3302622461e-02,-2.6458440879e-02,1.0000000000e+00,1.0000002005e-04,1.0000002310e-04,1.0000002014e-04,6.1432652879e-09,6.2187944211e-09,6.0791469151e-09,1.2076179326e-07,6.5372479988e-08,1.1073149609e-06
2.0500000000e-01,2.0272380387e-01,1.3755390503e-01,9.6284453333e+00,5.2766052849e-02,1.8541153842e-02,-1.2583934388e-02,7.3845009479e-03,3.0457143475e-04,4.9843012455e-02,-1.6640208947e-03,-2.4322288470e-03,1.5911829119e-03,9.9998876602e-01,-2.3371752447e-03,-2.5015421644e-04,4.1161706325e-03,8.5898997929e-03,1.8068350189e-04,4.5699194940e-02,-5.3120709293e-05,-2.3217350121e-03,1.0054314240e-03,9.9956023366e-01,-1.0850636050e-03,1.2921138156e-02,-2.6668447922e-02,1.0000000000e+00,1.0000002030e-04,1.0000002328e-04,1.0000002039e-04,6.1411583477e-09,6.2143653280e-09,6.0791645016e-09,1.1683765134e-07,6.4343916572e-08,1.0878973986e-06
2.1000000000e-01,2.7430507213e-01,1.9372879998e-01,9.6411647272e+00,4.4901051902e-02,1.1856782981e-02,-5.4458140737e-03,7.3721651412e-03,2.9263587366e-04,4.9852509409e-02,-2.4520563459e-03,-2.4970254075e-03,2.2025709902e-03,9.9998909631e-01,-2.2220094033e-03,-2.1920792408e-04,4.1014497285e-03,8.5805137057e-03,1.6874410754e-04,4.5706952432e-02,-4.9669452339e-04,-2.0662527868e-03,1.3828015066e-03,9.9955231957e-01,-7.1320325128e-04,1.2436361253e-02,-2.7202733354e-02,1.0000000000e+00,1.0000002055e-04,1.0000002347e-04,1.0000002063e-04,6.1398424068e-09,6.2124317311e-09,6.0792090698e-09,1.1314538710e-07,6.3350973079e-08,1.0689237100e-06
2.1500000000e-01,3.3205776555e-01,1.2756001022e-01,9.5673983347e+00,3.9369713405e-02,7.6789027051e-03,-5.6352692239e-03,7.3594459652e-03,2.8198728216e-04,4.9861756225e-02,-2.5340499190e-03,-2.2552409862e-03,2.1608897838e-03,9.9998936709e-01,-2.1247724308e-03,-2.0051301660e-04,4.0878896431e-03,8.5691301878e-03,1.5828607858e-04,4.5716557054e-02,-6.3476558114e-04,-1.9644245251e-03,1.3595522374e-03,9.9954731901e-01,-4.3016568755e-04,1.1966526403e-02,-2.7600258397e-02,1.0000000000e+00,1.0000002080e-04,1.0000002366e-04,1.0000002088e-04,6.1382786730e-09,6.2094811434e-09,6.0792236002e-09,1.0965404769e-07,6.2398493605e-08,1.0506032203e-06
2.2000000000e-01,2.6459058602e-01,9.6612769130e-02,9.5916559604e+00,3.2095646905e-02,3.2498342852e-03,-7.8912743050e-03,7.3480668217e-03,2.7313670119e-04,4.9869117624e-02,-2.2718605504e-03,-1.8967058101e-03,1.7882400085e-03,9.9998961467e-01,-2.0434088760e-03,-1.9253762215e-04,4.0691482017e-03,8.5584427751e-03,1.4852206468e-04,4.5725323861e-02,-6.7616399241e-04,-1.7649093597e-03,1.1754105978e-03,9.9954561332e-01,-2.5246472561e-04,1.1572515181e-02,-2.7831278336e-02,1.0000000000e+00,1.0000002105e-04,1.0000002386e-04,1.0000002113e-04,6.1373938189e-09,6.2039906284e-09,6.0791892130e-09,1.0638388207e-07,6.1476278895e-08,1.0338189756e-06
2.2500000000e-01,3.1623620080e-01,1.3163110639e-01,9.5681868663e+00,2.7123469952e-02,-1.6953470130e-04,-1.0480185891e-02,7.3387584649e-03,2.6611975490e-04,4.9873966268e-02,-1.8630134315e-03,-1.5207466645e-03,1.2872742041e-03,9.9998985738e-01,-1.9757998147e-03,-1.9280794574e-04,4.0427942499e-03,8.5479421369e-03,1.3972845237e-04,4.5732863517e-02,-3.5315564262e-04,-1.4011213787e-03,7.5102002292e-04,9.9954398507e-01,-9.8779972376e-05,1.1198482414e-02,-2.8042933948e-02,1.0000000000e+00,1.0000002130e-04,1.0000002405e-04,1.0000002138e-04,6.1363392782e-09,6.2007645012e-09,6.0791984298e-09,1.0329114542e-07,6.0585160161e-08,1.0178629275e-06
2.3000000000e-01,2.1713081416e-01,1.0912294218e-01,9.5959191832e+00,2.2501329857e-02,4.6573136687e-03,-6.0540601335e-03,7.3331053101e-03,2.5947174116e-04,4.9877155865e-02,-1.1345801703e-03,-1.4693378281e-03,9.6002315184e-04,9.9999002591e-01,-1.9234746005e-03,-1.8433749748e-04,4.0267036210e-03,8.5407896981e-03,1.3256724189e-04,4.5738438316e-02,1.2617136131e-05,-1.2681457667e-03,4.4488088720e-04,9.9953961859e-01,7.2393494352e-05,1.0928048265e-02,-2.8304123038e-02,1.0000000000e+00,1.0000002155e-04,1.0000002425e-04,1.0000002163e-04,6.1356824741e-09,6.1948168300e-09,6.0791553386e-09,1.0040031344e-07,5.9717778383e-08,1.0035454332e-06
2.3500000000e-01,1.4903081681e-01,6.2622298637e-02,9.6742108168e+00,1.6044002350e-02,5.8272928949e-03,-7.7974028011e-03,7.3305423865e-03,2.5362183651e-04,4.9877874023e-02,-5.1914028401e-04,-1.3172896593e-03,4.6703366123e-04,9.9999016833e-01,-1.8833302851e-03,-1.7063554443e-04,4.0108848484e-03,8.5365742453e-03,1.2619520182e-04,4.5741496960e-02,3.8863904238e-04,-1.2104608394e-03,1.8176220118e-04,9.9953707641e-01,1.7870202660e-04,1.0723820795e-02,-2.8471048794e-02,1.0000000000e+00,1.0000002180e-04,1.0000002446e-04,1.0000002187e-04,6.1355741600e-09,6.1897318520e-09,6.0791089795e-09,9.7687723785e-08,5.8866211787e-08,9.9068930310e-07
2.4000000000e-01,1.2416066678e-01,7.1970793453e-02,9.6881303465e+00,1.1690179620e-02,6.8704373903e-03,-8.0683584123e-03,7.3305266851e-03,2.4863420588e-04,4.9876082188e-02,-1.1872248053e-05,-1.1415144786e-03,-3.6243831924e-05,9.9999031004e-01,-1.8525010260e-03,-1.5391326312e-04,3.9905351346e-03,8.5347240863e-03,1.2013279794e-04,4.5742702378e-02,7.9132197931e-04,-1.0628762045e-03,-1.9885169971e-04,9.9953509723e-01,2.5805143228e-04,1.0550948983e-02,-2.8604200680e-02,1.0000000000e+00,1.0000002205e-04,1.0000002466e-04,1.0000002212e-04,6.1351413927e-09,6.1855579061e-09,6.0790856224e-09,9.5137314088e-08,5.8034614156e-08,9.7893490572e-07
2.4500000000e-01,1.9278961285e-01,1.9964622423e-02,9.7351784955e+00,9.5716309127e-03,8.5811746497e-03,-1.2884958695e-02,7.3325403839e-03,2.4439658074e-04,4.9872141627e-02,3.9243160078e-04,-9.8093687348e-04,-4.6905094992e-04,9.9999046336e-01,-1.8283532412e-03,-1.3557184626e-04,3.9638283032e-03,8.5342845999e-03,1.1508591907e-04,4.5741374797e-02,1.3172422301e-03,-1.0169882456e-03,-5.2149567909e-04,9.9953526866e-01,2.8779159243e-04,1.0358027515e-02,-2.8668364928e-02,1.0000000000e+00,1.0000002230e-04,1.0000002488e-04,1.0000002237e-04,6.1349188628e-09,6.1844752620e-09,6.0790897192e-09,9.2690339552e-08,5.7218984757e-08,9.6745232331e-07
2.5000000000e-01,2.2466882182e-02,3.3217840256e-02,9.8271201934e+00,8.4075693379e-03,1.3092069309e-02,-9.9352887398e-03,7.3423908952e-03,2.3925180997e-04,4.9865118619e-02,1.9614273856e-03,-1.1683822306e-03,-1.0941355676e-03,9.9999060925e-01,-1.8060351739e-03,-9.8993286968e-05,3.9382543078e-03,8.5399816388e-03,1.0983230454e-04,4.5737392788e-02,2.1523962287e-03,-1.0717689340e-03,-8.4100312633e-04,9.9953207116e-01,3.5205813720e-04,1.0347382500e-02,-2.8782745640e-02,1.0000000000e+00,1.0000002255e-04,1.0000002509e-04,1.0000002262e-04,6.1349775515e-09,6.1794198250e-09,6.0790503535e-09,9.0358977815e-08,5.6414408363e-08,9.5743050783e-07
2.5500000000e-01,-3.8748311975e-02,-4.7087659386e-03,9.9051929700e+00,8.3831295712e-03,1.9578360245e-02,-1.2679522517e-02,7.3563811894e-03,2.3384342496e-04,4.9855925605e-02,2.7910467549e-03,-1.2174329424e-03,-1.5364771535e-03,9.9999076810e-01,-1.7839309190e-03,-4.9878019516e-05,3.9088139115e-03,8.5503968723e-03,1.0442859129e-04,4.5730865938e-02,2.8646163461e-03,-1.1911323518e-03,-1.0797266271e-03,9.9953007891e-01,3.8578972054e-04,1.0381033517e-02,-2.8839325093e-02,1.0000000000e+00,1.0000002279e-04,1.0000002530e-04,1.0000002287e-04,6.1351405132e-09,6.1755799139e-09,6.0790268651e-09,8.8160073401e-08,5.5620435616e-08,9.4846309421e-07
2.6000000000e-01,-1.3482339794e-01,4.1685356581e-02,9.9494847755e+00,1.0633417817e-02,2.3624118996e-02,-1.3704250149e-02,7.3722895200e-03,2.2839586889e-04,4.9845530928e-02,3.1763918573e-03,-1.2155023630e-03,-1.7848582580e-03,9.9999094747e-01,-1.7607128865e-03,6.6596687175e-06,3.8736053009e-03,8.5646240218e-03,9.8283643660e-05,4.5722707280e-02,3.1990974165e-03,-1.1377068892e-03,-1.2336131604e-03,9.9952689083e-01,4.4281153853e-04,1.0435383107e-02,-2.8929244760e-02,1.0000000000e+00,1.0000002304e-04,1.0000002552e-04,1.0000002312e-04,6.1349354548e-09,6.1713356506e-09,6.0790104521e-09,8.6103573057e-08,5.4841248088e-08,9.4059669090e-07
2.6500000000e-01,4.7535819378e-02,-8.8470363613e-03,1.0020080566e+01,9.7870642934e-03,2.3936736200e-02,-1.7087686493e-02,7.3887361968e-03,2.2293749696e-04,4.9834801461e-02,3.2858859029e-03,-1.2045630953e-03,-1.8594214597e-03,9.9999114845e-01,-1.7352877799e-03,6.6365456292e-05,3.8324137389e-03,8.5784220110e-03,9.2761436382e-05,4.5713003915e-02,3.7467150344e-03,-1.2301595814e-03,-1.2082832975e-03,9.9952563428e-01,4.6907420106e-04,1.0394211457e-02,-2.8987010163e-02,1.0000000000e+00,1.0000002329e-04,1.0000002575e-04,1.0000002336e-04,6.1349591372e-09,6.1729982794e-09,6.0790241560e-09,8.4091898557e-08,5.4073351404e-08,9.3230261803e-07
2.7000000000e-01,-1.6432415202e-01,-2.6669030395e-02,1.0074732494e+01,1.4073349495e-02,3.2610732233e-02,-1.7644431468e-02,7.4134761619e-03,2.1595945862e-04,4.9822603784e-02,4.9488676131e-03,-1.5078370722e-03,-2.1664422917e-03,9.9999137575e-01,-1.6994520989e-03,1.4539061341e-04,3.7867062636e-03,8.5989692498e-03,8.6406639871e-05,4.5702720850e-02,4.5683917135e-03,-1.4635879983e-03,-1.2693928443e-03,9.9952254894e-01,5.1403170618e-04,1.0561384432e-02,-2.9032173544e-02,1.0000000000e+00,1.0000002354e-04,1.0000002597e-04,1.0000002361e-04,6.1349071758e-09,6.1685534745e-09,6.0790070096e-09,8.2161938540e-08,5.3317465009e-08,9.2515864661e-07
2.7500000000e-01,-2.4191949196e-01,1.2274841908e-02,1.0061889538e+01,1.8079930828e-02,3.5165479527e-02,-2.1121951164e-02,7.4412319708e-03,2.0819199015e-04,4.9810113654e-02,5.5560099592e-03,-1.6589507540e-03,-2.2352262851e-03,9.9999162909e-01,-1.6539365070e-03,2.3587794252e-04,3.7350509798e-03,8.6239053736e-03,7.8739685696e-05,4.5692257251e-02,5.1188657872e-03,-1.5648768424e-03,-1.3570828932e-03,9.9951816657e-01,5.8495697710e-04,1.0744223532e-02,-2.9114501105e-02,1.0000000000e+00,1.0000002379e-04,1.0000002619e-04,1.0000002386e-04,6.1342497124e-09,6.1642488215e-09,6.0790006916e-09,8.0363229124e-08,5.2581453726e-08,9.1895894115e-07
2.8000000000e-01,-2.8239168199e-01,1.0671294158e-02,1.0091201899e+01,2.0812095211e-02,3.7913737422e-02,-2.4024163805e-02,7.4690200209e-03,1.9994091390e-04,4.9798314037e-02,5.5660990716e-03,-1.7457649190e-03,-2.1052451701e-03,9.9999190335e-01,-1.5996022365e-03,3.3064608997e-04,3.6776585146e-03,8.6509338027e-03,7.0609709284e-05,4.5681395932e-02,5.2677573968e-03,-1.6588638165e-03,-1.2532416817e-03,9.9951370115e-01,6.6249755635e-04,1.0901509109e-02,-2.9207523089e-02,1.0000000000e+00,1.0000002404e-04,1.0000002642e-04,1.0000002411e-04,6.1337418238e-09,6.1612231400e-09,6.0790008414e-09,7.8675923393e-08,5.1863022934e-08,9.1338115588e-07
2.8500000000e-01,4.1830773831e-02,2.3774878384e-01,1.0478123508e+01,2.5347161609e-02,3.5276182304e-02,-2.4643756420e-02,7.4951758668e-03,1.9135036562e-04,4.9787941599e-02,5.2429766372e-03,-1.8025793262e-03,-1.8263450768e-03,9.9999219249e-01,-1.5374764509e-03,4.2385100442e-04,3.6154488445e-03,8.6746819449e-03,6.1091379886e-05,4.5667196426e-02,5.8007021370e-03,-1.3366903810e-03,-2.9788536375e-04,9.9950298294e-01,8.9057920127e-04,1.0869052834e-02,-2.9577992623e-02,1.0000000000e+00,1.0000002429e-04,1.0000002665e-04,1.0000002436e-04,6.1353203713e-09,6.1692438028e-09,6.0790293016e-09,7.6919629365e-08,5.1132805450e-08,9.0639887516e-07
2.9000000000e-01,-2.3582772624e-01,1.8236490627e-01,1.0355812344e+01,3.1944546870e-02,5.2638413629e-02,-4.1125089976e-02,7.5341904925e-03,1.8636702752e-04,4.9784787956e-02,7.8220009321e-03,-1.0749830007e-03,-3.9434704398e-04,9.9999262419e-01,-1.4532190472e-03,5.5678072010e-04,3.5113681337e-03,8.7074477708e-03,5.3727196912e-05,4.5660627900e-02,7.0405518200e-03,-8.4710255457e-04,7.1918710735e-04,9.9949276506e-01,1.0367656829e-03,1.1168030173e-02,-2.9806254522e-02,1.0000000000e+00,1.0000002454e-04,1.0000002688e-04,1.0000002461e-04,6.1347801785e-09,6.1645977328e-09,6.0790219597e-09,7.5212104279e-08,5.0423130988e-08,9.0049455144e-07
2.9500000000e-01,-3.8831165586e-01,1.5283418945e-01,1.0219967187e+01,4.0748885109e-02,6.2839275940e-02,-5.2916527065e-02,7.5768652948e-03,1.8420783357e-04,4.9786750518e-02,8.5600862864e-03,-5.0073805136e-04,6.2255924746e-04,9.9999312544e-01,-1.3533499159e-03,7.1516035395e-04,3.3772857249e-03,8.7468737389e-03,4.8997158013e-05,4.5660476263e-02,7.6806942816e-03,-3.4962828406e-04,1.4767294328e-03,9.9948270818e-01,1.1776280779e-03,1.1506856589e-02,-3.0008690314e-02,1.0000000000e+00,1.0000002479e-04,1.0000002710e-04,1.0000002485e-04,6.1332746369e-09,6.1579809613e-09,6.0790195366e-09,7.3665899930e-08,4.9743664523e-08,8.9578207520e-07
3.0000000000e-01,-3.6660801184e-01,9.0455553181e-02,1.0123721821e+01,4.4461939638e-02,6.7157262188e-02,-6.1829998655e-02,7.6183317430e-03,1.8406892820e-04,4.9792232051e-02,8.3232522037e-03,-8.6720284594e-05,1.3227863955e-03,9.9999364207e-01,-1.2430335896e-03,8.8495826234e-04,3.2229702530e-03,8.7876600186e-03,4.7029206148e-05,4.5664709285e-02,7.8264795478e-03,-3.0901133730e-05,2.0098424714e-03,9.9947434846e-01,1.3010970566e-03,1.1772963042e-02,-3.0178324399e-02,1.0000000000e+00,1.0000002504e-04,1.0000002734e-04,1.0000002510e-04,6.1316967561e-09,6.1541424388e-09,6.0790141456e-09,7.2246718241e-08,4.9093053034e-08,8.9153958764e-07
3.0500000000e-01,5.7699959747e-02,4.3038171445e-01,1.0664944301e+01,4.5892503228e-02,6.7620053814e-02,-6.5456119985e-02,7.6561530443e-03,1.8527555172e-04,4.9800046441e-02,7.5979857625e-03,1.9160340393e-04,1.7870631805e-03,9.9999414014e-01,-1.1263151139e-03,1.0543108682e-03,3.0560631130e-03,8.8233671295e-03,4.4854888388e-05,4.5665604428e-02,8.3319194563e-03,8.5695387531e-04,3.5441060189e-03,9.9945771757e-01,1.6231557548e-03,1.1788206710e-02,-3.0703002210e-02,1.0000000000e+00,1.0000002529e-04,1.0000002758e-04,1.0000002535e-04,6.1340324861e-09,6.1644627354e-09,6.0790737465e-09,7.0731133765e-08,4.8425102433e-08,8.8540280376e-07
3.1000000000e-01,-2.4359453111e-01,3.2234174756e-01,1.0425174440e+01,5.8648684968e-02,8.8278003397e-02,-8.9961591063e-02,7.7078602848e-03,1.9451463719e-04,4.9819936667e-02,1.0384116943e-02,1.8124175755e-03,4.1983839636e-03,9.9999470589e-01,-9.8204587531e-04,1.2749977208e-03,2.8281016225e-03,8.8686575649e-03,4.8606254191e-05,4.5678989317e-02,9.6319533192e-03,2.0128327907e-03,5.1550263000e-03,9.9944182221e-01,1.8273428255e-03,1.2160608017e-02,-3.1061623356e-02,1.0000000000e+00,1.0000002554e-04,1.0000002781e-04,1.0000002560e-04,6.1330260767e-09,6.1597622596e-09,6.0790647551e-09,6.9252489840e-08,4.7782692019e-08,8.8019292721e-07
3.1500000000e-01,-3.2371513702e-01,2.9280502683e-01,1.0234399820e+01,6.6710790829e-02,1.0240149343e-01,-1.1111194207e-01,7.7634551881e-03,2.1016048776e-04,4.9848331794e-02,1.1169368637e-02,3.1082567566e-03,5.8994233678e-03,9.9999522790e-01,-8.2101754927e-04,1.5314391918e-03,2.5543675139e-03,8.9202138596e-03,5.8443473752e-05,4.5702407339e-02,1.0463930246e-02,3.2009184217e-03,6.4507240615e-03,9.9942575834e-01,2.0203605447e-03,1.2553328796e-02,-3.1408369179e-02,1.0000000000e+00,1.0000002579e-04,1.0000002804e-04,1.0000002585e-04,6.1310355380e-09,6.1541225758e-09,6.0790540694e-09,6.7907951079e-08,4.7173338715e-08,8.7580770619e-07
3.2000000000e-01,-3.3196378311e-01,2.1973526282e-01,1.0057726310e+01,6.9178524831e-02,1.0893872036e-01,-1.2388104294e-01,7.8176236038e-03,2.3099003747e-04,4.9882131627e-02,1.0890287499e-02,4.1573603782e-03,6.9815255942e-03,9.9999563002e-01,-6.5175979375e-04,1.8072143916e-03,2.2470250544e-03,8.9739418706e-03,7.4452828914e-05,4.5733374345e-02,1.0596882268e-02,4.1580126535e-03,7.2705167620e-03,9.9941134811e-01,2.1947497877e-03,1.2877894337e-02,-3.1722234692e-02,1.0000000000e+00,1.0000002604e-04,1.0000002827e-04,1.0000002610e-04,6.1287838649e-09,6.1495869393e-09,6.0790357290e-09,6.6689796893e-08,4.6596930238e-08,8.7192638539e-07
3.2500000000e-01,-5.8647734553e-02,2.7874374481e-01,1.0412018442e+01,6.9335328020e-02,1.1236495085e-01,-1.3373713331e-01,7.8676139488e-03,2.5603164746e-04,4.9918739427e-02,1.0059476929e-02,5.0094326140e-03,7.5439845776e-03,9.9999587149e-01,-4.8050145292e-04,2.0874695724e-03,1.9153588937e-03,9.0238390859e-03,9.4824844880e-05,4.5764032730e-02,1.0704494684e-02,5.1203466273e-03,8.6151077250e-03,9.9939701251e-01,2.4017897536e-03,1.3029563927e-02,-3.2094754347e-02,1.0000000000e+00,1.0000002629e-04,1.0000002851e-04,1.0000002635e-04,6.1296195496e-09,6.1545856353e-09,6.0790436054e-09,6.5453655096e-08,4.6016898549e-08,8.6708169380e-07
3.3000000000e-01,-2.6623223650e-01,2.6564680966e-01,1.0192268089e+01,7.7021879515e-02,1.2818036558e-01,-1.4815714349e-01,7.9265258570e-03,2.8664505398e-04,4.9964408855e-02,1.1849998071e-02,6.1376302566e-03,9.3581689563e-03,9.9999587045e-01,-2.9010212075e-04,2.4063374443e-03,1.5441719507e-03,9.0793533951e-03,1.2030493332e-04,4.5804998301e-02,1.1436215176e-02,6.1786886485e-03,9.8249582347e-03,9.9937848972e-01,2.6063302201e-03,1.3424500051e-02,-3.2490369807e-02,1.0000000000e+00,1.0000002654e-04,1.0000002874e-04,1.0000002660e-04,6.1283124940e-09,6.1505346072e-09,6.0790364513e-09,6.4259205817e-08,4.5460244058e-08,8.6289801553e-07
3.3500000000e-01,-2.7374292116e-01,2.4210902874e-01,1.0032234462e+01,8.0117341742e-02,1.3714438103e-01,-1.6113248373e-01,7.9869577383e-03,3.2227950325e-04,5.0016016580e-02,1.2159845501e-02,7.1542375970e-03,1.0548222502e-02,9.9999556590e-01,-8.9620486907e-05,2.7495062764e-03,1.1403377736e-03,9.1377879974e-03,1.5118391333e-04,4.5853452647e-02,1.1899237264e-02,7.1605130524e-03,1.0709506762e-02,9.9935928097e-01,2.8115147206e-03,1.3810678166e-02,-3.2899666965e-02,1.0000000000e+00,1.0000002679e-04,1.0000002898e-04,1.0000002685e-04,6.1265400802e-09,6.1469102575e-09,6.0790296903e-09,6.3153302138e-08,4.4930644692e-08,8.5910985973e-07
3.4000000000e-01,-2.9995889940e-01,3.2363163914e-01,9.8267457238e+00,8.1800997040e-02,1.4117178485e-01,-1.7109993656e-01,8.0449598053e-03,3.6238799386e-04,5.0070769887e-02,1.1678930088e-02,8.0586784889e-03,1.1178757270e-02,9.9999492827e-01,1.1399659643e-04,3.1025947889e-03,7.1017140128e-04,9.1969746281e-03,1.8635961084e-04,4.5907673509e-02,1.1747959380e-02,8.2492495803e-03,1.1039352536e-02,9.9933664137e-01,3.0733264446e-03,1.4144802303e-02,-3.3417906190e-02,1.0000000000e+00,1.0000002704e-04,1.0000002921e-04,1.0000002709e-04,6.1244592320e-09,6.1430218475e-09,6.0790412137e-09,6.2142982191e-08,4.4432286945e-08,8.5566620156e-07
3.4500000000e-01,-1.3657104423e-01,1.7780379191e-01,9.9921374588e+00,8.2060830502e-02,1.3768824128e-01,-1.8637854303e-01,8.0977365074e-03,4.0928123294e-04,5.0125124268e-02,1.0640460367e-02,9.4260785569e-03,1.1098722448e-02,9.9999397371e-01,3.2259186308e-04,3.4481800027e-03,2.4194772449e-04,9.2521619864e-03,2.2833496896e-04,4.5960816798e-02,1.1372305917e-02,9.1953946033e-03,1.1433767058e-02,9.9932140973e-01,3.2258508172e-03,1.4352172650e-02,-3.3768759095e-02,1.0000000000e+00,1.0000002729e-04,1.0000002945e-04,1.0000002734e-04,6.1241637154e-09,6.1445293361e-09,6.0790235575e-09,6.1153167891e-08,4.3941636372e-08,8.5182372616e-07
3.5000000000e-01,-1.9063336982e-01,1.8961284790e-01,9.9232704071e+00,9.3250325269e-02,1.4249954021e-01,-1.9924591871e-01,8.1533963599e-03,4.6007701808e-04,5.0182752329e-02,1.1221045656e-02,1.0216973793e-02,1.1753639071e-02,9.9999257733e-01,5.5109064082e-04,3.8044791288e-03,-2.5984624687e-04,9.3077413762e-03,2.7478981143e-04,4.6017343030e-02,1.1483591251e-02,1.0070611100e-02,1.1854698118e-02,9.9930170119e-01,3.4272930849e-03,1.4655624323e-02,-3.4199069243e-02,1.0000000000e+00,1.0000002754e-04,1.0000002969e-04,1.0000002759e-04,6.1234144186e-09,6.1432379941e-09,6.0790187558e-09,6.0180979299e-08,4.3463836554e-08,8.4811681438e-07
3.5500000000e-01,-2.2134453063e-01,1.6684567300e-01,9.7706285082e+00,9.4962281560e-02,1.4204971218e-01,-2.1387468441e-01,8.2083298031e-03,5.1476400428e-04,5.0241615354e-02,1.1081602454e-02,1.1006043574e-02,1.1999251743e-02,9.9999071367e-01,7.8976442860e-04,4.1614300065e-03,-7.9457917913e-04,9.3636935541e-03,3.2568462098e-04,4.6077101451e-02,1.1382140669e-02,1.0847231250e-02,1.1871429774e-02,9.9928046983e-01,3.6318046310e-03,1.4951855481e-02,-3.4666909706e-02,1.0000000000e+00,1.0000002779e-04,1.0000002992e-04,1.0000002784e-04,6.1220473455e-09,6.1405775439e-09,6.0790129884e-09,5.9266327813e-08,4.3006121995e-08,8.4467604737e-07
3.6000000000e-01,-2.0764573931e-01,2.1809703809e-01,9.6535895291e+00,9.7784911795e-02,1.3847612759e-01,-2.2342769845e-01,8.2600671408e-03,5.7319777830e-04,5.0299819278e-02,1.0447719847e-02,1.1762931818e-02,1.1864859021e-02,9.9998838099e-01,1.0313038292e-03,4.5097886812e-03,-1.3550276000e-03,9.4179701308e-03,3.8014410433e-04,4.6137687329e-02,1.0992759002e-02,1.1702371306e-02,1.1566802494e-02,9.9925699997e-01,3.8705461694e-03,1.5197810306e-02,-3.5206440441e-02,1.0000000000e+00,1.0000002804e-04,1.0000003016e-04,1.0000002809e-04,6.1206321172e-09,6.1384470287e-09,6.0790163624e-09,5.8406877351e-08,4.2568938089e-08,8.4137759346e-07
3.6500000000e-01,-1.4453723908e-01,1.7900918662e-01,9.7477254711e+00,9.5980465595e-02,1.3218523818e-01,-2.3300641545e-01,8.3073603926e-03,6.3531231813e-04,5.0355771210e-02,9.5637321073e-03,1.2503901281e-02,1.1410661802e-02,9.9998559944e-01,1.2703540660e-03,4.8413466496e-03,-1.9360988223e-03,9.4687332569e-03,4.3906845369e-04,4.6195404779e-02,1.0432253985e-02,1.2392821380e-02,1.1351526731e-02,9.9923397698e-01,4.0943474773e-03,1.5374690603e-02,-3.5753523700e-02,1.0000000000e+00,1.0000002829e-04,1.0000003040e-04,1.0000002834e-04,6.1203278567e-09,6.1387176987e-09,6.0790171205e-09,5.7568215957e-08,4.2139313194e-08,8.3793939828e-07
3.7000000000e-01,-1.9423692410e-01,1.6517185595e-01,9.6645554446e+00,1.0088963867e-01,1.2942184354e-01,-2.3743592870e-01,8.3539894772e-03,7.0125934059e-04,5.0410270765e-02,9.4299086422e-03,1.3271995302e-02,1.1118222880e-02,9.9998230240e-01,1.5195611109e-03,5.1640461856e-03,-2.5334667951e-03,9.5179490142e-03,5.0164132192e-04,4.6252818812e-02,1.0036762737e-02,1.3103877665e-02,1.0929124716e-02,9.9921047925e-01,4.3150244436e-03,1.5589962748e-02,-3.6287074569e-02,1.0000000000e+00,1.0000002854e-04,1.0000003064e-04,1.0000002859e-04,6.1195577753e-09,6.1370480259e-09,6.0790130952e-09,5.6756621775e-08,4.1722493961e-08,8.3469648311e-07
3.7500000000e-01,-1.9872085510e-01,1.0631250298e-01,9.6321996747e+00,1.0042073947e-01,1.2399453361e-01,-2.4297546322e-01,8.3980165958e-03,7.6977066823e-04,5.0462281837e-02,8.9098539733e-03,1.3785805933e-02,1.0617072420e-02,9.9997852803e-01,1.7689206505e-03,5.4715596708e-03,-3.1426797337e-03,9.5650018822e-03,5.6795881652e-04,4.6308271126e-02,9.5543287778e-03,1.3573128705e-02,1.0394849475e-02,9.9918671497e-01,4.5256005703e-03,1.5786840205e-02,-3.6826664830e-02,1.0000000000e+00,1.0000002879e-04,1.0000003088e-04,1.0000002884e-04,6.1189184463e-09,6.1356278248e-09,6.0790078004e-09,5.5977850457e-08,4.1316425223e-08,8.3159125100e-07
3.8000000000e-01,-1.8914525818e-01,1.3577995983e-01,9.6013479076e+00,1.0001403228e-01,1.1469523250e-01,-2.4665856625e-01,8.4383406739e-03,8.4037745767e-04,5.0510897072e-02,8.1701903178e-03,1.4204968723e-02,9.9332597772e-03,9.9997432667e-01,2.0119512745e-03,5.7581113484e-03,-3.7606124253e-03,9.6090311197e-03,6.3641184180e-04,4.6361012172e-02,8.9426920433e-03,1.4059574597e-02,9.7090387063e-03,9.9916151426e-01,4.7522757560e-03,1.5940881317e-02,-3.7410862158e-02,1.0000000000e+00,1.0000002904e-04,1.0000003112e-04,1.0000002909e-04,6.1182667175e-09,6.1346053476e-09,6.0790081021e-09,5.5228600734e-08,4.0921040730e-08,8.2855946370e-07
3.8500000000e-01,-9.8371910463e-02,1.2297746232e-01,9.6552321215e+00,9.4082192773e-02,1.0461020722e-01,-2.5018706595e-01,8.4744119420e-03,9.1295513694e-04,5.0555392524e-02,7.3208640192e-03,1.4598482296e-02,9.1037428717e-03,9.9996975151e-01,2.2445669695e-03,6.0189709588e-03,-4.3851983283e-03,9.6486728415e-03,7.0737598222e-04,4.6409424672e-02,8.3683930754e-03,1.4441460582e-02,9.0355813887e-03,9.9913644984e-01,4.9642840982e-03,1.6027012200e-02,-3.8011121711e-02,1.0000000000e+00,1.0000002929e-04,1.0000003136e-04,1.0000002934e-04,6.1180682300e-09,6.1353639129e-09,6.0790145928e-09,5.4488914657e-08,4.0531473577e-08,8.2530541310e-07
3.9000000000e-01,-1.8068522772e-01,6.1044133389e-02,9.5908014236e+00,9.4142249632e-02,9.7118967480e-02,-2.4962795787e-01,8.5094001714e-03,9.8735872559e-04,5.0597325241e-02,7.1012499819e-03,1.4961475811e-02,8.5867762885e-03,9.9996474771e-01,2.4781775510e-03,6.2624093084e-03,-5.0143999560e-03,9.6869133022e-03,7.8061693670e-04,4.6455521958e-02,7.8420137608e-03,1.4697647248e-02,8.3350604502e-03,9.9911243829e-01,5.1494855653e-03,1.6145163137e-02,-3.8563611962e-02,1.0000000000e+00,1.0000002953e-04,1.0000003160e-04,1.0000002959e-04,6.1175563631e-09,6.1336263160e-09,6.0790093923e-09,5.3772488029e-08,4.0151564059e-08,8.2228056587e-07
3.9500000000e-01,-1.3813033614e-01,7.1190100337e-02,9.5847247453e+00,9.1746519106e-02,8.8880895184e-02,-2.5208521633e-01,8.5419762076e-03,1.0628340345e-03,5.0636052415e-02,6.6173807743e-03,1.5173832978e-02,7.9403272780e-03,9.9995937133e-01,2.7055812732e-03,6.4852658159e-03,-5.6459577457e-03,9.7221802694e-03,8.5508282807e-04,4.6498268889e-02,7.4293617938e-03,1.4933239368e-02,7.6529035469e-03,9.9908764290e-01,5.3351846024e-03,1.6232731282e-02,-3.9139699134e-02,1.0000000000e+00,1.0000002978e-04,1.0000003184e-04,1.0000002984e-04,6.1171087988e-09,6.1330773832e-09,6.0790114386e-09,5.3075481814e-08,3.9779889106e-08,8.1926077874e-07
4.0000000000e-01,-1.2833268706e-01,3.5561211785e-01,9.4840199000e+00,8.6931442527e-02,7.9687162427e-02,-2.5037287561e-01,8.5713820141e-03,1.1392058525e-03,5.0671025498e-02,5.9827569071e-03,1.5351152340e-02,7.1834934000e-03,9.9995367765e-01,2.9224072990e-03,6.6845711151e-03,-6.2784226119e-03,9.7547306899e-03,9.2865082144e-04,4.6538391508e-02,6.9400174682e-03,1.5675427480e-02,6.7326729818e-03,9.9905468856e-01,5.6311825635e-03,1.6276278476e-02,-3.9913679368e-02,1.0000000000e+00,1.0000003003e-04,1.0000003208e-04,1.0000003008e-04,6.1159886008e-09,6.1322090887e-09,6.0790272974e-09,5.2405055414e-08,3.9422499562e-08,8.1629370192e-07
4.0500000000e-01,-8.9424551105e-02,2.3421687877e-01,9.5907748720e+00,7.8415824153e-02,6.7048604341e-02,-2.5900571262e-01,8.5973006878e-03,1.2221341509e-03,5.0700097924e-02,5.2878165806e-03,1.6662800910e-02,5.9970230550e-03,9.9994768376e-01,3.1139414099e-03,6.8526073196e-03,-6.9263911634e-03,9.7840794775e-03,1.0075702322e-03,4.6572288973e-02,6.3902322626e-03,1.6513185821e-02,5.8550895364e-03,9.9902996789e-01,5.7998342001e-03,1.6269452584e-02,-4.0506667329e-02,1.0000000000e+00,1.0000003028e-04,1.0000003232e-04,1.0000003033e-04,6.1159505553e-09,6.1325831207e-09,6.0790297507e-09,5.1743222152e-08,3.9070401653e-08,8.1323839044e-07
4.1000000000e-01,-1.3274789757e-01,1.3499778280e-01,9.5722441544e+00,7.6511121918e-02,5.9049896099e-02,-2.6238836622e-01,8.6222707231e-03,1.3080125532e-03,5.0725771516e-02,5.0959512377e-03,1.7250537462e-02,5.3115009651e-03,9.9994130609e-01,3.3003363615e-03,6.9982372896e-03,-7.5839856986e-03,9.8118328012e-03,1.0910631778e-03,4.6602452266e-02,5.9587495965e-03,1.7007008971e-02,5.0587731395e-03,9.9900525831e-01,5.9433386646e-03,1.6280479328e-02,-4.1086695967e-02,1.0000000000e+00,1.0000003053e-04,1.0000003256e-04,1.0000003058e-04,6.1157148318e-09,6.1315263631e-09,6.0790187929e-09,5.1096087777e-08,3.8723386951e-08,8.1033925547e-07
4.1500000000e-01,-1.4283749717e-01,1.0692142686e-01,9.5644811269e+00,7.3038673328e-02,4.7338437317e-02,-2.6649947526e-01,8.6454951259e-03,1.3953180200e-03,5.0747742030e-02,4.7467877357e-03,1.7535392258e-02,4.5643747636e-03,9.9993456404e-01,3.4772463468e-03,7.1209875530e-03,-8.2503293555e-03,9.8377038664e-03,1.1769826753e-03,4.6628834012e-02,5.5535716960e-03,1.7314868421e-02,4.2772167837e-03,9.9897920106e-01,6.0832762136e-03,1.6272044188e-02,-4.1698563328e-02,1.0000000000e+00,1.0000003078e-04,1.0000003280e-04,1.0000003083e-04,6.1154487919e-09,6.1305249388e-09,6.0790140307e-09,5.0467818405e-08,3.8381927497e-08,8.0756444831e-07
4.2000000000e-01,-1.8245354236e-01,5.9364674106e-02,9.5801496790e+00,6.8340351145e-02,3.8604562692e-02,-2.6928579118e-01,8.6662165605e-03,1.4836205940e-03,5.0765675525e-02,4.2464233900e-03,1.7734161114e-02,3.7501998522e-03,9.9992750985e-01,3.6422775204e-03,7.2196178358e-03,-8.9210973376e-03,9.8617718708e-03,1.2646528098e-03,4.6651103440e-02,5.0064989086e-03,1.7464794808e-02,3.5080710130e-03,9.9895312974e-01,6.2015945885e-03,1.6250378036e-02,-4.2309691696e-02,1.0000000000e+00,1.0000003103e-04,1.0000003304e-04,1.0000003108e-04,6.1153138816e-09,6.1293347108e-09,6.0790095267e-09,4.9860075119e-08,3.8045286550e-08,8.0496513944e-07
4.2500000000e-01,-1.5940563250e-01,5.2841351987e-02,9.6944610064e+00,6.2744232636e-02,2.8581350605e-02,-2.6827614517e-01,8.6840085038e-03,1.5728270693e-03,5.0779331536e-02,3.6608067631e-03,1.7914144376e-02,2.8878259096e-03,9.9992018729e-01,3.7940843067e-03,7.2929738447e-03,-9.5935661249e-03,9.8827894391e-03,1.3532327951e-03,4.6668206693e-02,4.4854984904e-03,1.7609384689e-02,2.9046004947e-03,9.9892759671e-01,6.2997271512e-03,1.6195125834e-02,-4.2914891065e-02,1.0000000000e+00,1.0000003128e-04,1.0000003328e-04,1.0000003133e-04,6.1156184636e-09,6.1295153464e-09,6.0790106523e-09,4.9258965484e-08,3.7709102342e-08,8.0236429609e-07
4.3000000000e-01,-1.6011948111e-01,1.3242700010e-02,9.6401317492e+00,6.5623020745e-02,2.2658384129e-02,-2.6927206723e-01,8.7014607927e-03,1.6622944718e-03,5.0790595831e-02,3.5898325901e-03,1.7963144543e-02,2.4038499716e-03,9.9991245863e-01,3.9540510864e-03,7.3485454316e-03,-1.0268370326e-02,9.9021091497e-03,1.4426707063e-03,4.6683140541e-02,4.2261976962e-03,1.7617049530e-02,2.2664961787e-03,9.9890226592e-01,6.3942769292e-03,1.6153610329e-02,-4.3502152047e-02,1.0000000000e+00,1.0000003153e-04,1.0000003352e-04,1.0000003158e-04,6.1153853885e-09,6.1288018489e-09,6.0790124129e-09,4.8668858952e-08,3.7378848693e-08,7.9981951505e-07
4.3500000000e-01,-1.2673852175e-01,-2.6123885827e-03,9.6412820464e+00,6.6904144550e-02,1.4161305782e-02,-2.6920225063e-01,8.7175296809e-03,1.7511223563e-03,5.0799279244e-02,3.3110267730e-03,1.7832723071e-02,1.8816750201e-03,9.9990440793e-01,4.1133729137e-03,7.3866847059e-03,-1.0940386248e-02,9.9198066018e-03,1.5321299573e-03,4.6695087677e-02,4.0151573074e-03,1.7500332378e-02,1.6986343368e-03,9.9887634583e-01,6.4962525784e-03,1.6081195955e-02,-4.4104870367e-02,1.0000000000e+00,1.0000003178e-04,1.0000003376e-04,1.0000003183e-04,6.1151591397e-09,6.1285361501e-09,6.0790168314e-09,4.8091096462e-08,3.7054130026e-08,7.9724215444e-07
4.4000000000e-01,-1.1213535750e-01,1.4216532132e-02,9.6366117775e+00,6.2619933597e-02,9.1725117310e-03,-2.6599455588e-01,8.7315976093e-03,1.8391651763e-03,5.0805191426e-02,2.9090596714e-03,1.7673601054e-02,1.3212665036e-03,9.9989610425e-01,4.2663167117e-03,7.4071715092e-03,-1.1606595223e-02,9.9359590745e-03,1.6208795259e-03,4.6704222223e-02,3.7152174857e-03,1.7383879051e-02,1.1256245779e-03,9.9884970420e-01,6.5982358697e-03,1.5982477201e-02,-4.4724625457e-02,1.0000000000e+00,1.0000003203e-04,1.0000003401e-04,1.0000003208e-04,6.1148265505e-09,6.1282212738e-09,6.0790189216e-09,4.7527084477e-08,3.6735392651e-08,7.9466109984e-07
4.4500000000e-01,-7.0263588603e-02,-2.4128743331e-02,9.7237960515e+00,5.8218109064e-02,3.1764823575e-04,-2.6275696241e-01,8.7433603604e-03,1.9265788139e-03,5.0808194627e-02,2.4463788980e-03,1.7545914867e-02,7.3327352123e-04,9.9988760128e-01,4.4091856185e-03,7.4097282217e-03,-1.2265391156e-02,9.9499327267e-03,1.7094008282e-03,4.6709569102e-02,3.3914746014e-03,1.7173034089e-02,7.1088120998e-04,9.9882453344e-01,6.6754217981e-03,1.5842467712e-02,-4.5321147018e-02,1.0000000000e+00,1.0000003228e-04,1.0000003425e-04,1.0000003233e-04,6.1150112356e-09,6.1287206375e-09,6.0790264473e-09,4.6967656222e-08,3.6418595965e-08,7.9196931715e-07
4.5000000000e-01,-1.4335545169e-01,-7.4568133568e-02,9.6839224688e+00,6.4473893651e-02,-4.9329204964e-03,-2.6106448221e-01,8.7556825387e-03,2.0116909820e-03,5.0810793318e-02,2.5546823302e-03,1.7081992422e-02,6.4686103501e-04,9.9987874823e-01,4.5631365601e-03,7.4032148965e-03,-1.2917392336e-02,9.9638664614e-03,1.7967683922e-03,4.6713990573e-02,3.1736901431e-03,1.6721079071e-02,4.2106442329e-04,9.9879915609e-01,6.7655224188e-03,1.5736512100e-02,-4.5900279899e-02,1.0000000000e+00,1.0000003253e-04,1.0000003449e-04,1.0000003258e-04,6.1148646062e-09,6.1273678217e-09,6.0790265572e-09,4.6421733403e-08,3.6107038105e-08,7.8946203369e-07
4.5500000000e-01,-1.3671899610e-01,-1.0770110589e-01,9.6847415741e+00,6.3439630866e-02,-5.7145561952e-03,-2.5037115495e-01,8.7666859028e-03,2.0930262876e-03,5.0812683227e-02,2.2848156278e-03,1.6318876539e-02,5.0040794195e-04,9.9986983744e-01,4.7174912956e-03,7.3900203485e-03,-1.3544041436e-02,9.9766075582e-03,1.8817234521e-03,4.6717237492e-02,2.9265754379e-03,1.6010088865e-02,2.1879712812e-04,9.9877321337e-01,6.8655532989e-03,1.5625686500e-02,-4.6484087139e-02,1.0000000000e+00,1.0000003278e-04,1.0000003473e-04,1.0000003283e-04,6.1147476319e-09,6.1265356425e-09,6.0790313164e-09,4.5891765810e-08,3.5800320212e-08,7.8702640970e-07
4.6000000000e-01,-7.6197494755e-02,-6.5893579545e-02,9.6973626307e+00,6.1678198822e-02,-7.7206514914e-03,-2.3941548701e-01,8.7763681960e-03,2.1706542250e-03,5.0813751493e-02,2.0153423780e-03,1.5570699277e-02,3.3121790208e-04,9.9986095308e-01,4.8657430111e-03,7.3704083213e-03,-1.4144827248e-02,9.9874947454e-03,1.9628664716e-03,4.6719383432e-02,2.7863571672e-03,1.5342026650e-02,5.8594395764e-05,9.9874651415e-01,6.9798644615e-03,1.5491905187e-02,-4.7081661472e-02,1.0000000000e+00,1.0000003303e-04,1.0000003497e-04,1.0000003308e-04,6.1144505466e-09,6.1266613433e-09,6.0790337869e-09,4.5370457168e-08,3.5498557968e-08,7.8452661152e-07
4.6500000000e-01,-1.7585473789e-02,-1.3071028927e-01,9.8051424751e+00,5.7372188761e-02,-1.1619133900e-02,-2.3687109194e-01,8.7855842424e-03,2.2463393249e-03,5.0813847346e-02,1.9202574848e-03,1.5181606786e-02,1.3093451830e-04,9.9985192668e-01,5.0052864544e-03,7.3435975293e-03,-1.4735786193e-02,9.9972475816e-03,2.0416314337e-03,4.6719577753e-02,2.7762074706e-03,1.4701724866e-02,8.0150917191e-05,9.9872427636e-01,7.0375567748e-03,1.5337347803e-02,-4.7592629300e-02,1.0000000000e+00,1.0000003328e-04,1.0000003521e-04,1.0000003333e-04,6.1148698308e-09,6.1275953805e-09,6.0790491098e-09,4.4847077145e-08,3.5197786760e-08,7.8183126053e-07
4.7000000000e-01,-7.9638276145e-02,-1.1171257413e-01,9.7609494987e+00,6.3260802491e-02,-1.0440175084e-02,-2.3282670851e-01,8.7965292227e-03,2.3174140725e-03,5.0815506772e-02,2.2634563417e-03,1.4258474749e-02,4.3776722464e-04,9.9984259906e-01,5.1582426531e-03,7.3177783174e-03,-1.5317302532e-02,1.0008234068e-02,2.1165344711e-03,4.6720959518e-02,2.8565783195e-03,1.3935578931e-02,1.9281622042e-04,9.9869984297e-01,7.1351676911e-03,1.5222635311e-02,-4.8124675608e-02,1.0000000000e+00,1.0000003353e-04,1.0000003546e-04,1.0000003358e-04,6.1145768166e-09,6.1266225325e-09,6.0790456160e-09,4.4334546799e-08,3.4901989289e-08,7.7928681762e-07
4.7500000000e-01,-4.9550990644e-02,-2.0671490955e-02,9.7184666151e+00,6.4404428912e-02,-9.2333971560e-03,-2.2773240798e-01,8.8079468144e-03,2.3854370582e-03,5.0817978965e-02,2.3556867406e-03,1.3647603791e-02,5.9482160401e-04,9.9983303797e-01,5.3162837427e-03,7.2937904914e-03,-1.5888169610e-02,1.0019323976e-02,2.1872049252e-03,4.6723388029e-02,3.0120147726e-03,1.3432164358e-02,2.4965572201e-04,9.9867381512e-01,7.2570670587e-03,1.5102493864e-02,-4.8681214622e-02,1.0000000000e+00,1.0000003378e-04,1.0000003570e-04,1.0000003383e-04,6.1137992293e-09,6.1260911568e-09,6.0790366670e-09,4.3836603330e-08,3.4613737169e-08,7.7682172882e-07
4.8000000000e-01,-9.5787721065e-02,7.4626386072e-03,9.6935945934e+00,6.3669373363e-02,-8.9078938118e-03,-2.2471183828e-01,8.8191258592e-03,2.4515510390e-03,5.0820609673e-02,2.3058109431e-03,1.3265384842e-02,6.2129830385e-04,9.9982330349e-01,5.4731133383e-03,7.2713676207e-03,-1.6447919034e-02,1.0031241000e-02,2.2552924177e-03,4.6726274637e-02,2.9515716886e-03,1.3062138236e-02,2.4283355581e-04,9.9864789109e-01,7.3792200895e-03,1.4985737110e-02,-4.9227679337e-02,1.0000000000e+00,1.0000003403e-04,1.0000003594e-04,1.0000003407e-04,6.1131523625e-09,6.1249160868e-09,6.0790266411e-09,4.3356998580e-08,3.4332751979e-08,7.7454725774e-07
4.8500000000e-01,1.3184574171e-02,2.5813939603e-03,9.7710111277e+00,6.2385952304e-02,-1.0826748911e-02,-2.1996418173e-01,8.8296960649e-03,2.5165360819e-03,5.0822897742e-02,2.1819198186e-03,1.3039076347e-02,5.4778228128e-04,9.9981344881e-01,5.6240912651e-03,7.2498100336e-03,-1.6996394870e-02,1.0041712204e-02,2.3219227209e-03,4.6728181620e-02,3.0618134711e-03,1.2742960297e-02,3.4060996138e-04,9.9862379333e-01,7.4851483083e-03,1.4832658141e-02,-4.9744187526e-02,1.0000000000e+00,1.0000003428e-04,1.0000003618e-04,1.0000003432e-04,6.1131015703e-09,6.1257835321e-09,6.0790350284e-09,4.2879900769e-08,3.4054692512e-08,7.7209917612e-07
4.9000000000e-01,-5.5499253578e-02,-3.5761422279e-02,9.7677160964e+00,6.9732485103e-02,-6.8809140018e-03,-2.1740788484e-01,8.8425757665e-03,2.5796797406e-03,5.0826419994e-02,2.6420141595e-03,1.2668804658e-02,7.9056425455e-04,9.9980323176e-01,5.7900684257e-03,7.2351913710e-03,-1.7539237933e-02,1.0054098886e-02,2.3870609889e-03,4.6730983065e-02,3.2394422243e-03,1.2327994763e-02,5.2321618489e-04,9.9860076063e-01,7.5975730930e-03,1.4727758498e-02,-5.0218431773e-02,1.0000000000e+00,1.0000003453e-04,1.0000003642e-04,1.0000003457e-04,6.1130003229e-09,6.1249374973e-09,6.0790333525e-09,4.2410687547e-08,3.3780526446e-08,7.6977760270e-07
4.9500000000e-01,-5.9985123976e-02,3.3690142541e-02,9.7065934194e+00,6.9888830228e-02,-1.3769217998e-03,-2.1409664287e-01,8.8563689175e-03,2.6409521679e-03,5.0830835666e-02,2.8227637997e-03,1.2292932246e-02,9.6527387496e-04,9.9979279596e-01,5.9604068620e-03,7.2277427465e-03,-1.8072034574e-02,1.0067402660e-02,2.4496761193e-03,4.6735278650e-02,3.4160405286e-03,1.2069500158e-02,5.8336665670e-04,9.9857558391e-01,7.7325809400e-03,1.4637781075e-02,-5.0722241431e-02,1.0000000000e+00,1.0000003478e-04,1.0000003667e-04,1.0000003482e-04,6.1123611563e-09,6.1239771014e-09,6.0790268245e-09,4.1957074106e-08,3.3513195108e-08,7.6758609666e-07
5.0000000000e-01,-9.1793322066e-02,1.2384742116e-02,9.6996146326e+00,6.9081705020e-02,-1.6808494625e-04,-2.0910732969e-01,8.8702685606e-03,2.7005542034e-03,5.0835812900e-02,2.8418701787e-03,1.1957274880e-02,1.0736983301e-03,9.9978225729e-01,6.1277126920e-03,7.2267210530e-03,-1.8592031963e-02,1.0081629458e-02,2.5110397990e-03,4.6740036618e-02,3.4266287505e-03,1.1724037219e-02,6.6048288628e-04,9.9855083284e-01,7.8645578808e-03,1.4552722976e-02,-5.1211338671e-02,1.0000000000e+00,1.0000003503e-04,1.0000003691e-04,1.0000003507e-04,6.1119854260e-09,6.1229008088e-09,6.0790227295e-09,4.1518989581e-08,3.3251400847e-08,7.6553909011e-07
5.0500000000e-01,9.9633201057e-03,-7.2028232570e-02,9.8488651727e+00,6.4545820783e-02,1.1965956918e-03,-2.0135233253e-01,8.8838436482e-03,2.7587098854e-03,5.0841088773e-02,2.7745401162e-03,1.1666321847e-02,1.1296508926e-03,9.9977170831e-01,6.2869874912e-03,7.2310794979e-03,-1.9097553212e-02,1.0094850499e-02,2.5715618163e-03,4.6743632729e-02,3.5742317433e-03,1.1219022282e-02,1.0089899043e-03,9.9853002991e-01,7.9526847818e-03,1.4442931480e-02,-5.1632701860e-02,1.0000000000e+00,1.0000003528e-04,1.0000003715e-04,1.0000003532e-04,6.1125461716e-09,6.1239878965e-09,6.0790383337e-09,4.1079010846e-08,3.2988855224e-08,7.6328325892e-07
5.1000000000e-01,-2.1987516966e-02,-2.0108387085e-02,9.7594918219e+00,6.9147112239e-02,5.6943082632e-03,-1.9720536583e-01,8.8998980509e-03,2.8136168861e-03,5.0848807783e-02,3.2685440860e-03,1.1014857206e-02,1.6148086500e-03,9.9976094857e-01,6.4555499304e-03,7.2473167279e-03,-1.9592038950e-02,1.0109770642e-02,2.6288878241e-03,4.6750176278e-02,3.8726419318e-03,1.0730576013e-02,1.2687388261e-03,9.9850676541e-01,8.0783836615e-03,1.4370184521e-02,-5.2081445254e-02,1.0000000000e+00,1.0000003553e-04,1.0000003740e-04,1.0000003557e-04,6.1120912188e-09,6.1233225643e-09,6.0790363715e-09,4.0647312316e-08,3.2731713737e-08,7.6109804254e-07
5.1500000000e-01,-7.8815721318e-02,7.3127389873e-03,9.7459304702e+00,6.7961966065e-02,1.1905966174e-02,-1.9151890992e-01,8.9170713471e-03,2.8658597416e-03,5.0858494785e-02,3.4901636493e-03,1.0480322822e-02,2.0051339948e-03,9.9975010871e-01,6.6254060459e-03,7.2752069289e-03,-2.0072256611e-02,1.0126568352e-02,2.6834552026e-03,4.6758420467e-02,4.0159108174e-03,1.0273903470e-02,1.5853055178e-03,9.9848255367e-01,8.2146697844e-03,1.4324087876e-02,-5.2535033309e-02,1.0000000000e+00,1.0000003578e-04,1.0000003764e-04,1.0000003582e-04,6.1116274960e-09,6.1221352665e-09,6.0790275242e-09,4.0230310914e-08,3.2479940649e-08,7.5910297724e-07
5.2000000000e-01,-6.5631741236e-02,4.7576754486e-02,9.7273496272e+00,6.7238201142e-02,1.5771729919e-02,-1.8583113479e-01,8.9346043844e-03,2.9158909229e-03,5.0869704750e-02,3.5596959513e-03,1.0036127185e-02,2.3065807109e-03,9.9973929273e-01,6.7909367877e-03,7.3137144948e-03,-2.0536293034e-02,1.0143798807e-02,2.7354929584e-03,4.6768381739e-02,4.1446961637e-03,9.8952867909e-03,1.8566376881e-03,9.9845754009e-01,8.3620959916e-03,1.4280609925e-02,-5.2996982692e-02,1.0000000000e+00,1.0000003603e-04,1.0000003788e-04,1.0000003607e-04,6.1111358060e-09,6.1214888129e-09,6.0790229245e-09,3.9825556518e-08,3.2233562316e-08,7.5719171797e-07
5.2500000000e-01,6.8694199052e-03,-5.1331942107e-02,9.7995640069e+00,6.5026743340e-02,1.8369361203e-02,-1.8050611971e-01,8.9521053093e-03,2.9640075918e-03,5.0882079423e-02,3.5506806651e-03,9.6511490351e-03,2.5364984895e-03,9.9972858299e-01,6.9483785108e-03,7.3616022951e-03,-2.0983021749e-02,1.0160806340e-02,2.7865093324e-03,4.6778878062e-02,4.3110264636e-03,9.2989064101e-03,2.2372420061e-03,9.9843616575e-01,8.4723481921e-03,1.4221151229e-02,-5.3396639282e-02,1.0000000000e+00,1.0000003628e-04,1.0000003813e-04,1.0000003632e-04,6.1113532005e-09,6.1219732673e-09,6.0790355001e-09,3.9423750481e-08,3.1988981998e-08,7.5513805318e-07
5.3000000000e-01,3.0543406814e-03,4.2091584615e-02,9.7680635925e+00,6.4295961658e-02,2.4173463810e-02,-1.7369910418e-01,8.9714877445e-03,3.0088711168e-03,5.0897000988e-02,3.9250298850e-03,8.9987509647e-03,3.0428720983e-03,9.9971777901e-01,7.1114743677e-03,7.4222357251e-03,-2.1417275410e-02,1.0179015897e-02,2.8337473126e-03,4.6791852484e-02,4.6120232531e-03,8.8460686786e-03,2.6355425397e-03,9.9841198347e-01,8.6140908362e-03,1.4186300905e-02,-5.3833610101e-02,1.0000000000e+00,1.0000003653e-04,1.0000003837e-04,1.0000003657e-04,6.1109260130e-09,6.1217916375e-09,6.0790332265e-09,3.9027588963e-08,3.1748657485e-08,7.5310301673e-07
5.3500000000e-01,-4.2976897997e-02,-4.6956795778e-03,9.7597130034e+00,6.6198781207e-02,2.8109249207e-02,-1.6687602559e-01,8.9918140516e-03,3.0511291070e-03,5.0913956284e-02,4.1115727114e-03,8.4757843665e-03,3.4468111256e-03,9.9970699338e-01,7.2743811082e-03,7.4951759459e-03,-2.1836508433e-02,1.0198998863e-02,2.8789404174e-03,4.6806924802e-02,4.7422638376e-03,8.2644517143e-03,3.0220643825e-03,9.9838944700e-01,8.7510447832e-03,1.4168726973e-02,-5.4232633329e-02,1.0000000000e+00,1.0000003678e-04,1.0000003861e-04,1.0000003682e-04,6.1107012407e-09,6.1208811128e-09,6.0790306637e-09,3.8642680671e-08,3.1512553456e-08,7.5118434684e-07
5.4000000000e-01,-1.7284584419e-03,3.9264568756e-02,9.7216570808e+00,6.3739647467e-02,3.4470321136e-02,-1.6237766086e-01,9.0125574141e-03,3.0911841492e-03,5.0932511188e-02,4.1925689499e-03,8.0331488044e-03,3.7640769424e-03,9.9969631605e-01,7.4329466578e-03,7.5794463725e-03,-2.2239131406e-02,1.0219122800e-02,2.9211697821e-03,4.6824138707e-02,4.9283407306e-03,7.8400753006e-03,3.2908745637e-03,9.9836674526e-01,8.8875034068e-03,1.4154584368e-02,-5.4630595756e-02,1.0000000000e+00,1.0000003703e-04,1.0000003886e-04,1.0000003707e-04,6.1102284950e-09,6.1205477987e-09,6.0790309293e-09,3.8267374601e-08,3.1281723512e-08,7.4926874121e-07
5.4500000000e-01,-1.5612295016e-02,1.1964028745e-02,9.7827761092e+00,6.0758820889e-02,3.9415444633e-02,-1.5532923110e-01,9.0335126912e-03,3.1293554989e-03,5.0952291570e-02,4.2325128401e-03,7.6545477722e-03,4.0066063101e-03,9.9968579113e-01,7.5844741817e-03,7.6738483175e-03,-2.2625357879e-02,1.0240041485e-02,2.9615796242e-03,4.6842037505e-02,4.9949174756e-03,7.3863497905e-03,3.6633539145e-03,9.9834597126e-01,9.0061536767e-03,1.4150383403e-02,-5.4990703937e-02,1.0000000000e+00,1.0000003728e-04,1.0000003910e-04,1.0000003732e-04,6.1102129800e-09,6.1203096315e-09,6.0790316220e-09,3.7898350923e-08,3.1053215520e-08,7.4738336680e-07
5.5000000000e-01,-2.6028805078e-02,4.8029177425e-02,9.7114900264e+00,6.1569738540e-02,4.2991761383e-02,-1.5050917101e-01,9.0555945247e-03,3.1653068587e-03,5.0973578818e-02,4.4559607027e-03,7.2092253390e-03,4.3053308511e-03,9.9967523660e-01,7.7375683839e-03,7.7780714792e-03,-2.3001151468e-02,1.0261674477e-02,2.9994380699e-03,4.6862374934e-02,5.1406515440e-03,7.0076103871e-03,3.8529733661e-03,9.9832463030e-01,9.1371035632e-03,1.4165417887e-02,-5.5351484327e-02,1.0000000000e+00,1.0000003753e-04,1.0000003934e-04,1.0000003757e-04,6.1097142550e-09,6.1195529848e-09,6.0790282875e-09,3.7538999515e-08,3.0830008794e-08,7.4557894559e-07
5.5500000000e-01,-8.0041248150e-02,5.5808794239e-02,9.6964266951e+00,6.0008089908e-02,4.5569268402e-02,-1.4661755782e-01,9.0782290373e-03,3.1994407614e-03,5.0996045843e-02,4.5644260480e-03,6.8442663652e-03,4.5388343487e-03,9.9966475268e-01,7.8881882572e-03,7.8914997723e-03,-2.3364138404e-02,1.0284467670e-02,3.0353174318e-03,4.6883910494e-02,5.1603943471e-03,6.6593527146e-03,4.0429909406e-03,9.9830353048e-01,9.2662399831e-03,1.4198879121e-02,-5.5700894537e-02,1.0000000000e+00,1.0000003778e-04,1.0000003959e-04,1.0000003782e-04,6.1093145627e-09,6.1184500118e-09,6.0790215867e-09,3.7191406395e-08,3.0611468373e-08,7.4393311378e-07
5.6000000000e-01,-8.3378836329e-02,7.3428955157e-02,9.6940995765e+00,5.5825498787e-02,4.9654854088e-02,-1.3915319027e-01,9.1010844243e-03,3.2319417748e-03,5.1019451040e-02,4.6064151614e-03,6.5159991857e-03,4.7242015747e-03,9.9965442133e-01,8.0334578903e-03,8.0132879482e-03,-2.3712627336e-02,1.0307410899e-02,3.0693633297e-03,4.6906412743e-02,5.1919563263e-03,6.3531079494e-03,4.2262980995e-03,9.9828297031e-01,9.3892642428e-03,1.4244961757e-02,-5.6036006050e-02,1.0000000000e+00,1.0000003803e-04,1.0000003983e-04,1.0000003807e-04,6.1089919843e-09,6.1177944731e-09,6.0790182021e-09,3.6852909964e-08,3.0396880705e-08,7.4237280754e-07
5.6500000000e-01,-7.0433748514e-02,6.1426801097e-02,9.6887880704e+00,5.5325620691e-02,5.4034779567e-02,-1.3275897447e-01,9.1239892080e-03,3.2628383570e-03,5.1043639908e-02,4.6140628249e-03,6.1931726834e-03,4.8788644069e-03,9.9964430997e-01,8.1714875410e-03,8.1426253120e-03,-2.4045331782e-02,1.0330349581e-02,3.1019813457e-03,4.6929823533e-02,5.2325290760e-03,6.0061490565e-03,4.3805559251e-03,9.9826337120e-01,9.5088080704e-03,1.4298374854e-02,-5.6350516930e-02,1.0000000000e+00,1.0000003828e-04,1.0000004008e-04,1.0000003832e-04,6.1087505324e-09,6.1174149800e-09,6.0790186409e-09,3.6521673531e-08,3.0185897604e-08,7.4083517510e-07
5.7000000000e-01,-5.2823079698e-02,8.7354552012e-02,9.6893341289e+00,5.3814431905e-02,5.4536132961e-02,-1.2981973613e-01,9.1467462172e-03,3.2926079652e-03,5.1067922636e-02,4.5825623677e-03,5.9663942517e-03,4.8954022943e-03,9.9963428652e-01,8.3053093251e-03,8.2756874682e-03,-2.4368587424e-02,1.0353151103e-02,3.1328912451e-03,4.6953710522e-02,5.2705918169e-03,5.7741315123e-03,4.4519403666e-03,9.9824418657e-01,9.6250048341e-03,1.4345423691e-02,-5.6657851055e-02,1.0000000000e+00,1.0000003853e-04,1.0000004032e-04,1.0000003857e-04,6.1084912650e-09,6.1172591672e-09,6.0790192536e-09,3.6196378577e-08,2.9978332100e-08,7.3929293240e-07
5.7500000000e-01,-7.3214985058e-02,8.1400252235e-02,9.6925915385e+00,5.2030520669e-02,5.4394232487e-02,-1.2505835085e-01,9.1693647464e-03,3.3212490255e-03,5.1092254920e-02,4.5528405451e-03,5.7391930188e-03,4.9032720516e-03,9.9962443704e-01,8.4329640662e-03,8.4121454730e-03,-2.4680068860e-02,1.0376202695e-02,3.1626937069e-03,4.6977799105e-02,5.2282628539e-03,5.5333258615e-03,4.4919875841e-03,9.9822585888e-01,9.7349247636e-03,1.4394410500e-02,-5.6948809086e-02,1.0000000000e+00,1.0000003878e-04,1.0000004057e-04,1.0000003882e-04,6.1082935708e-09,6.1168236414e-09,6.0790181700e-09,3.5877728785e-08,2.9773854108e-08,7.3779890593e-07
5.8000000000e-01,-6.2855833351e-02,8.3061996875e-02,9.7016255234e+00,4.5744436119e-02,5.5321373683e-02,-1.1997139918e-01,9.1918429262e-03,3.3486526530e-03,5.1116669940e-02,4.5227385181e-03,5.4900331531e-03,4.9179875943e-03,9.9961483115e-01,8.5531947886e-03,8.5517875706e-03,-2.4977973109e-02,1.0398955688e-02,3.1912983714e-03,4.7001948918e-02,5.2159018522e-03,5.2836289593e-03,4.5337072274e-03,9.9820823861e-01,9.8298705901e-03,1.4444915163e-02,-5.7227881623e-02,1.0000000000e+00,1.0000003903e-04,1.0000004081e-04,1.0000003907e-04,6.1081309468e-09,6.1165984633e-09,6.0790186672e-09,3.5564390065e-08,2.9572139495e-08,7.3631731697e-07
5.8500000000e-01,-1.4834167020e-01,1.1337489076e-01,9.5854242439e+00,4.4202233527e-02,5.8217722708e-02,-1.1352445033e-01,9.2141930500e-03,3.3746331159e-03,5.1141252731e-02,4.4951367465e-03,5.2035086687e-03,4.9499315099e-03,9.9960552569e-01,8.6653477177e-03,8.6945571874e-03,-2.5260828045e-02,1.0422416892e-02,3.2182536566e-03,4.7027452259e-02,5.0312450295e-03,5.0898897455e-03,4.3477592964e-03,9.9819006461e-01,9.9335060005e-03,1.4522288111e-02,-5.7506725789e-02,1.0000000000e+00,1.0000003928e-04,1.0000004105e-04,1.0000003931e-04,6.1074739275e-09,6.1150746494e-09,6.0790112282e-09,3.5264528842e-08,2.9376502861e-08,7.3502783359e-07
5.9000000000e-01,-1.1150523671e-01,1.2603775740e-01,9.6432643691e+00,3.9615759110e-02,5.4795508584e-02,-1.0914904127e-01,9.2350012143e-03,3.4001839581e-03,5.1164392508e-02,4.1846375690e-03,5.1166895642e-03,4.6594898322e-03,9.9959646515e-01,8.7676850423e-03,8.8333081998e-03,-2.5534432043e-02,1.0444323573e-02,3.2443814933e-03,4.7051223715e-02,4.8496346650e-03,4.9712815172e-03,4.2098388864e-03,9.9817316550e-01,1.0022374615e-02,1.4577236982e-02,-5.7770129384e-02,1.0000000000e+00,1.0000003953e-04,1.0000004130e-04,1.0000003956e-04,6.1073032321e-09,6.1149123453e-09,6.0790109804e-09,3.4970638250e-08,2.9183485753e-08,7.3374814596e-07
5.9500000000e-01,-9.4358726191e-02,1.3161795373e-01,9.6440888634e+00,3.7254054111e-02,5.3093040258e-02,-1.0525449310e-01,9.2548983441e-03,3.4251341560e-03,5.1186319426e-02,4.0004437714e-03,4.9955206329e-03,4.4152682071e-03,9.9958770322e-01,8.8604923872e-03,8.9682177931e-03,-2.5797021384e-02,1.0465139457e-02,3.2698995485e-03,4.7074083514e-02,4.7028159188e-03,4.8545109399e-03,4.0080469139e-03,9.9815683599e-01,1.0106383082e-02,1.4624385429e-02,-5.8025159576e-02,1.0000000000e+00,1.0000003978e-04,1.0000004155e-04,1.0000003981e-04,6.1071240342e-09,6.1148297249e-09,6.0790120226e-09,3.4680820705e-08,2.8993122734e-08,7.3245579525e-07
6.0000000000e-01,-9.7196149150e-02,8.5312985238e-02,9.6353059527e+00,3.3577342844e-02,5.2339607970e-02,-1.0114094811e-01,9.2742383874e-03,3.4492311614e-03,5.1207341315e-02,3.8871808695e-03,4.8236363456e-03,4.2328283807e-03,9.9957928275e-01,8.9441699419e-03,9.0998906101e-03,-2.6047098102e-02,1.0485352645e-02,3.2951257710e-03,4.7096073651e-02,4.5617354788e-03,4.6123955124e-03,3.7992513510e-03,9.9814213329e-01,1.0171138446e-02,1.4673549355e-02,-5.8253898036e-02,1.0000000000e+00,1.0000004003e-04,1.0000004179e-04,1.0000004006e-04,6.1069833792e-09,6.1145115555e-09,6.0790135489e-09,3.4395855091e-08,2.8805518648e-08,7.3117197780e-07
6.0500000000e-01,-1.6131921055e-01,1.8983448852e-01,9.4911533026e+00,2.8237245645e-02,5.0860081382e-02,-9.3480106160e-02,9.2932316981e-03,3.4721641290e-03,5.1227792501e-02,3.8161337650e-03,4.5893462857e-03,4.1174753847e-03,9.9957123846e-01,9.0192747537e-03,9.2291998849e-03,-2.6283336678e-02,1.0505523706e-02,3.3182244962e-03,4.7118628237e-02,4.3570432700e-03,4.5948516626e-03,3.3723575139e-03,9.9812555778e-01,1.0251808410e-02,1.4736205020e-02,-5.8507397712e-02,1.0000000000e+00,1.0000004028e-04,1.0000004204e-04,1.0000004031e-04,6.1061752709e-09,6.1131677481e-09,6.0790075174e-09,3.4122951594e-08,2.8624460449e-08,7.3003898555e-07
6.1000000000e-01,-1.2477331376e-01,1.7094187516e-01,9.5534070150e+00,2.3034942055e-02,4.6813314651e-02,-9.1100551958e-02,9.3092327537e-03,3.4953804265e-03,5.1245139063e-02,3.2155733045e-03,4.6460312078e-03,3.4952103732e-03,9.9956360192e-01,9.0803011840e-03,9.3457146553e-03,-2.6510591501e-02,1.0523561347e-02,3.3415766085e-03,4.7138000874e-02,3.9826825988e-03,4.5721087421e-03,2.9457792583e-03,9.9811086899e-01,1.0310105947e-02,1.4764516554e-02,-5.8740139393e-02,1.0000000000e+00,1.0000004053e-04,1.0000004228e-04,1.0000004056e-04,6.1060086399e-09,6.1130449629e-09,6.0790081782e-09,3.3856375452e-08,2.8445950967e-08,7.2889939759e-07
6.1500000000e-01,-1.0995231345e-01,1.3759914714e-01,9.6216614834e+00,1.9406142784e-02,4.2259781202e-02,-8.6482780725e-02,9.3235227471e-03,3.5185837070e-03,5.1259953046e-02,2.8715259100e-03,4.6432480489e-03,2.9874856308e-03,9.9955638420e-01,9.1292700948e-03,9.4503577073e-03,-2.6727925089e-02,1.0539654164e-02,3.3651548505e-03,4.7154417792e-02,3.6526145473e-03,4.4886253933e-03,2.6014627511e-03,9.9809820356e-01,1.0347970654e-02,1.4780470549e-02,-5.8944323337e-02,1.0000000000e+00,1.0000004078e-04,1.0000004253e-04,1.0000004081e-04,6.1061128216e-09,6.1132224962e-09,6.0790098178e-09,3.3590774509e-08,2.8268111608e-08,7.2773295768e-07
6.2000000000e-01,-1.5135355848e-01,8.1003901896e-02,9.6731530425e+00,1.6229190327e-02,3.6588423933e-02,-8.4424890467e-02,9.3368286216e-03,3.5413881106e-03,5.1272886426e-02,2.6731047574e-03,4.5630048282e-03,2.6103306354e-03,9.9954959109e-01,9.1679023167e-03,9.5448799548e-03,-2.6934360560e-02,1.0554778736e-02,3.3887498531e-03,4.7168582328e-02,3.3133359327e-03,4.3036294648e-03,2.3384262979e-03,9.9808745604e-01,1.0361685715e-02,1.4798507785e-02,-5.9119114849e-02,1.0000000000e+00,1.0000004103e-04,1.0000004277e-04,1.0000004106e-04,6.1063040508e-09,6.1129687182e-09,6.0790095390e-09,3.3327241138e-08,2.8090603732e-08,7.2661810542e-07
6.2500000000e-01,-2.2228329355e-01,1.9743112957e-01,9.4949628368e+00,1.2175900305e-02,3.3919442709e-02,-7.8707280186e-02,9.3495686973e-03,3.5633393095e-03,5.1284582629e-02,2.5585503293e-03,4.3914854071e-03,2.3620562352e-03,9.9954323372e-01,9.1977521265e-03,9.6314514095e-03,-2.7128590711e-02,1.0569229333e-02,3.4103778507e-03,4.7183235535e-02,2.9918429089e-03,4.3750710315e-03,1.7437781717e-03,9.9807435990e-01,1.0396101376e-02,1.4834786538e-02,-5.9324719161e-02,1.0000000000e+00,1.0000004128e-04,1.0000004302e-04,1.0000004131e-04,6.1055206194e-09,6.1115374574e-09,6.0790036310e-09,3.3075063234e-08,2.7919236824e-08,7.2567346600e-07
6.3000000000e-01,-1.6341852664e-01,1.4870869894e-01,9.5049970912e+00,6.7976113805e-03,2.6878556643e-02,-7.1792926710e-02,9.3573080561e-03,3.5856234846e-03,5.1291547698e-02,1.5563618215e-03,4.4576703685e-03,1.4154241968e-03,9.9953755309e-01,9.2103729845e-03,9.6961030679e-03,-2.7309972020e-02,1.0580260800e-02,3.4328476308e-03,4.7194043797e-02,2.3592578035e-03,4.3339067968e-03,9.4947282017e-04,9.9806409653e-01,1.0405638640e-02,1.4813921355e-02,-5.9500669241e-02,1.0000000000e+00,1.0000004153e-04,1.0000004327e-04,1.0000004156e-04,6.1052149370e-09,6.1112748932e-09,6.0790047357e-09,3.2831588637e-08,2.7751378605e-08,7.2470812273e-07
6.3500000000e-01,-1.5556330830e-01,1.4495542384e-01,9.6023069887e+00,1.9093550685e-05,1.8449961679e-02,-6.6768462277e-02,9.3623577502e-03,3.6076753342e-03,5.1294785359e-02,1.0167316352e-03,4.4103906834e-03,6.6957354759e-04,9.9953252837e-01,9.2091096808e-03,9.7410878411e-03,-2.7477776985e-02,1.0588213053e-02,3.4551606230e-03,4.7200030874e-02,1.8023459642e-03,4.2753848641e-03,3.7467412511e-04,9.9805513438e-01,1.0395712876e-02,1.4775021976e-02,-5.9662187444e-02,1.0000000000e+00,1.0000004178e-04,1.0000004351e-04,1.0000004181e-04,6.1053306729e-09,6.1114896228e-09,6.0790057435e-09,3.2588137740e-08,2.7583867968e-08,7.2371994394e-07
6.4000000000e-01,-1.1351796957e-01,1.1532106830e-01,9.6559557210e+00,-6.1934062463e-03,1.0960448600e-02,-6.2003250077e-02,9.3660578208e-03,3.6288774349e-03,5.1295407662e-02,7.4541995050e-04,4.2391943731e-03,1.4620850797e-04,9.9952813075e-01,9.1968226605e-03,9.7700338277e-03,-2.7631155058e-02,1.0593552442e-02,3.4772921600e-03,4.7202747185e-02,1.4957098715e-03,4.0791998609e-03,-6.7347031738e-05,9.9804747427e-01,1.0365982339e-02,1.4722087153e-02,-5.9808407897e-02,1.0000000000e+00,1.0000004203e-04,1.0000004376e-04,1.0000004206e-04,6.1054958836e-09,6.1119325938e-09,6.0790089412e-09,3.2342881916e-08,2.7416489271e-08,7.2266255430e-07
6.4500000000e-01,-2.8332739736e-01,1.4011451474e-01,9.4455279420e+00,-6.7863909388e-03,6.3299829318e-03,-5.4193504987e-02,9.3692206687e-03,3.6486148363e-03,5.1294485227e-02,6.3686952640e-04,3.9445930375e-03,-1.6295922433e-04,9.9952432922e-01,9.1760888754e-03,9.7871245233e-03,-2.7769171616e-02,1.0599381946e-02,3.4978254471e-03,4.7205646054e-02,9.7421931582e-04,3.9205561503e-03,-8.2979638756e-04,9.9803945126e-01,1.0347907695e-02,1.4703524814e-02,-5.9949819873e-02,1.0000000000e+00,1.0000004228e-04,1.0000004400e-04,1.0000004231e-04,6.1047273967e-09,6.1098855138e-09,6.0790023298e-09,3.2110675674e-08,2.7255366546e-08,7.2186021994e-07
6.5000000000e-01,-1.6987791363e-01,1.1228853332e-01,9.4739263183e+00,-1.4588084098e-02,-5.6431991606e-03,-4.8920920914e-02,9.3658891022e-03,3.6671813204e-03,5.1287862191e-02,-6.6406987942e-04,3.7112946800e-03,-1.3025061113e-03,9.9952148367e-01,9.1372910462e-03,9.7750232037e-03,-2.7888393751e-02,1.0600073452e-02,3.5178527220e-03,4.7203606824e-02,1.9068706586e-04,3.6356351799e-03,-1.7736336434e-03,9.9803296883e-01,1.0307733993e-02,1.4601125504e-02,-6.0089523836e-02,1.0000000000e+00,1.0000004253e-04,1.0000004425e-04,1.0000004256e-04,6.1044718623e-09,6.1098411982e-09,6.0790042677e-09,3.1886534094e-08,2.7097237373e-08,7.2099846669e-07
6.5500000000e-01,-1.3141832370e-01,9.4000797525e-02,9.6139923972e+00,-1.9281983399e-02,-1.5783923353e-02,-4.0423064944e-02,9.3593504439e-03,3.6845679679e-03,5.1276863453e-02,-1.3070188564e-03,3.4753220580e-03,-2.1772063877e-03,9.9951948569e-01,9.0851522854e-03,9.7378795837e-03,-2.7989845312e-02,1.0596750592e-02,3.5367528454e-03,4.7195618722e-02,-4.3306300458e-04,3.3319703389e-03,-2.4038986123e-03,9.9802897119e-01,1.0246507825e-02,1.4471598639e-02,-6.0197629245e-02,1.0000000000e+00,1.0000004278e-04,1.0000004450e-04,1.0000004281e-04,6.1047674503e-09,6.1105045382e-09,6.0790074762e-09,3.1659234913e-08,2.6938332164e-08,7.2005142070e-07
6.6000000000e-01,-1.1350775963e-01,7.2959145574e-02,9.6342820981e+00,-2.3885402629e-02,-2.4198606183e-02,-3.4743597158e-02,9.3515173208e-03,3.7004355450e-03,5.1262933728e-02,-1.5670099117e-03,3.1706335631e-03,-2.7630717352e-03,9.9951823426e-01,9.0233870444e-03,9.6814448292e-03,-2.8073964730e-02,1.0590871828e-02,3.5543046930e-03,4.7184407977e-02,-8.0868368998e-04,2.9846047177e-03,-2.9691409839e-03,9.9802684463e-01,1.0166157877e-02,1.4333912578e-02,-6.0279395976e-02,1.0000000000e+00,1.0000004303e-04,1.0000004475e-04,1.0000004306e-04,6.1048909445e-09,6.1108047195e-09,6.0790105198e-09,3.1430225769e-08,2.6779885309e-08,7.1905272563e-07
6.6500000000e-01,-2.6021048033e-01,5.5473960632e-02,9.3508061861e+00,-2.6383294993e-02,-2.7934326431e-02,-2.5778882976e-02,9.3435341072e-03,3.7143037117e-03,5.1247444663e-02,-1.5977526997e-03,2.7691142808e-03,-3.0747167995e-03,9.9951764147e-01,8.9551154008e-03,9.6119359218e-03,-2.8140735235e-02,1.0585275497e-02,3.5699011067e-03,4.7173732661e-02,-1.2814392973e-03,2.6202203328e-03,-3.9276254683e-03,9.9802628075e-01,1.0078772792e-02,1.4234751412e-02,-6.0326885530e-02,1.0000000000e+00,1.0000004328e-04,1.0000004499e-04,1.0000004331e-04,6.1039416783e-09,6.1086050130e-09,6.0790057663e-09,3.1214847579e-08,2.6629017372e-08,7.1828209892e-07
6.7000000000e-01,-1.4524286779e-01,6.6512878903e-02,9.4705464082e+00,-3.3821595462e-02,-4.1311912898e-02,-1.6336896741e-02,9.3284091475e-03,3.7258011884e-03,5.1225619744e-02,-3.0276896969e-03,2.2974006734e-03,-4.3401442953e-03,9.9951819341e-01,8.8696441223e-03,9.5106437937e-03,-2.8182585130e-02,1.0574382327e-02,3.5836354522e-03,4.7156357914e-02,-2.1106823398e-03,2.1828333144e-03,-4.8442860266e-03,9.9802606316e-01,9.9829584456e-03,1.4040960261e-02,-6.0391797641e-02,1.0000000000e+00,1.0000004353e-04,1.0000004524e-04,1.0000004356e-04,6.1038662429e-09,6.1088754827e-09,6.0790075712e-09,3.1005468816e-08,2.6479605325e-08,7.1743785921e-07
6.7500000000e-01,-9.2015309595e-02,8.1567146718e-02,9.5857919625e+00,-3.8561360498e-02,-5.2434883391e-02,-7.2354280262e-03,9.3100357523e-03,3.7352395468e-03,5.1199138173e-02,-3.6783634879e-03,1.8859694998e-03,-5.2700975796e-03,9.9951972639e-01,8.7721334192e-03,9.3831106817e-03,-2.8201479869e-02,1.0559167452e-02,3.5951594401e-03,4.7133246765e-02,-2.7254523225e-03,1.7770060022e-03,-5.5455634538e-03,9.9802764190e-01,9.8751967261e-03,1.3816133399e-02,-6.0435262441e-02,1.0000000000e+00,1.0000004378e-04,1.0000004549e-04,1.0000004381e-04,6.1040969478e-09,6.1096765100e-09,6.0790103536e-09,3.0792266145e-08,2.6329498561e-08,7.1649406487e-07
6.8000000000e-01,-1.0065629124e-01,3.2652070784e-02,9.6846556404e+00,-4.1048504488e-02,-6.0299975662e-02,1.6306510328e-03,9.2906860610e-03,3.7423992277e-03,5.1169783847e-02,-3.8741278438e-03,1.4288952310e-03,-5.8436282044e-03,9.9952209585e-01,8.6664686883e-03,9.2366215188e-03,-2.8198529078e-02,1.0541826340e-02,3.6049370961e-03,4.7105967533e-02,-3.1157723252e-03,1.2478940388e-03,-5.9765175058e-03,9.9803200049e-01,9.7494725411e-03,1.3591758869e-02,-6.0434575080e-02,1.0000000000e+00,1.0000004403e-04,1.0000004574e-04,1.0000004406e-04,6.1044955223e-09,6.1101192655e-09,6.0790132387e-09,3.0575208652e-08,2.6178097437e-08,7.1551691648e-07
6.8500000000e-01,-2.5328078941e-01,-3.4518602257e-02,9.4435057547e+00,-4.3532193240e-02,-6.4663000334e-02,1.1189817400e-02,9.2717159974e-03,3.7468261675e-03,5.1139225568e-02,-3.7982784758e-03,8.7966206667e-04,-6.0837475757e-03,9.9952518071e-01,8.5558454166e-03,9.0788670112e-03,-2.8174186927e-02,1.0525034918e-02,3.6122887735e-03,4.7079378439e-02,-3.5526250406e-03,6.2782703569e-04,-6.7576793630e-03,9.9803981674e-01,9.6019956008e-03,1.3410176894e-02,-6.0369636799e-02,1.0000000000e+00,1.0000004428e-04,1.0000004598e-04,1.0000004431e-04,6.1039022589e-09,6.1081052891e-09,6.0790112984e-09,3.0369038118e-08,2.6032330456e-08,7.1475967286e-07
6.9000000000e-01,-1.6108543686e-01,-3.3985275767e-02,9.5070039657e+00,-4.8413228492e-02,-7.5272397206e-02,2.2463157079e-02,9.2462658487e-03,3.7470752681e-03,5.1103284789e-02,-5.0949368680e-03,4.8723223425e-05,-7.1577213820e-03,9.9952948548e-01,8.4299631463e-03,8.8936434391e-03,-2.8118436651e-02,1.0503571203e-02,3.6163936972e-03,4.7047577694e-02,-4.3390871158e-03,-1.3861026322e-04,-7.5973194137e-03,9.9804699655e-01,9.4563812224e-03,1.3150790710e-02,-6.0330972418e-02,1.0000000000e+00,1.0000004453e-04,1.0000004623e-04,1.0000004456e-04,6.1038048704e-09,6.1080393257e-09,6.0790139974e-09,3.0169961959e-08,2.5888410722e-08,7.1396553996e-07
6.9500000000e-01,-6.5095507228e-02,-3.6230633116e-02,9.6549505147e+00,-5.0771375650e-02,-8.4668845825e-02,3.3537540006e-02,9.2183396376e-03,3.7440579826e-03,5.1063770011e-02,-5.5901826771e-03,-6.0360950503e-04,-7.8706219286e-03,9.9953478809e-01,8.2945112940e-03,8.6874661934e-03,-2.8034557278e-02,1.0477832133e-02,3.6169830095e-03,4.7010381184e-02,-4.7647980381e-03,-8.6211534983e-04,-8.0749897086e-03,9.9805688797e-01,9.2963536196e-03,1.2860480046e-02,-6.0254744599e-02,1.0000000000e+00,1.0000004478e-04,1.0000004648e-04,1.0000004481e-04,6.1041684402e-09,6.1090641691e-09,6.0790192431e-09,2.9965703044e-08,2.5743341905e-08,7.1302931752e-07
7.0000000000e-01,-8.1940828129e-02,-1.1239610557e-02,9.7339656098e+00,-5.3039390235e-02,-8.7219483077e-02,4.4008226661e-02,9.1902786152e-03,3.7378382950e-03,5.1022548450e-02,-5.6167169816e-03,-1.2460217958e-03,-8.2106857416e-03,9.9954090333e-01,8.1535333939e-03,8.4684541561e-03,-2.7924679767e-02,1.0450887845e-02,3.6137971941e-03,4.6970333371e-02,-4.9803047456e-03,-1.4802064443e-03,-8.3121317399e-03,9.9806888759e-01,9.1310608006e-03,1.2583380714e-02,-6.0139653122e-02,1.0000000000e+00,1.0000004503e-04,1.0000004672e-04,1.0000004506e-04,6.1044015543e-09,6.1095256833e-09,6.0790187248e-09,2.9757828006e-08,2.5597390653e-08,7.1207353223e-07
7.0500000000e-01,-1.3987522214e-01,-1.3248284491e-01,9.6118291771e+00,-5.5313505966e-02,-9.0443044083e-02,5.4535112699e-02,9.1634706126e-03,3.7280962036e-03,5.0981331333e-02,-5.3652624886e-03,-1.9544773041e-03,-8.2090783561e-03,9.9954768316e-01,8.0102383059e-03,8.2449412236e-03,-2.7790036331e-02,1.0424508554e-02,3.6081900842e-03,4.6930853497e-02,-5.0668446195e-03,-2.3624167759e-03,-8.6441584387e-03,9.9808577424e-01,8.9340291419e-03,1.2332438836e-02,-5.9940648446e-02,1.0000000000e+00,1.0000004528e-04,1.0000004697e-04,1.0000004531e-04,6.1043074150e-09,6.1085713293e-09,6.0790245565e-09,2.9554633094e-08,2.5454541209e-08,7.1118143945e-07
7.1000000000e-01,-2.9172492583e-02,-4.1977472408e-02,9.6525459210e+00,-5.8396290168e-02,-9.6661856429e-02,6.7616511756e-02,9.1325819283e-03,3.7123456005e-03,5.0937413084e-02,-6.1806503532e-03,-3.1487919114e-03,-8.7471655218e-03,9.9955552389e-01,7.8567634141e-03,8.0069577828e-03,-2.7620908128e-02,1.0395210089e-02,3.5971378736e-03,4.6888796121e-02,-5.3701453770e-03,-3.2801095597e-03,-9.0240173184e-03,9.9809885998e-01,8.7699405474e-03,1.2015276291e-02,-5.9811261301e-02,1.0000000000e+00,1.0000004553e-04,1.0000004722e-04,1.0000004556e-04,6.1040877635e-09,6.1090323928e-09,6.0790242491e-09,2.9355186597e-08,2.5313138646e-08,7.1020475682e-07
7.1500000000e-01,-3.0529230275e-02,-3.5629763169e-02,9.7572022879e+00,-6.0961426904e-02,-9.8942849690e-02,8.1487578573e-02,9.1007467325e-03,3.6917253977e-03,5.0892443076e-02,-6.3685929284e-03,-4.1223836721e-03,-8.9559016142e-03,9.9956424232e-01,7.6989698604e-03,7.7616366633e-03,-2.7419123395e-02,1.0364654683e-02,3.5813173892e-03,4.6844161977e-02,-5.6109998279e-03,-4.2163128121e-03,-9.0941112744e-03,9.9811384873e-01,8.6034316005e-03,1.1698167789e-02,-5.9647957216e-02,1.0000000000e+00,1.0000004578e-04,1.0000004747e-04,1.0000004581e-04,6.1042205162e-09,6.1094499849e-09,6.0790236779e-09,2.9153951013e-08,2.5171395631e-08,7.0920349736e-07
7.2000000000e-01,-6.9646924451e-02,-2.6169875701e-02,9.8090398921e+00,-6.2445002861e-02,-9.9136253805e-02,9.3409235163e-02,9.0700145464e-03,3.6665979261e-03,5.0847919928e-02,-6.1462796395e-03,-5.0278157344e-03,-8.8655808252e-03,9.9957366693e-01,7.5408490551e-03,7.5164723436e-03,-2.7186809471e-02,1.0334181000e-02,3.5606574740e-03,4.6799042305e-02,-5.6518986970e-03,-5.1010684524e-03,-8.9626011319e-03,9.9813130780e-01,8.4325567092e-03,1.1407467179e-02,-5.9436134423e-02,1.0000000000e+00,1.0000004603e-04,1.0000004771e-04,1.0000004606e-04,6.1043081391e-09,6.1093721554e-09,6.0790198977e-09,2.8952093041e-08,2.5029652077e-08,7.0826193011e-07
7.2500000000e-01,-7.4167074385e-02,-2.1930628649e-01,9.7902134124e+00,-6.0715015318e-02,-9.6503826147e-02,1.0491167143e-01,9.0415762056e-03,3.6368305554e-03,5.0805190043e-02,-5.6854636501e-03,-5.9624074120e-03,-8.5066113432e-03,9.9958366288e-01,7.3852485721e-03,7.2787538525e-03,-2.6925429328e-02,1.0304756548e-02,3.5369770603e-03,4.6755294711e-02,-5.4512157208e-03,-6.3802970547e-03,-8.7349996631e-03,9.9815564854e-01,8.2216403725e-03,1.1147958979e-02,-5.9105236051e-02,1.0000000000e+00,1.0000004628e-04,1.0000004796e-04,1.0000004631e-04,6.1047164286e-09,6.1089062938e-09,6.0790346134e-09,2.8751858516e-08,2.4889143621e-08,7.0730020984e-07
7.3000000000e-01,-2.8457139860e-02,-1.4021074596e-01,9.8751014343e+00,-6.1055829050e-02,-9.4019795607e-02,1.1767659478e-01,9.0136264271e-03,3.5989675792e-03,5.0764091920e-02,-5.5853130439e-03,-7.5722676915e-03,-8.1801418554e-03,9.9959442006e-01,7.2282199416e-03,7.0498505694e-03,-2.6627952098e-02,1.0275666421e-02,3.5057861957e-03,4.6712016669e-02,-5.2109731134e-03,-7.7136120064e-03,-8.2802870303e-03,9.9817693982e-01,8.0465842855e-03,1.0881349562e-02,-5.8818751521e-02,1.0000000000e+00,1.0000004653e-04,1.0000004821e-04,1.0000004656e-04,6.1048255197e-09,6.1092645788e-09,6.0790350926e-09,2.8552102305e-08,2.4748474328e-08,7.0630533218e-07
7.3500000000e-01,-2.3097427121e-02,-8.0907689069e-02,9.9018784322e+00,-5.9688990305e-02,-8.6631943389e-02,1.3289040763e-01,8.9875857710e-03,3.5553714522e-03,5.0725584130e-02,-5.2009074243e-03,-8.7176718474e-03,-7.6622056127e-03,9.9960572685e-01,7.0753702853e-03,6.8345147197e-03,-2.6298657430e-02,1.0247977813e-02,3.4677080331e-03,4.6670877009e-02,-4.8672964728e-03,-8.8122824931e-03,-7.7328048741e-03,9.9819982744e-01,7.8813215819e-03,1.0637106014e-02,-5.8496506184e-02,1.0000000000e+00,1.0000004678e-04,1.0000004845e-04,1.0000004681e-04,6.1046720453e-09,6.1094319263e-09,6.0790291721e-09,2.8352682154e-08,2.4608569741e-08,7.0532925987e-07
7.4000000000e-01,-4.2659656804e-02,-8.9636473034e-02,9.9198324221e+00,-5.6806835465e-02,-7.8268407034e-02,1.4326742401e-01,8.9642919446e-03,3.5068350373e-03,5.0690497859e-02,-4.6489151553e-03,-9.7096975051e-03,-6.9782755462e-03,9.9961743682e-01,6.9297288448e-03,6.6375043633e-03,-2.5940362499e-02,1.0222634888e-02,3.4242955924e-03,4.6632594195e-02,-4.4443589162e-03,-9.8517538707e-03,-7.0662631392e-03,9.9822505799e-01,7.7172104987e-03,1.0426036230e-02,-5.8124659409e-02,1.0000000000e+00,1.0000004703e-04,1.0000004870e-04,1.0000004705e-04,6.1045931072e-09,6.1092606204e-09,6.0790261175e-09,2.8154784501e-08,2.4469763033e-08,7.0439739060e-07
7.4500000000e-01,8.8297743909e-03,-3.1805143115e-01,1.0090301488e+01,-5.4253662606e-02,-7.0509642082e-02,1.5452658467e-01,8.9442112856e-03,3.4534464922e-03,5.0659501463e-02,-4.0035382940e-03,-1.0687061077e-02,-6.1609267112e-03,9.9962944805e-01,6.7930891086e-03,6.4630526388e-03,-2.5554832885e-02,1.0199574202e-02,3.3776830500e-03,4.6596305597e-02,-3.8383206470e-03,-1.1304828259e-02,-5.9820632503e-03,9.9825798079e-01,7.5041653151e-03,1.0236371766e-02,-5.7618642741e-02,1.0000000000e+00,1.0000004728e-04,1.0000004895e-04,1.0000004730e-04,6.1057504289e-09,6.1098272396e-09,6.0790526225e-09,2.7953356687e-08,2.4328972631e-08,7.0330720469e-07
7.5000000000e-01,7.8456808607e-03,-1.3492791562e-01,1.0074253647e+01,-5.0983086810e-02,-5.4529168963e-02,1.6493422085e-01,8.9299328475e-03,3.3912262581e-03,5.0635653879e-02,-2.8397724309e-03,-1.2444491107e-02,-4.7335377290e-03,9.9964170304e-01,6.6664038816e-03,6.3261881695e-03,-2.5139688762e-02,1.0180472446e-02,3.3217175610e-03,4.6566304999e-02,-2.8597128606e-03,-1.2580252179e-02,-4.7153250406e-03,9.9828603728e-01,7.3566500928e-03,1.0106115807e-02,-5.7172842221e-02,1.0000000000e+00,1.0000004753e-04,1.0000004919e-04,1.0000004755e-04,6.1054066100e-09,6.1099830088e-09,6.0790407884e-09,2.7751397817e-08,2.4188896536e-08,7.0226657002e-07
7.5500000000e-01,-8.5907686263e-04,-1.0119096268e-01,1.0064709583e+01,-4.3513886008e-02,-3.9634859465e-02,1.7868415689e-01,8.9204275138e-03,3.3228076714e-03,5.0618903438e-02,-1.8820754822e-03,-1.3684134307e-02,-3.3158816002e-03,9.9965407504e-01,6.5542609717e-03,6.2284017688e-03,-2.4697751616e-02,1.0166296370e-02,3.2591244019e-03,4.6543023087e-02,-1.9080039634e-03,-1.3760172620e-02,-3.3740464426e-03,9.9831448026e-01,7.2372295031e-03,1.0012361245e-02,-5.6706028193e-02,1.0000000000e+00,1.0000004778e-04,1.0000004944e-04,1.0000004780e-04,6.1050503438e-09,6.1098237108e-09,6.0790323131e-09,2.7552406051e-08,2.4050587076e-08,7.0128271752e-07
7.6000000000e-01,-2.7002773256e-02,-1.1238602955e-01,1.0050490321e+01,-3.9758903371e-02,-2.3732051078e-02,1.8723767218e-01,8.9151226509e-03,3.2491156850e-03,5.0608975371e-02,-1.0390914524e-03,-1.4743845656e-02,-1.9527556856e-03,9.9966649134e-01,6.4584258090e-03,6.1700918035e-03,-2.4230658288e-02,1.0156945758e-02,3.1908687421e-03,4.6526626517e-02,-1.0793054893e-03,-1.4877072828e-02,-2.0463847828e-03,9.9834423307e-01,7.1226835721e-03,9.9587644037e-03,-5.6203938422e-02,1.0000000000e+00,1.0000004803e-04,1.0000004969e-04,1.0000004805e-04,6.1048018064e-09,6.1093755414e-09,6.0790282625e-09,2.7357822146e-08,2.3914363472e-08,7.0036369415e-07
7.6500000000e-01,2.1299261143e-01,-2.9288981753e-01,1.0471076150e+01,-3.1612138374e-02,-6.0003956289e-03,1.9704086058e-01,8.9136413195e-03,3.1703282509e-03,5.0605481663e-02,-2.7151136777e-04,-1.5770447818e-02,-6.6696461170e-04,9.9967891051e-01,6.3792761172e-03,6.1508290516e-03,-2.3739166351e-02,1.0149451123e-02,3.1190125294e-03,4.6512604410e-02,1.5143534680e-04,-1.6348036233e-02,6.6126276973e-05,9.9837869032e-01,6.9860432358e-03,9.9019092363e-03,-5.5615987963e-02,1.0000000000e+00,1.0000004828e-04,1.0000004994e-04,1.0000004830e-04,6.1065641963e-09,6.1122273285e-09,6.0790655350e-09,2.7150734502e-08,2.3771999822e-08,6.9901379045e-07
7.7000000000e-01,7.8260597702e-02,-1.9479054416e-01,1.0346490840e+01,-2.5285708685e-02,2.2042786103e-02,2.0331861058e-01,8.9250413619e-03,3.0829413167e-03,5.0615433220e-02,2.3076800927e-03,-1.7484760377e-02,2.0177106224e-03,9.9969092469e-01,6.3221706628e-03,6.2038784637e-03,-2.3229230495e-02,1.0151887935e-02,3.0381917163e-03,4.6511656632e-02,1.9601665821e-03,-1.7738539227e-02,2.2902818090e-03,9.9841238073e-01,6.8960447395e-03,9.9920816092e-03,-5.5002917077e-02,1.0000000000e+00,1.0000004853e-04,1.0000005018e-04,1.0000004855e-04,6.1063715468e-09,6.1117841159e-09,6.0790565661e-09,2.6941490972e-08,2.3630790341e-08,6.9777523782e-07
7.7500000000e-01,-2.5244131588e-02,-7.2027966042e-02,1.0249274637e+01,-1.4843251396e-02,4.9576067717e-02,2.1133182765e-01,8.9446814895e-03,2.9893569255e-03,5.0637502359e-02,3.9581850519e-03,-1.8726792421e-02,4.4386484286e-03,9.9970251224e-01,6.2901786773e-03,6.3258166201e-03,-2.2700324084e-02,1.0163929516e-02,2.9495612313e-03,4.6523165321e-02,3.4988749109e-03,-1.8772390073e-02,4.4507377024e-03,9.9844277767e-01,6.8600077895e-03,1.0160144707e-02,-5.4421792195e-02,1.0000000000e+00,1.0000004877e-04,1.0000005043e-04,1.0000004880e-04,6.1054821590e-09,6.1104664398e-09,6.0790322160e-09,2.6741345483e-08,2.3493215456e-08,6.9679294372e-07
7.8000000000e-01,-6.0854466931e-02,-8.2190535217e-02,1.0185242543e+01,-4.3916755422e-03,7.5489679145e-02,2.1963801091e-01,8.9699368363e-03,2.8903933956e-03,5.0669990682e-02,5.0835208406e-03,-1.9808727363e-02,6.5210797334e-03,9.9971368112e-01,6.2832718829e-03,6.5106703945e-03,-2.2151466224e-02,1.0183204931e-02,2.8557598640e-03,4.6545919351e-02,4.7187247171e-03,-1.9844761127e-02,6.4394132462e-03,9.9847236558e-01,6.8562784035e-03,1.0381282772e-02,-5.3834520404e-02,1.0000000000e+00,1.0000004902e-04,1.0000005067e-04,1.0000004905e-04,6.1048981552e-09,6.1093821996e-09,6.0790231876e-09,2.6550459172e-08,2.3359314398e-08,6.9595241182e-07
7.8500000000e-01,3.4632405915e-01,-2.3409705056e-01,1.0925265606e+01,3.7413057725e-03,9.7998307976e-02,2.2825562039e-01,8.9992412680e-03,2.7862385800e-03,5.0711153585e-02,5.8956490541e-03,-2.0854125957e-02,8.2553254575e-03,9.9972444831e-01,6.2998261527e-03,6.7513483838e-03,-2.1581448929e-02,1.0203894832e-02,2.7585546003e-03,4.6570721746e-02,6.4842813741e-03,-2.1301462097e-02,9.7030472638e-03,9.9850413262e-01,6.8420219305e-03,1.0565197097e-02,-5.3207710833e-02,1.0000000000e+00,1.0000004928e-04,1.0000005093e-04,1.0000004930e-04,6.1073968024e-09,6.1145638487e-09,6.0790715683e-09,2.6338451863e-08,2.3214269884e-08,6.9444237982e-07
7.9000000000e-01,6.9947634396e-02,-9.6215141236e-02,1.0705483600e+01,1.4926839606e-02,1.4419433410e-01,2.2596782134e-01,9.0509582009e-03,2.6744510969e-03,5.0773370775e-02,1.0379026116e-02,-2.2379864876e-02,1.2462228664e-02,9.9973388059e-01,6.3495708160e-03,7.1065034077e-03,-2.1008297412e-02,1.0241074464e-02,2.6521357884e-03,4.6616189899e-02,9.4029232262e-03,-2.2468259215e-02,1.3123757150e-02,9.9853487005e-01,6.8834223163e-03,1.1020994202e-02,-5.2528749085e-02,1.0000000000e+00,1.0000004952e-04,1.0000005117e-04,1.0000004955e-04,6.1070886102e-09,6.1135392140e-09,6.0790490421e-09,2.6120796000e-08,2.3070302090e-08,6.9319067367e-07
7.9500000000e-01,-8.1061423264e-02,-1.4830105323e-01,1.0459403121e+01,2.8339652803e-02,1.8623370468e-01,2.3046527190e-01,9.1152227411e-03,2.5571335403e-03,5.0853704844e-02,1.2889073908e-02,-2.3490708545e-02,1.6084839299e-02,9.9974201739e-01,6.4334467158e-03,7.5656714381e-03,-2.0427188809e-02,1.0293506093e-02,2.5402133077e-03,4.6681565818e-02,1.1777970889e-02,-2.3665904165e-02,1.6189886605e-02,9.9856561118e-01,6.9509944635e-03,1.1589417928e-02,-5.1808196711e-02,1.0000000000e+00,1.0000004977e-04,1.0000005141e-04,1.0000004980e-04,6.1062222471e-09,6.1109917784e-09,6.0790336198e-09,2.5918671650e-08,2.2932489345e-08,6.9224513414e-07
8.0000000000e-01,-1.7656549918e-01,-4.0966400910e-02,1.0299809540e+01,4.1844767202e-02,2.2182287362e-01,2.3667353832e-01,9.1864848877e-03,2.4348873994e-03,5.0948662352e-02,1.4289156927e-02,-2.4481827543e-02,1.9010347154e-02,9.9974891895e-01,6.5492246700e-03,8.1140981183e-03,-1.9833510332e-02,1.0356690458e-02,2.4218108604e-03,4.6763466090e-02,1.3410694491e-02,-2.4510032866e-02,1.8864532832e-02,9.9859134226e-01,7.0782984131e-03,1.2219738089e-02,-5.1145936806e-02,1.0000000000e+00,1.0000005002e-04,1.0000005166e-04,1.0000005005e-04,6.1050310534e-09,6.1089167206e-09,6.0790166239e-09,2.5733001494e-08,2.2801000126e-08,6.9156017600e-07
8.0500000000e-01,5.4998801844e-01,-3.2075952170e-01,1.1505243906e+01,5.0440493221e-02,2.5139187700e-01,2.4175221366e-01,9.2615071625e-03,2.3077153770e-03,5.1054815107e-02,1.5041997966e-02,-2.5471150329e-02,2.1250897801e-02,9.9975465183e-01,6.6932370324e-03,8.7358263944e-03,-1.9222956703e-02,1.0419314443e-02,2.3023879251e-03,4.6845835366e-02,1.5938954338e-02,-2.6171453248e-02,2.3594998709e-02,9.9861979826e-01,7.1762103150e-03,1.2752903085e-02,-5.0441689080e-02,1.0000000000e+00,1.0000005027e-04,1.0000005192e-04,1.0000005030e-04,6.1091939582e-09,6.1179660392e-09,6.0791111110e-09,2.5512666220e-08,2.2651333244e-08,6.8965669535e-07
8.1000000000e-01,8.1132119566e-03,-1.9433497270e-01,1.1214309794e+01,6.1426191244e-02,3.1712923651e-01,2.4622644376e-01,9.3711595118e-03,2.1706997226e-03,5.1191130932e-02,2.1967765328e-02,-2.7447312246e-02,2.7288297301e-02,9.9975802094e-01,6.8678234383e-03,9.5217677720e-03,-1.8602916408e-02,1.0507904136e-02,2.1717924293e-03,4.6957855030e-02,2.0139989012e-02,-2.7667929216e-02,2.8578128724e-02,9.9865015961e-01,7.3293945349e-03,1.3727253199e-02,-4.9555031998e-02,1.0000000000e+00,1.0000005052e-04,1.0000005216e-04,1.0000005055e-04,6.1092564332e-09,6.1158372746e-09,6.0790712725e-09,2.5281611485e-08,2.2501296575e-08,6.8824715508e-07
8.1500000000e-01,-2.1447019223e-01,-1.0657639500e-01,1.0842176575e+01,7.0000304197e-02,3.7694738074e-01,2.5271631146e-01,9.4988782257e-03,2.0262475585e-03,5.1353276421e-02,2.5580449562e-02,-2.8944391186e-02,3.2462985049e-02,9.9975897306e-01,7.0692169253e-03,1.0453615070e-02,-1.7965074311e-02,1.0618320678e-02,2.0329146731e-03,4.7098774400e-02,2.3590342562e-02,-2.8949402602e-02,3.2961859923e-02,9.9867278100e-01,7.5367264667e-03,1.4858651232e-02,-4.8734943570e-02,1.0000000000e+00,1.0000005077e-04,1.0000005240e-04,1.0000005080e-04,6.1076746143e-09,6.1121223781e-09,6.0790330430e-09,2.5072372802e-08,2.2359254503e-08,6.8736796508e-07
8.2000000000e-01,-3.4722529423e-01,-8.5719032088e-02,1.0568908722e+01,7.6988348615e-02,4.2497167122e-01,2.6343592404e-01,9.6355696219e-03,1.8751560338e-03,5.1535949581e-02,2.7374313760e-02,-3.0278393204e-02,3.6577793225e-02,9.9975750073e-01,7.2917076703e-03,1.1506822084e-02,-1.7302132056e-02,1.0743934702e-02,1.8874560489e-03,4.7263600498e-02,2.5807610956e-02,-3.0200417079e-02,3.6654694463e-02,9.9868962305e-01,7.7828468505e-03,1.6060654866e-02,-4.7963730702e-02,1.0000000000e+00,1.0000005102e-04,1.0000005264e-04,1.0000005105e-04,6.1060916103e-09,6.1091178823e-09,6.0790180901e-09,2.4886689720e-08,2.2226116196e-08,6.8681130847e-07
8.2500000000e-01,8.4960930272e-01,-4.3624576347e-01,1.2662513865e+01,8.3729712575e-02,4.6302006526e-01,2.7454743599e-01,9.7761940898e-03,1.7176186654e-03,5.1733897391e-02,2.8160227288e-02,-3.1569270405e-02,3.9640952132e-02,9.9975362639e-01,7.5291399377e-03,1.2655766111e-02,-1.6608135393e-02,1.0865965388e-02,1.7405558247e-03,4.7424827294e-02,2.9581379372e-02,-3.2460416168e-02,4.3980809849e-02,9.9870828811e-01,7.9814242078e-03,1.7074136509e-02,-4.7186078422e-02,1.0000000000e+00,1.0000005128e-04,1.0000005291e-04,1.0000005130e-04,6.1135596831e-09,6.1257329044e-09,6.0792032978e-09,2.4639066880e-08,2.2060231755e-08,6.8404617940e-07
8.3000000000e-01,5.1257395241e-02,-3.5814109664e-02,1.2154755464e+01,9.2798505574e-02,5.6542150201e-01,2.8324993970e-01,9.9720309479e-03,1.5452650281e-03,5.1981699151e-02,3.9198115778e-02,-3.4561475121e-02,4.9648866409e-02,9.9974448929e-01,7.7920124862e-03,1.4059667363e-02,-1.5892338997e-02,1.1027809350e-02,1.5761188594e-03,4.7633821415e-02,3.6341075797e-02,-3.4237183167e-02,5.2000609119e-02,9.9871680524e-01,8.3067189541e-03,1.8796019421e-02,-4.6286617987e-02,1.0000000000e+00,1.0000005152e-04,1.0000005315e-04,1.0000005155e-04,6.1129804013e-09,6.1230578090e-09,6.0791075694e-09,2.4370350662e-08,2.1892585890e-08,6.8212261897e-07
8.3500000000e-01,-3.1411080357e-01,1.1530983963e-01,1.1544225342e+01,9.9267095783e-02,6.5664670951e-01,2.8772900020e-01,1.0196912767e-02,1.3659525968e-03,5.2272090672e-02,4.4999171912e-02,-3.5972414414e-02,5.8206535348e-02,9.9972931402e-01,8.0762180289e-03,1.5690993341e-02,-1.5161336358e-02,1.1224834802e-02,1.4021898377e-03,4.7889836561e-02,4.1870115188e-02,-3.5429428762e-02,5.9180269234e-02,9.9870973026e-01,8.6858205219e-03,2.0753517194e-02,-4.5527164703e-02,1.0000000000e+00,1.0000005177e-04,1.0000005338e-04,1.0000005180e-04,6.1103836125e-09,6.1167533382e-09,6.0790288198e-09,2.4134669901e-08,2.1737202687e-08,6.8111147217e-07
8.4000000000e-01,-4.8669822739e-01,1.8777393557e-01,1.1021626678e+01,1.0388535462e-01,7.3338907406e-01,2.9262232313e-01,1.0436533095e-02,1.1832278304e-03,5.2596256370e-02,4.7936747125e-02,-3.6657674398e-02,6.4996292026e-02,9.9970760774e-01,8.3762435856e-03,1.7512149536e-02,-1.4417426462e-02,1.1445955515e-02,1.2226861977e-03,4.8185788743e-02,4.5538513951e-02,-3.6142882236e-02,6.5115163622e-02,9.9869250213e-01,9.0892955311e-03,2.2810333342e-02,-4.4837033683e-02,1.0000000000e+00,1.0000005202e-04,1.0000005362e-04,1.0000005205e-04,6.1077213320e-09,6.1117654706e-09,6.0790037474e-09,2.3935531390e-08,2.1596742618e-08,6.8057294406e-07
8.4500000000e-01,1.1942690406e+00,-4.1029697737e-01,1.4191455106e+01,1.0852362817e-01,7.9273946437e-01,2.9630787663e-01,1.0683007720e-02,9.9839330430e-04,5.2945512662e-02,4.9296423764e-02,-3.7069248447e-02,7.0041747022e-02,9.9967909666e-01,8.6879401477e-03,1.9483791714e-02,-1.3660353155e-02,1.1663674808e-02,1.0470441117e-03,4.8478368767e-02,5.1311850689e-02,-3.8265492821e-02,7.6546408742e-02,9.9869235275e-01,9.3430815502e-03,2.4600702240e-02,-4.3830318607e-02,1.0000000000e+00,1.0000005228e-04,1.0000005390e-04,1.0000005230e-04,6.1185237424e-09,6.1396161600e-09,6.0793459864e-09,2.3644335346e-08,2.1406253497e-08,6.7641340963e-07
8.5000000000e-01,-5.5882446127e-02,-3.5052698140e-03,1.3250081819e+01,1.2405709926e-01,9.4721260256e-01,2.9824816659e-01,1.1013766373e-02,7.9881026397e-04,5.3369021571e-02,6.6137992397e-02,-4.0082208512e-02,8.5021890481e-02,9.9963728538e-01,9.0480855989e-03,2.1840406309e-02,-1.2900638398e-02,1.1942717193e-02,8.5369103831e-04,4.8845605983e-02,6.1518458285e-02,-3.9906860610e-02,8.8409421732e-02,9.9866232276e-01,9.7510026743e-03,2.7506813517e-02,-4.2683231488e-02,1.0000000000e+00,1.0000005252e-04,1.0000005413e-04,1.0000005255e-04,6.1180387729e-09,6.1324208143e-09,6.0791725606e-09,2.3329298004e-08,2.1216083099e-08,6.7381727183e-07
8.5500000000e-01,-5.2881184069e-01,2.2054633822e-01,1.2333802674e+01,1.4279514572e-01,1.0800725236e+00,2.9279003045e-01,1.1388881214e-02,5.9480244062e-04,5.3855797329e-02,7.4991838960e-02,-4.0999742306e-02,9.7794824171e-02,9.9958046191e-01,9.4575935093e-03,2.4532190272e-02,-1.2150133234e-02,1.2274387299e-02,6.5188391067e-04,4.9282630704e-02,7.0067795254e-02,-4.0583663413e-02,9.9085271847e-02,9.9859826762e-01,1.0260047057e-02,3.0730879102e-02,-4.1855040388e-02,1.0000000000e+00,1.0000005277e-04,1.0000005436e-04,1.0000005280e-04,6.1141736612e-09,6.1220383750e-09,6.0790421334e-09,2.3064274654e-08,2.1045044584e-08,6.7262479944e-07
8.6000000000e-01,-7.9202449449e-01,2.7140311784e-01,1.1402725631e+01,1.5889652152e-01,1.1941162326e+00,2.8607934089e-01,1.1786818578e-02,3.9040496018e-04,5.4392883217e-02,7.9536685653e-02,-4.1075478943e-02,1.0795086887e-01,9.9950746105e-01,9.9094507896e-03,2.7501267396e-02,-1.1415707655e-02,1.2643503708e-02,4.4748754613e-04,4.9780561601e-02,7.5707487313e-02,-4.0742101516e-02,1.0765615101e-01,9.9851193903e-01,1.0824866219e-02,3.4082453913e-02,-4.1171789025e-02,1.0000000000e+00,1.0000005302e-04,1.0000005460e-04,1.0000005305e-04,6.1097967247e-09,6.1137220919e-09,6.0790032749e-09,2.2855211781e-08,2.0898435207e-08,6.7213745393e-07
8.6500000000e-01,1.3612676460e+00,-1.2737618315e+00,1.5435681128e+01,1.6973651640e-01,1.2790191227e+00,2.8334293482e-01,1.2196973345e-02,1.9180287002e-04,5.4968033394e-02,8.1979418017e-02,-3.9912771109e-02,1.1562165197e-01,9.9941803959e-01,1.0393002355e-02,3.0682381292e-02,-1.0684527688e-02,1.3011795113e-02,2.5760388743e-04,5.0280303740e-02,8.3995937004e-02,-4.3628986967e-02,1.2322360145e-01,9.9848915456e-01,1.0908068367e-02,3.7101396657e-02,-3.9037272325e-02,1.0000000000e+00,1.0000005328e-04,1.0000005488e-04,1.0000005330e-04,6.1286753656e-09,6.1509929547e-09,6.0797104257e-09,2.2536053632e-08,2.0691601274e-08,6.6576988595e-07
8.7000000000e-01,1.1237616396e-01,-4.9248153710e-01,1.4207090236e+01,2.2518770669e-01,1.4816848912e+00,2.8804706436e-01,1.2716635583e-02,-3.2611022815e-05,5.5647136930e-02,1.0386996181e-01,-4.5188974902e-02,1.3668819255e-01,9.9929903540e-01,1.1019735784e-02,3.4368489474e-02,-9.9403318773e-03,1.3458402867e-02,3.8739565304e-05,5.0882039381e-02,9.8334837548e-02,-4.6212158118e-02,1.3990672475e-01,9.9841060665e-01,1.1352849932e-02,4.1479526313e-02,-3.6425571116e-02,1.0000000000e+00,1.0000005353e-04,1.0000005511e-04,1.0000005355e-04,6.1269353768e-09,6.1454007632e-09,6.0795289932e-09,2.2188279078e-08,2.0486663501e-08,6.6085853250e-07
8.7500000000e-01,-3.2701179622e-01,-1.4598033912e-02,1.2978023486e+01,2.6346420580e-01,1.6658412981e+00,2.7976792877e-01,1.3298180037e-02,-2.6953838567e-04,5.6418417210e-02,1.1621814157e-01,-4.7764869993e-02,1.5534732396e-01,9.9914640600e-01,1.1747430993e-02,3.8516912526e-02,-9.2143741864e-03,1.3976858542e-02,-1.9473037698e-04,5.1582589540e-02,1.1070982312e-01,-4.7783898009e-02,1.5545932925e-01,9.9824797065e-01,1.2092086560e-02,4.6234055349e-02,-3.4888145095e-02,1.0000000000e+00,1.0000005377e-04,1.0000005534e-04,1.0000005380e-04,6.1188478465e-09,6.1328446069e-09,6.0792569167e-09,2.1900497044e-08,2.0307324531e-08,6.5801140724e-07
8.8000000000e-01,-3.5723286240e-01,3.2671602377e-01,1.1862784168e+01,2.9223658897e-01,1.8275729933e+00,2.6450895030e-01,1.3917882726e-02,-5.1070044570e-04,5.7265520166e-02,1.2381197952e-01,-4.8637389914e-02,1.7066535467e-01,9.9895694087e-01,1.2545126146e-02,4.3069293712e-02,-8.5256109070e-03,1.4548206959e-02,-4.3567087802e-04,5.2370669129e-02,1.2018071296e-01,-4.8254899522e-02,1.6869798307e-01,9.9802287596e-01,1.3029786685e-02,5.1125818686e-02,-3.4157201030e-02,1.0000000000e+00,1.0000005402e-04,1.0000005557e-04,1.0000005405e-04,6.1116909973e-09,6.1241104043e-09,6.0791521111e-09,2.1673350779e-08,2.0157513033e-08,6.5601404838e-07
8.8500000000e-01,1.3744194706e+00,-1.3523209279e+00,1.4967492094e+01,3.0963646722e-01,1.9666007943e+00,2.4420610362e-01,1.4564554201e-02,-7.5091455251e-04,5.8171110231e-02,1.2916127062e-01,-4.8434334272e-02,1.8244988850e-01,9.9872810519e-01,1.3391023489e-02,4.7965464220e-02,-7.8845817810e-03,1.5139199951e-02,-6.6491851301e-04,5.3192491603e-02,1.3109857808e-01,-5.1991530472e-02,1.8667407603e-01,9.9784195486e-01,1.3466807484e-02,5.5854676545e-02,-3.1785740956e-02,1.0000000000e+00,1.0000005428e-04,1.0000005584e-04,1.0000005430e-04,6.1281689898e-09,6.1626447826e-09,6.0801755167e-09,2.1376111559e-08,1.9969162669e-08,6.4714861972e-07
8.9000000000e-01,4.3878976762e-01,-4.4579316209e-01,1.3237373744e+01,3.8734693229e-01,2.1921400939e+00,2.3806797905e-01,1.5318764095e-02,-1.0268335943e-03,5.9178670003e-02,1.5059595557e-01,-5.5608315229e-02,2.0318443142e-01,9.9844119824e-01,1.4436223225e-02,5.3423876519e-02,-7.2566204213e-03,1.5813709703e-02,-9.2717486711e-04,5.4127156776e-02,1.4666283966e-01,-5.5883300852e-02,2.0313691539e-01,9.9753771905e-01,1.4475577196e-02,6.1726230921e-02,-2.9980479645e-02,1.0000000000e+00,1.0000005452e-04,1.0000005607e-04,1.0000005455e-04,6.1220717031e-09,6.1549910951e-09,6.0799882569e-09,2.1086801441e-08,1.9798549620e-08,6.3976503744e-07
8.9500000000e-01,9.4755926677e-02,2.1846400409e-01,1.1881049079e+01,4.2682010666e-01,2.3942150144e+00,2.3783899461e-01,1.6141748417e-02,-1.3218183105e-03,6.0265430874e-02,1.6427444424e-01,-5.9412999639e-02,2.1925833055e-01,9.9809167271e-01,1.5586139409e-02,5.9382126468e-02,-6.6217960348e-03,1.6565808383e-02,-1.2113495547e-03,5.5156095326e-02,1.6045537232e-01,-5.8380289900e-02,2.1679372293e-01,9.9712381357e-01,1.5850167340e-02,6.8006886112e-02,-2.9460754459e-02,1.0000000000e+00,1.0000005477e-04,1.0000005629e-04,1.0000005480e-04,6.1118158070e-09,6.1408598594e-09,6.0796479143e-09,2.0856293850e-08,1.9657242193e-08,6.3468877233e-07
9.0000000000e-01,-7.4491970650e-02,6.0822955615e-01,1.0767403544e+01,4.4968295443e-01,2.5616723834e+00,2.3684436010e-01,1.7012192636e-02,-1.6226438114e-03,6.1410691138e-02,1.7368640810e-01,-6.0522567363e-02,2.3109287989e-01,9.9767650946e-01,1.6786423813e-02,6.5756345669e-02,-5.9917819597e-03,1.7380065692e-02,-1.5076242646e-03,5.6259982516e-02,1.7128244813e-01,-5.9252457298e-02,2.2720839235e-01,9.9663355110e-01,1.7376690373e-02,7.4515735279e-02,-2.9445214532e-02,1.0000000000e+00,1.0000005502e-04,1.0000005653e-04,1.0000005505e-04,6.1051824814e-09,6.1293257152e-09,6.0794745499e-09,2.0678845572e-08,1.9542960020e-08,6.3089004424e-07
9.0500000000e-01,5.7223285464e-01,-2.0090567651e+00,1.3735899872e+01,4.5278727284e-01,2.6968842458e+00,2.2806454825e-01,1.7918022813e-02,-1.9220129901e-03,6.2595116385e-02,1.8068241782e-01,-6.0146602492e-02,2.3897913013e-01,9.9719413299e-01,1.8000360529e-02,7.2463505288e-02,-5.3748077287e-03,1.8230184502e-02,-1.7888136283e-03,5.7383193835e-02,1.8185368923e-01,-6.4762921494e-02,2.4146482478e-01,9.9618995155e-01,1.8022167345e-02,8.1138385717e-02,-2.6407277089e-02,1.0000000000e+00,1.0000005528e-04,1.0000005677e-04,1.0000005530e-04,6.1262568424e-09,6.1516192168e-09,6.0804237360e-09,2.0457157427e-08,1.9399664105e-08,6.2199132624e-07
9.1000000000e-01,-3.6298960442e-01,-4.0297075793e-01,1.2146215988e+01,5.3718480720e-01,2.8802254190e+00,2.3876464842e-01,1.8920402307e-02,-2.2666288031e-03,6.3850947079e-02,1.9993060025e-01,-6.9474002312e-02,2.5363377000e-01,9.9662432293e-01,1.9431112112e-02,7.9623881713e-02,-4.7358516046e-03,1.9158733787e-02,-2.1165073447e-03,5.8593625442e-02,1.9596190292e-01,-6.9323257000e-02,2.5320004270e-01,9.9556374143e-01,1.9474501547e-02,8.8658646022e-02,-2.4763380712e-02,1.0000000000e+00,1.0000005552e-04,1.0000005699e-04,1.0000005555e-04,6.1167126867e-09,6.1388716899e-09,6.0799131881e-09,2.0249743669e-08,1.9270106104e-08,6.1614872982e-07
9.1500000000e-01,-6.2699177564e-01,5.1364712381e-01,1.0724080873e+01,5.7874698787e-01,3.0300947756e+00,2.3731209900e-01,1.9980127969e-02,-2.6267168101e-03,6.5159770570e-02,2.1133377865e-01,-7.2681704970e-02,2.6445271088e-01,9.9596633240e-01,2.0963575000e-02,8.7148024924e-02,-4.1006103545e-03,2.0155712023e-02,-2.4692293113e-03,5.9873967454e-02,2.0786187846e-01,-7.1224075111e-02,2.6173590971e-01,9.9481074096e-01,2.1313405028e-02,9.6424344974e-02,-2.4488244680e-02,1.0000000000e+00,1.0000005577e-04,1.0000005723e-04,1.0000005580e-04,6.1051412882e-09,6.1254958050e-09,6.0794727633e-09,2.0089191467e-08,1.9163958340e-08,6.1281342655e-07
9.2000000000e-01,-6.8693341592e-01,9.7560622058e-01,9.6012072041e+00,5.8968060815e-01,3.1407733829e+00,2.2843902374e-01,2.1075886987e-02,-2.9867467077e-03,6.6501618178e-02,2.1847500620e-01,-7.2658590099e-02,2.7114372310e-01,9.9522162108e-01,2.2522740513e-02,9.4944804489e-02,-3.4835616950e-03,2.1203984957e-02,-2.8310536148e-03,6.1203641010e-02,2.1669385020e-01,-7.1031522287e-02,2.6700960629e-01,9.9397143279e-01,2.3262202085e-02,1.0427396504e-01,-2.4629270643e-02,1.0000000000e+00,1.0000005602e-04,1.0000005746e-04,1.0000005605e-04,6.1001307488e-09,6.1163188849e-09,6.0793507216e-09,1.9968411289e-08,1.9079554934e-08,6.1027370108e-07
9.2500000000e-01,-1.2332214727e+00,-4.0764949805e-01,1.1047891487e+01,5.8258390658e-01,3.2193493918e+00,2.1654423222e-01,2.2195618121e-02,-3.3392532435e-03,6.7857607124e-02,2.2320731292e-01,-7.1069245150e-02,2.7395542972e-01,9.9439328053e-01,2.4063310964e-02,1.0293008161e-01,-2.8911925902e-03,2.2289722223e-02,-3.1796105394e-03,6.2540319741e-02,2.2271777124e-01,-7.2840953627e-02,2.7363578012e-01,9.9309500659e-01,2.4714119139e-02,1.1227010987e-01,-2.3386804601e-02,1.0000000000e+00,1.0000005627e-04,1.0000005770e-04,1.0000005630e-04,6.1028691799e-09,6.1151177064e-09,6.0793129946e-09,1.9843613582e-08,1.8987086171e-08,6.0809257346e-07
9.3000000000e-01,-1.7132465231e+00,7.8962463164e-01,9.6097025202e+00,6.4628683538e-01,3.2864637034e+00,1.8358299279e-01,2.3362592643e-02,-3.7024818607e-03,6.9228398357e-02,2.3265034233e-01,-7.3509264446e-02,2.7716177130e-01,9.9347493785e-01,2.5752686503e-02,1.1107944599e-01,-2.3882390192e-03,2.3417613367e-02,-3.5474634109e-03,6.3916358040e-02,2.2975961538e-01,-7.2595702509e-02,2.7570824473e-01,9.9207330918e-01,2.6669363588e-02,1.2059037414e-01,-2.3178781596e-02,1.0000000000e+00,1.0000005652e-04,1.0000005794e-04,1.0000005654e-04,6.0992216507e-09,6.1061523495e-09,6.0791136670e-09,1.9736340690e-08,1.8907772372e-08,6.0710980675e-07
9.3500000000e-01,-9.4518276981e-01,1.8182653852e+00,7.9811105723e+00,6.6598347268e-01,3.3187706071e+00,1.4882469908e-01,2.4546341332e-02,-4.0565065806e-03,7.0598205783e-02,2.3599661532e-01,-7.1753930375e-02,2.7704034076e-01,9.9247556375e-01,2.7481140103e-02,1.1930274783e-01,-1.9739963813e-03,2.4568216813e-02,-3.9197122641e-03,6.5314808429e-02,2.3566935098e-01,-6.9387313550e-02,2.7307070390e-01,9.9097770367e-01,2.8868960956e-02,1.2874752843e-01,-2.3533972148e-02,1.0000000000e+00,1.0000005677e-04,1.0000005818e-04,1.0000005679e-04,6.0993453154e-09,6.1033398735e-09,6.0793245621e-09,1.9659696187e-08,1.8850313204e-08,6.0502702872e-07
9.4000000000e-01,-1.2762141903e+00,1.7198083627e+00,7.2215939846e+00,6.3129030417e-01,3.3215179631e+00,1.0985813863e-01,2.5747230261e-02,-4.3852958914e-03,7.1939807571e-02,2.3940456607e-01,-6.6638057149e-02,2.7133278267e-01,9.9140684883e-01,2.9107177390e-02,1.2752458979e-01,-1.6466088838e-03,2.5747184645e-02,-4.2726422362e-03,6.6700515183e-02,2.3930162390e-01,-6.5160795628e-02,2.6726212588e-01,9.8982241211e-01,3.0858393455e-02,1.3690008526e-01,-2.3616068649e-02,1.0000000000e+00,1.0000005702e-04,1.0000005842e-04,1.0000005704e-04,6.0998383287e-09,6.0977528911e-09,6.0793825133e-09,1.9602337784e-08,1.8807037809e-08,6.0279875654e-07
9.4500000000e-01,2.5176150539e+00,-2.0880393856e+00,2.6537665106e+01,5.9892275700e-01,3.2921477301e+00,7.7713475290e-02,2.6950016449e-02,-4.6918242877e-03,7.3242298761e-02,2.3978140991e-01,-6.2051492389e-02,2.6335861139e-01,9.9027888478e-01,3.0638641404e-02,1.3567261167e-01,-1.3951518568e-03,2.6852348940e-02,-4.5704553285e-03,6.7879777300e-02,2.5806552007e-01,-7.0761949033e-02,2.9412184960e-01,9.8891458135e-01,3.1008474021e-02,1.4400979646e-01,-1.8644137572e-02,1.0000000000e+00,1.0000005728e-04,1.0000005873e-04,1.0000005730e-04,6.1623580339e-09,6.3818593969e-09,6.0868323503e-09,1.9163938894e-08,1.8493290995e-08,5.6241448240e-07
9.5000000000e-01,6.0824499077e+00,-2.6740453496e+00,1.5938559136e+01,4.3239975675e-01,1.7595311337e+00,8.7513505018e-02,2.8371482459e-02,-5.0975198900e-03,7.4675905136e-02,2.8412005904e-01,-8.1983118277e-02,2.8911502227e-01,9.8963889065e-01,3.1751133104e-02,1.4001904522e-01,-1.1826372285e-03,2.8142676540e-02,-4.9242650736e-03,6.9350386548e-02,3.0918925918e-01,-9.0262462010e-02,3.1186034308e-01,9.8824149916e-01,3.2190686523e-02,1.4833142732e-01,-1.8446861640e-02,0.0000000000e+00,1.0000005761e-04,1.0000005889e-04,1.0000005764e-04,1.6148809466e-08,1.8793207306e-08,1.5608762265e-08,1.9182596694e-08,1.8511948795e-08,5.6243314020e-07
9.5500000000e-01,7.6383623792e+00,-3.0564502985e+00,1.0140986657e+01,3.2606901070e-01,8.4337779628e-01,7.8744585123e-02,3.0014481612e-02,-5.6002972571e-03,7.6098647754e-02,3.2848534090e-01,-1.0139757439e-01,2.8661848151e-01,9.8931529104e-01,3.2593850384e-02,1.4209796932e-01,-1.0309958579e-03,2.9688622836e-02,-5.3755773837e-03,7.0909688263e-02,3.5977651518e-01,-1.1003393799e-01,2.9904803387e-01,9.8790359726e-01,3.3064285147e-02,1.5039332155e-01,-1.8305311034e-02,0.0000000000e+00,1.0000005849e-04,1.0000005923e-04,1.0000005851e-04,2.6534488550e-08,3.4098482723e-08,2.5239976805e-08,1.9201254494e-08,1.8530606595e-08,5.6245179800e-07
9.6000000000e-01,8.0203967518e+00,-3.1553334124e+00,7.1727437145e+00,2.5290855922e-01,2.7775675059e-01,6.0040960090e-02,3.1871600633e-02,-6.1980139480e-03,7.7436413703e-02,3.7121156601e-01,-1.2033745751e-01,2.6937760316e-01,9.8919572850e-01,3.3243098949e-02,1.4277888787e-01,-9.4671281479e-04,3.1487505412e-02,-5.9257470736e-03,7.2404928433e-02,4.0792347446e-01,-1.2935750329e-01,2.7125241627e-01,9.8778056067e-01,3.3724178741e-02,1.5106270871e-01,-1.8229145890e-02,0.0000000000e+00,1.0000006044e-04,1.0000006057e-04,1.0000006040e-04,3.7268008793e-08,5.1768867374e-08,3.4964391181e-08,1.9219912294e-08,1.8549264395e-08,5.6247045580e-07
9.6500000000e-01,1.7312490164e+01,-4.9323178882e+00,1.0280392368e+01,1.9397026732e-01,-8.6720470073e-02,3.8677191607e-02,3.3931143911e-02,-6.8888193387e-03,7.8653274042e-02,4.1157336654e-01,-1.3889067182e-01,2.4500970149e-01,9.8921042136e-01,3.3739324887e-02,1.4256066126e-01,-9.2632983603e-04,3.3527122784e-02,-6.5725345901e-03,7.3761190514e-02,5.0461516063e-01,-1.5988969202e-01,2.4369466705e-01,9.8779857618e-01,3.4213828554e-02,1.5083643405e-01,-1.8214197416e-02,0.0000000000e+00,1.0000006402e-04,1.0000006391e-04,1.0000006379e-04,4.9553784610e-08,8.5519414263e-08,4.5262285460e-08,1.9238570094e-08,1.8567922195e-08,5.6248911360e-07
9.7000000000e-01,1.4608103213e+01,-5.7883668718e+00,4.2298601328e+00,3.4671739350e-03,-1.7217547981e+00,7.8100851500e-02,3.6358884888e-02,-7.7310800218e-03,7.9670474694e-02,4.8486413771e-01,-1.6891477266e-01,2.0463201714e-01,9.8981463876e-01,3.3774936469e-02,1.3829486018e-01,-8.7533095173e-04,3.6050198587e-02,-7.3719830502e-03,7.4979663849e-02,5.7921943488e-01,-1.9216471879e-01,1.9112833501e-01,9.8844192266e-01,3.4173123427e-02,1.4657634147e-01,-1.8169735695e-02,0.0000000000e+00,1.0000006988e-04,1.0000007088e-04,1.0000006920e-04,6.2965807445e-08,1.2066720097e-07,5.5663392233e-08,1.9257227894e-08,1.8586579995e-08,5.6250777140e-07
9.7500000000e-01,1.1729885477e+01,-6.0211387070e+00,1.8762625877e+00,-1.1532456330e-01,-2.6488441715e+00,9.6997488064e-02,3.9074252585e-02,-8.7272994076e-03,8.0451193552e-02,5.4204811411e-01,-1.9961514099e-01,1.5730229296e-01,9.9071863490e-01,3.3515033965e-02,1.3172949564e-01,-8.1789039157e-04,3.8946295762e-02,-8.3328066441e-03,7.5935305524e-02,6.3663375875e-01,-2.2438306453e-01,1.3209380896e-01,9.8940507589e-01,3.3802617194e-02,1.4002454545e-01,-1.8113684029e-02,0.0000000000e+00,1.0000007873e-04,1.0000008371e-04,1.0000007716e-04,7.7501306918e-08,1.5402960562e-07,6.6051691464e-08,1.9275885694e-08,1.8605237795e-08,5.6252642920e-07
9.8000000000e-01,9.0217417873e+00,-5.9795158874e+00,1.2871538837e+00,-2.0350346791e-01,-3.1532635822e+00,1.0130780890e-01,4.2012616682e-02,-9.8755842681e-03,8.0999321878e-02,5.8645535079e-01,-2.3001821039e-01,1.1090593102e-01,9.9174332095e-01,3.3041950018e-02,1.2390655384e-01,-7.6211238255e-04,4.2129464556e-02,-9.4547219668e-03,7.6595774569e-02,6.8036468271e-01,-2.5584566985e-01,7.4810294378e-02,9.9049978243e-01,3.3190870269e-02,1.3222127003e-01,-1.8057765405e-02,0.0000000000e+00,1.0000009139e-04,1.0000010451e-04,1.0000008821e-04,9.3059750648e-08,1.8415138389e-07,7.6369223360e-08,1.9294543494e-08,1.8623895595e-08,5.6254508700e-07
9.8500000000e-01,3.8466927375e+01,-7.2760334410e+00,-2.5549351673e+01,-2.6978352893e-01,-3.4037744690e+00,1.0376387421e-01,4.5122665547e-02,-1.1171716833e-02,8.1336964420e-02,6.2072685147e-01,-2.5961240365e-01,6.8977290159e-02,9.9278374965e-01,3.2399144540e-02,1.1545658693e-01,-7.0597487913e-04,4.5531287969e-02,-1.0733950316e-02,7.6969826041e-02,8.3092058712e-01,-2.8830458481e-01,-1.5006547697e-01,9.9161584743e-01,3.2402256257e-02,1.2379152535e-01,-1.7993420236e-02,0.0000000000e+00,1.0000010875e-04,1.0000013508e-04,1.0000010289e-04,1.0965864042e-07,2.7891345970e-07,8.8941163561e-08,1.9313201294e-08,1.8642553395e-08,5.6256374480e-07
9.9000000000e-01,2.5796358149e+01,-7.1845154696e+00,-1.5816934472e+01,-3.6497455361e-01,-4.2430059616e+00,7.9302122137e-02,4.8794150202e-02,-1.2619639739e-02,8.0905124303e-02,7.3346032697e-01,-2.9007322229e-01,-8.3847526660e-02,9.9398170963e-01,3.1512993586e-02,1.0491292685e-01,-7.5494525094e-04,4.9685890905e-02,-1.2175473240e-02,7.6219498656e-02,9.3497200979e-01,-3.2226209132e-01,-3.0957501028e-01,9.9290585499e-01,3.1329329927e-02,1.1327611963e-01,-1.8026561874e-02,0.0000000000e+00,1.0000013164e-04,1.0000018338e-04,1.0000012193e-04,1.2866105340e-07,3.6238350884e-07,1.0116959429e-07,1.9331859094e-08,1.8661211195e-08,5.6258240260e-07
9.9500000000e-01,1.6546461344e+01,-6.8398746890e+00,-8.2315769881e+00,-4.3789165943e-01,-4.7763975915e+00,6.7124507112e-02,5.2857341006e-02,-1.4225020288e-02,7.9929251296e-02,8.1234166738e-01,-3.2189448435e-01,-1.9122145517e-01,9.9519760521e-01,3.0433383398e-02,9.3031149660e-02,-8.6079017719e-04,5.4360750954e-02,-1.3786783697e-02,7.4671623605e-02,1.0048486332e+00,-3.5601779941e-01,-4.1933755339e-01,9.9422437734e-01,3.0043898875e-02,1.0142645217e-01,-1.8108739533e-02,0.0000000000e+00,1.0000016124e-04,1.0000025367e-04,1.0000014596e-04,1.4895309696e-07,4.2849207090e-07,1.1284900491e-07,1.9350516894e-08,1.8679868995e-08,5.6260106040e-07
1.0000000000e+00,9.7668615955e+00,-6.3000147599e+00,-2.4430842747e+00,-5.0344838493e-01,-5.0761306393e+00,6.2037455633e-02,5.7183533422e-02,-1.5985904472e-02,7.8581184434e-02,8.6537089082e-01,-3.5328965972e-01,-2.6439745653e-01,9.9633586313e-01,2.9189438670e-02,8.0385643583e-02,-9.8631616944e-04,5.9384994120e-02,-1.5566872694e-02,7.2574935838e-02,1.0488695928e+00,-3.8812653700e-01,-4.9199782417e-01,9.9547124310e-01,2.8576068411e-02,8.8819645547e-02,-1.8206675695e-02,0.0000000000e+00,1.0000019885e-04,1.0000034913e-04,1.0000017557e-04,1.6972528641e-07,4.7656619300e-07,1.2394287599e-07,1.9369174694e-08,1.8698526795e-08,5.6261971820e-07
1.0050000000e+00,4.3957813001e+01,-3.2282812259e+00,-4.4820931747e+01,-5.5858062518e-01,-5.2059561231e+00,6.6895775953e-02,6.1673603883e-02,-1.7895760131e-02,7.6990448994e-02,8.9840489632e-01,-3.8327224579e-01,-3.1201316153e-01,9.9733750535e-01,2.7802196181e-02,6.7407168188e-02,-1.1008999514e-03,6.4629342083e-02,-1.7507505379e-02,7.0114946717e-02,1.2249817942e+00,-3.9760733179e-01,-8.0121177861e-01,9.9658484332e-01,2.6961434905e-02,7.5877101451e-02,-1.8286513405e-02,0.0000000000e+00,1.0000024573e-04,1.0000047158e-04,1.0000021129e-04,1.8629560520e-07,6.6113812182e-07,1.3937141903e-07,1.9387832494e-08,1.8717184595e-08,5.6263837600e-07
1.0100000000e+00,2.6747264669e+01,-3.3701635367e+00,-2.1655109091e+01,-6.3643278017e-01,-5.2306923054e+00,-7.1466490871e-02,6.6816443177e-02,-1.9861968700e-02,7.4452118519e-02,1.0317776106e+00,-3.9603120709e-01,-4.9722070290e-01,9.9817632930e-01,2.6197090414e-02,5.4362874514e-02,-1.5511152566e-03,7.0754251055e-02,-1.9495542038e-02,6.6108887824e-02,1.3401372327e+00,-4.1263057660e-01,-9.7834954182e-01,9.9753018402e-01,2.5120815700e-02,6.2872733526e-02,-1.8694811420e-02,0.0000000000e+00,1.0000030189e-04,1.0000064344e-04,1.0000025433e-04,2.0424923052e-07,8.0433454773e-07,1.5346765571e-07,1.9406490294e-08,1.8735842395e-08,5.6265703380e-07
1.0150000000e+00,1.4814948374e+01,-3.1688897575e+00,-6.2591902637e+00,-6.8464954800e-01,-5.3495032651e+00,-1.5789702765e-01,7.2385934631e-02,-2.1901205296e-02,7.1377047016e-02,1.1188156395e+00,-4.1185519644e-01,-6.0099322901e-01,9.9885617705e-01,2.4463012136e-02,4.1024218291e-02,-2.2163298993e-03,7.7454937218e-02,-2.1558694921e-02,6.1217140115e-02,1.4090373507e+00,-4.2933070322e-01,-1.0685265406e+00,9.9831587454e-01,2.3136355661e-02,4.9568604556e-02,-1.9315204757e-02,0.0000000000e+00,1.0000036872e-04,1.0000086892e-04,1.0000030530e-04,2.2144230940e-07,9.0093640937e-07,1.6603600530e-07,1.9425148094e-08,1.8754500195e-08,5.6267569160e-07
1.0200000000e+00,6.3998791061e+00,-2.7559582731e+00,4.1178369367e+00,-7.1172681398e-01,-5.4372861716e+00,-2.0612888107e-01,7.8209076682e-02,-2.4016385943e-02,6.8041524054e-02,1.1702339523e+00,-4.2773998182e-01,-6.5071486547e-01,9.9936185638e-01,2.2647772810e-02,2.7456896128e-02,-3.0128484112e-03,8.4500123972e-02,-2.3705348437e-02,5.5874507412e-02,1.4423119077e+00,-4.4523667030e-01,-1.1009163318e+00,9.9892691894e-01,2.1069823255e-02,3.6040332067e-02,-2.0054117461e-02,0.0000000000e+00,1.0000044738e-04,1.0000114942e-04,1.0000036471e-04,2.3718003226e-07,9.5439860339e-07,1.7716006171e-07,1.9443805894e-08,1.8773157995e-08,5.6269434940e-07
1.0250000000e+00,1.8928578580e+01,5.2373673990e+00,-2.0915689121e+01,-7.3182152022e-01,-5.4570088564e+00,-2.3382143147e-01,8.4151781691e-02,-2.6202679524e-02,6.4628124811e-02,1.1940774348e+00,-4.4218549398e-01,-6.6510599538e-01,9.9968079224e-01,2.0780673901e-02,1.3835767303e-02,-3.8792738396e-03,9.1711683510e-02,-2.5931531788e-02,5.0369925753e-02,1.5302801447e+00,-4.1818895686e-01,-1.2600103656e+00,9.9935060888e-01,1.8945644031e-02,2.2458465237e-02,-2.0857622911e-02,0.0000000000e+00,1.0000053876e-04,1.0000148348e-04,1.0000043298e-04,2.3827084092e-07,1.0860374317e-06,1.9029315206e-07,1.9462463694e-08,1.8791815795e-08,5.6271300720e-07
1.0300000000e+00,7.4628822110e+00,3.2108593515e+00,-1.6163101529e+00,-9.5699770491e-01,-4.8835352317e+00,-4.8511335047e-01,9.0387904834e-02,-2.8312680509e-02,6.0794878164e-02,1.2547432104e+00,-4.2958230867e-01,-7.4577332172e-01,9.9981602382e-01,1.8352282923e-02,1.6622435996e-03,-5.3243943112e-03,9.9363084233e-02,-2.8022476573e-02,4.4069873925e-02,1.5678510079e+00,-4.0337037599e-01,-1.3182395309e+00,9.9956675101e-01,1.6271408329e-02,1.0328995455e-02,-2.2245525594e-02,0.0000000000e+00,1.0000063978e-04,1.0000189000e-04,1.0000051109e-04,2.4212255432e-07,1.1503001137e-06,2.0135629137e-07,1.9481121494e-08,1.8810473595e-08,5.6273166500e-07
1.0350000000e+00,-2.9674895982e-01,2.3071091967e+00,1.0061545568e+01,-1.0335979563e+00,-4.5811782630e+00,-6.4243313226e-01,9.6737980744e-02,-3.0374402043e-02,5.6834763620e-02,1.2779454640e+00,-4.2140316346e-01,-7.6958934800e-01,9.9980313422e-01,1.5735053651e-02,-9.7494225939e-03,-7.1449034143e-03,1.0720233927e-01,-3.0039328452e-02,3.7478676271e-02,1.5678883188e+00,-3.9344643397e-01,-1.3166175290e+00,9.9962118058e-01,1.3416091279e-02,-1.0358319207e-03,-2.4008974853e-02,0.0000000000e+00,1.0000075135e-04,1.0000236306e-04,1.0000059928e-04,2.4635465408e-07,1.1598227455e-06,2.1065567633e-07,1.9499779294e-08,1.8829131395e-08,5.6275032280e-07
1.0400000000e+00,-8.0210725183e+01,2.0899489518e+01,2.7630546187e+01,-1.0391708901e+00,-4.3875637683e+00,-7.4062494622e-01,1.0306825888e-01,-3.2396491468e-02,5.2919642331e-02,1.2734385677e+00,-4.1395893776e-01,-7.6046440133e-01,9.9965805397e-01,1.3112555645e-02,-2.0668671366e-02,-9.2001107528e-03,1.1833255546e-01,-4.0057937036e-02,5.2585322281e-02,1.2684890555e+00,-4.1101124475e-01,-7.8217060368e-01,9.9715851549e-01,5.6684692901e-03,-3.3441214097e-02,-6.7264021928e-02,1.0000000000e+00,1.0000025216e-04,1.0000031308e-04,1.0000024006e-04,9.5178168296e-09,9.8403885013e-09,9.5276288619e-09,1.9922422248e-08,1.7095586852e-08,1.5972609500e-07
1.0450000000e+00,-8.3690084878e+01,2.8979860365e+01,8.5285828161e+01,-7.9482792111e-01,-3.1944431027e-01,-1.2759438883e+00,1.0763556185e-01,-3.3932079711e-02,4.9481696510e-02,9.1854555156e-01,-3.1641850814e-01,-6.7554201321e-01,9.9963073041e-01,1.1197483157e-02,-2.1404035202e-02,-1.2445339076e-02,1.2701516686e-01,-4.1839107108e-02,4.5546800021e-02,8.8499740516e-01,-2.8839513946e-01,-5.9558849392e-01,9.9818847160e-01,-6.0953436500e-04,-4.8779305157e-02,-3.5213392735e-02,1.0000000000e+00,1.0000024571e-04,1.0000030079e-04,1.0000024082e-04,7.0848796257e-09,7.8991478317e-09,6.8446962897e-09,1.9869861533e-08,1.4923003405e-08,9.0059235080e-08
1.0500000000e+00,-5.4030231417e+01,1.7142838449e+01,6.5186505567e+01,-6.9574859187e-01,7.3893032857e-01,-1.0586646720e+00,1.1055706889e-01,-3.4773416560e-02,4.7285303028e-02,5.8643422734e-01,-1.7258905303e-01,-4.3517834562e-01,9.9964996748e-01,9.5413312977e-03,-1.9510106066e-02,-1.5108318198e-02,1.3140019514e-01,-4.3391661708e-02,4.2586771682e-02,5.8554285106e-01,-1.7424936271e-01,-4.0449993827e-01,9.9759568570e-01,-5.8705932852e-03,-5.6181486376e-02,-4.0150026031e-02,1.0000000000e+00,1.0000024123e-04,1.0000028496e-04,1.0000024065e-04,6.6396428528e-09,7.4598888934e-09,6.5151723766e-09,1.9773684851e-08,1.2804352533e-08,6.1789905151e-08
1.0550000000e+00,-3.4304357042e+01,9.2738667168e+00,4.7686326809e+01,-5.4428238619e-01,1.1665932950e+00,-7.3811867001e-01,1.1243535885e-01,-3.5188659161e-02,4.6016712885e-02,3.7633402160e-01,-8.4739860122e-02,-2.5247207752e-01,9.9968502959e-01,8.2614400235e-03,-1.6557497693e-02,-1.6954040876e-02,1.3412900260e-01,-4.4477000335e-02,4.0725467653e-02,3.8241176744e-01,-9.3075084342e-02,-2.4706747651e-01,9.9729279326e-01,-8.5173485940e-03,-5.6075470225e-02,-4.6798300471e-02,1.0000000000e+00,1.0000023968e-04,1.0000027808e-04,1.0000023992e-04,6.3925396685e-09,6.8429478722e-09,6.3185812782e-09,1.9662042139e-08,1.1635300721e-08,5.2967207769e-08
1.0600000000e+00,-2.1859060790e+01,4.7030299100e+00,3.4910018157e+01,-4.5287568852e-01,1.2926791270e+00,-4.7874192777e-01,1.1364870889e-01,-3.5373010656e-02,4.5398938871e-02,2.4257363493e-01,-3.7602464884e-02,-1.2312813603e-01,9.9972084679e-01,7.2028282205e-03,-1.3302992426e-02,-1.8148778432e-02,1.3593721102e-01,-4.5026381603e-02,3.9565564565e-02,2.4831624688e-01,-4.4164969209e-02,-1.2800270794e-01,9.9727644482e-01,-9.9362125259e-03,-5.3213283033e-02,-5.0093021482e-02,1.0000000000e+00,1.0000023922e-04,1.0000027531e-04,1.0000023944e-04,6.2500984474e-09,6.4619163502e-09,6.1970276635e-09,1.9567951282e-08,1.1034418664e-08,5.0024295961e-08
1.0650000000e+00,-1.3898688724e+01,2.4508082581e+00,2.5917205226e+01,-4.0259468300e-01,1.2495536554e+00,-2.9635436323e-01,1.1442798133e-01,-3.5439931453e-02,4.5223600333e-02,1.5534198458e-01,-1.3928539959e-02,-3.4773968562e-02,9.9975041340e-01,6.2648418134e-03,-1.0157724155e-02,-1.8886061127e-02,1.3713754840e-01,-4.5253699481e-02,3.8965967856e-02,1.6003085559e-01,-1.6964852194e-02,-4.3015847608e-02,9.9737805045e-01,-1.0838482193e-02,-4.9888841516e-02,-5.1289914079e-02,1.0000000000e+00,1.0000023919e-04,1.0000027427e-04,1.0000023923e-04,6.1733798010e-09,6.2650334173e-09,6.1334327221e-09,1.9490159895e-08,1.0723337274e-08,4.9060615089e-08
1.0700000000e+00,-1.0474982307e+01,4.6670366948e-01,2.1082696209e+01,-3.7503021070e-01,1.1112894727e+00,-2.1783609570e-01,1.1501027650e-01,-3.5410762243e-02,4.5266904495e-02,1.1618066378e-01,5.8640567966e-03,8.8001451697e-03,9.9976964846e-01,5.3894756093e-03,-7.3564771170e-03,-1.9428994004e-02,1.3794231459e-01,-4.5369251384e-02,3.8723973764e-02,1.0919625394e-01,1.1508702011e-03,8.3451292464e-03,9.9745541543e-01,-1.2029657267e-02,-4.6439192132e-02,-5.2738818812e-02,1.0000000000e+00,1.0000023930e-04,1.0000027394e-04,1.0000023920e-04,6.1357381850e-09,6.1811857337e-09,6.1065241098e-09,1.9406686677e-08,1.0549682198e-08,4.8723294709e-08
1.0750000000e+00,-7.6642225770e+00,-4.6456458224e-01,1.7219731443e+01,-3.5177503730e-01,9.5365421767e-01,-1.4951588084e-01,1.1542911319e-01,-3.5341213579e-02,4.5464356338e-02,8.3653291156e-02,1.4028339353e-02,3.9682649966e-02,9.9978121628e-01,4.5582592374e-03,-4.9590495625e-03,-1.9802769234e-02,1.3851609871e-01,-4.5364372521e-02,3.8735765127e-02,7.5684751435e-02,1.0673009271e-02,4.0413175248e-02,9.9753948008e-01,-1.3121283458e-02,-4.3458789954e-02,-5.3424256387e-02,1.0000000000e+00,1.0000023948e-04,1.0000027389e-04,1.0000023927e-04,6.1159956060e-09,6.1386544252e-09,6.0935830095e-09,1.9336576344e-08,1.0442954845e-08,4.8608766074e-08
1.0800000000e+00,-5.3975932340e+00,-8.7083189610e-01,1.4299391388e+01,-3.3299123803e-01,7.8335860058e-01,-9.6619283665e-02,1.1571608978e-01,-3.5259145439e-02,4.5763511371e-02,5.7392147352e-02,1.6480871223e-02,6.0101227829e-02,9.9978751754e-01,3.7698763608e-03,-2.9846053234e-03,-2.0044947766e-02,1.3892191917e-01,-4.5300091886e-02,3.8920119441e-02,5.1546961488e-02,1.4507288887e-02,6.0192217983e-02,9.9761273466e-01,-1.4072535852e-02,-4.1093722967e-02,-5.3685205684e-02,1.0000000000e+00,1.0000023970e-04,1.0000027397e-04,1.0000023941e-04,6.1047734604e-09,6.1155330523e-09,6.0868053977e-09,1.9278722633e-08,1.0376205518e-08,4.8577847029e-08
1.0850000000e+00,-3.6608869633e+00,-8.1788621080e-01,1.2077338242e+01,-3.0934201455e-01,6.1896500999e-01,-6.0644944953e-02,1.1589943153e-01,-3.5177741274e-02,4.6122871789e-02,3.6733538298e-02,1.6284265817e-02,7.2189451116e-02,9.9979053757e-01,3.0299440665e-03,-1.4218231297e-03,-2.0191058724e-02,1.3919770469e-01,-4.5218454757e-02,3.9215472429e-02,3.3369481360e-02,1.5529389115e-02,7.1288209174e-02,9.9766745678e-01,-1.4870267472e-02,-3.9303217166e-02,-5.3793846788e-02,1.0000000000e+00,1.0000023994e-04,1.0000027411e-04,1.0000023958e-04,6.0976415885e-09,6.1027567684e-09,6.0830876271e-09,1.9230788632e-08,1.0335522772e-08,4.8577791494e-08
1.0900000000e+00,-1.8842393236e+00,-7.2070192987e-01,1.0279681432e+01,-2.8898476814e-01,4.6004949653e-01,-4.4558142422e-02,1.1598546307e-01,-3.5106070238e-02,4.6518582226e-02,1.7310443458e-02,1.4306113119e-02,7.9436027658e-02,9.9979108223e-01,2.3363367442e-03,-2.5503623889e-04,-2.0304392918e-02,1.3935986253e-01,-4.5141518995e-02,3.9584695859e-02,1.8244342609e-02,1.4456344228e-02,7.6831231051e-02,9.9769510628e-01,-1.5515671069e-02,-3.8118539264e-02,-5.3951050206e-02,1.0000000000e+00,1.0000024018e-04,1.0000027428e-04,1.0000023977e-04,6.0928218294e-09,6.0956159944e-09,6.0808073885e-09,1.9190221949e-08,1.0312366330e-08,4.8581452746e-08
1.0950000000e+00,-8.3482503564e-01,-6.8546516078e-01,9.0450685095e+00,-2.6073046385e-01,3.2111545449e-01,-3.1149375092e-02,1.1600796177e-01,-3.5042916897e-02,4.6921459011e-02,4.6205786705e-03,1.2599077532e-02,8.0829673557e-02,9.9979065232e-01,1.6992535946e-03,5.6253464182e-04,-2.0382532329e-02,1.3943889074e-01,-4.5072884104e-02,3.9987847066e-02,6.8707613944e-03,1.2786936949e-02,7.7609973886e-02,9.9770668243e-01,-1.6088088246e-02,-3.7342221238e-02,-5.4111992712e-02,1.0000000000e+00,1.0000024043e-04,1.0000027446e-04,1.0000023998e-04,6.0897095870e-09,6.0922267354e-09,6.0797405910e-09,1.9152405426e-08,1.0299982308e-08,4.8576035421e-08
1.1000000000e+00,-6.0488884313e-02,-5.9392189835e-01,8.3124546330e+00,-2.3371778542e-01,2.0337575551e-01,-1.8690000615e-02,1.1598977529e-01,-3.4987428032e-02,4.7311096152e-02,-3.5139395634e-03,1.1080617667e-02,7.8140711149e-02,9.9979003770e-01,1.1246508520e-03,1.0862054496e-03,-2.0431246594e-02,1.3945877675e-01,-4.5013252313e-02,4.0395867379e-02,-8.7751216436e-04,1.1193061161e-02,7.4965604443e-02,9.9770772353e-01,-1.6606930536e-02,-3.6882792746e-02,-5.4250971015e-02,1.0000000000e+00,1.0000024067e-04,1.0000027464e-04,1.0000024020e-04,6.0878065596e-09,6.0909865813e-09,6.0792603596e-09,1.9114836967e-08,1.0293644655e-08,4.8557180681e-08
1.1050000000e+00,3.3076098989e-01,-5.6572279370e-01,7.8812369377e+00,-2.0738119116e-01,1.1040164078e-01,-1.0087589535e-02,1.1594688257e-01,-3.4938637836e-02,4.7674981227e-02,-8.4603256457e-03,9.7657194157e-03,7.2955343413e-02,9.9978958292e-01,6.1519532330e-04,1.3723941256e-03,-2.0457955838e-02,1.3944145526e-01,-4.4960285014e-02,4.0789494936e-02,-6.0790281577e-03,9.7269711125e-03,6.9992476481e-02,9.9770265778e-01,-1.7084850237e-02,-3.6651843674e-02,-5.4352156409e-02,1.0000000000e+00,1.0000024091e-04,1.0000027483e-04,1.0000024042e-04,6.0866855245e-09,6.0905782359e-09,6.0790906242e-09,1.9077091150e-08,1.0290566688e-08,4.8527249264e-08
1.1100000000e+00,5.5063734747e-01,-5.2101759691e-01,7.7099708867e+00,-1.8017725487e-01,4.0158230635e-02,1.1881298851e-03,1.1589255613e-01,-3.4896939942e-02,4.8005587290e-02,-1.0756119488e-02,8.3905667652e-03,6.6276735796e-02,9.9978971595e-01,1.6512392637e-04,1.4862889569e-03,-2.0452079383e-02,1.3940179808e-01,-4.4913731193e-02,4.1155367089e-02,-9.0442693222e-03,8.3588929587e-03,6.3678704727e-02,9.9769506037e-01,-1.7513141955e-02,-3.6579465235e-02,-5.4404035679e-02,1.0000000000e+00,1.0000024115e-04,1.0000027502e-04,1.0000024065e-04,6.0860852976e-09,6.0905858552e-09,6.0790342786e-09,1.9038336186e-08,1.0289030455e-08,4.8489958348e-08
1.1150000000e+00,6.6226703804e-01,-4.3392143494e-01,7.7254624039e+00,-1.5463247861e-01,-9.6463626086e-03,1.2887460976e-02,1.1583303088e-01,-3.4861316556e-02,4.8299265503e-02,-1.1810590580e-02,7.2074108448e-03,5.8876805784e-02,9.9979037006e-01,-2.2626190378e-04,1.4693780070e-03,-2.0420716455e-02,1.3934997086e-01,-4.4874005412e-02,4.1486416545e-02,-1.0610815644e-02,7.2633131947e-03,5.6746611625e-02,9.9768634591e-01,-1.7885602445e-02,-3.6620065947e-02,-5.4415357946e-02,1.0000000000e+00,1.0000024139e-04,1.0000027521e-04,1.0000024088e-04,6.0858152727e-09,6.0908503150e-09,6.0790134969e-09,1.8998072868e-08,1.0288036001e-08,4.8448068688e-08
1.1200000000e+00,7.2794465940e-01,-3.9753587980e-01,7.8076783639e+00,-1.3278136876e-01,-4.6844071586e-02,1.9603146784e-02,1.1577282765e-01,-3.4831117490e-02,4.8555893258e-02,-1.1963072966e-02,6.1420701412e-03,5.1458388436e-02,9.9979142866e-01,-5.6189730233e-04,1.3583699976e-03,-2.0370034000e-02,1.3929254038e-01,-4.4839697064e-02,4.1780234369e-02,-1.1193729512e-02,6.2609194624e-03,4.9687259027e-02,9.9767674451e-01,-1.8209981283e-02,-3.6743719041e-02,-5.4400451763e-02,1.0000000000e+00,1.0000024163e-04,1.0000027540e-04,1.0000024111e-04,6.0857711041e-09,6.0912216902e-09,6.0790071320e-09,1.8955877725e-08,1.0287010619e-08,4.8402895519e-08
1.1250000000e+00,6.5416652339e-01,-3.0534761024e-01,7.9834458170e+00,-1.1255803254e-01,-7.1322870978e-02,2.5148071840e-02,1.1571497571e-01,-3.4805755939e-02,4.8777156707e-02,-1.1509368136e-02,5.1848572012e-03,4.4381254641e-02,9.9979274435e-01,-8.4577618346e-04,1.1840519604e-03,-2.0306428032e-02,1.3923484581e-01,-4.4811327348e-02,4.2035858145e-02,-1.1297029359e-02,5.5047663661e-03,4.2944053015e-02,9.9766718647e-01,-1.8481685581e-02,-3.6914389983e-02,-5.4368558493e-02,1.0000000000e+00,1.0000024186e-04,1.0000027560e-04,1.0000024134e-04,6.0858478356e-09,6.0915297048e-09,6.0790024340e-09,1.8911973642e-08,1.0285633019e-08,4.8358270695e-08
1.1300000000e+00,6.1719053665e-01,-3.0439558488e-01,8.1226852914e+00,-9.3013023099e-02,-8.3780186503e-02,2.2558505833e-02,1.1566138138e-01,-3.4784633550e-02,4.8966032006e-02,-1.0662841017e-02,4.3836232562e-03,3.7898796548e-02,9.9979387108e-01,-1.0839884413e-03,9.7548514680e-04,-2.0250648301e-02,1.3917907241e-01,-4.4786519412e-02,4.2256043292e-02,-1.0918217658e-02,4.7509335361e-03,3.6625942169e-02,9.9765784909e-01,-1.8708546602e-02,-3.7103691453e-02,-5.4333438284e-02,1.0000000000e+00,1.0000024210e-04,1.0000027579e-04,1.0000024158e-04,6.0860112313e-09,6.0918038770e-09,6.0790011066e-09,1.8866459148e-08,1.0283781016e-08,4.8314323406e-08
1.1350000000e+00,5.3672058454e-01,-2.9562613083e-01,8.3120880343e+00,-7.6405341529e-02,-9.2033094901e-02,2.5123408492e-02,1.1561265826e-01,-3.4767550322e-02,4.9125238197e-02,-9.6980679398e-03,3.5955427427e-03,3.1963806601e-02,9.9979507024e-01,-1.2797682577e-03,7.5035786968e-04,-2.0189519082e-02,1.3912730458e-01,-4.4765518118e-02,4.2442726493e-02,-1.0369314636e-02,4.0331914959e-03,3.0898239390e-02,9.9764956361e-01,-1.8895814539e-02,-3.7301714597e-02,-5.4285159242e-02,1.0000000000e+00,1.0000024234e-04,1.0000027599e-04,1.0000024181e-04,6.0862497616e-09,6.0920719198e-09,6.0790009533e-09,1.8819373618e-08,1.0281273830e-08,4.8271882730e-08
1.1400000000e+00,4.3286384141e-01,-2.3003816276e-01,8.4864364024e+00,-6.0240870814e-02,-9.4499764459e-02,2.9374296112e-02,1.1556876183e-01,-3.4754313931e-02,4.9257340208e-02,-8.7438147862e-03,2.8274278819e-03,2.6543893622e-02,9.9979643070e-01,-1.4366047078e-03,5.1988336201e-04,-2.0118723814e-02,1.3907993502e-01,-4.4749232931e-02,4.2598777611e-02,-9.7919141137e-03,3.4546291990e-03,2.5678321418e-02,9.9764270828e-01,-1.9035695388e-02,-3.7495581832e-02,-5.4228684787e-02,1.0000000000e+00,1.0000024257e-04,1.0000027620e-04,1.0000024204e-04,6.0864646220e-09,6.0922767394e-09,6.0790026142e-09,1.8771167763e-08,1.0278152827e-08,4.8232280907e-08
1.1450000000e+00,4.6823789356e-01,-2.1576348996e-01,8.6286858602e+00,-4.6030646230e-02,-9.1792167484e-02,3.0812080143e-02,1.1552947630e-01,-3.4744415466e-02,4.9364957750e-02,-7.8324366934e-03,2.1501857642e-03,2.1648854790e-02,9.9979796023e-01,-1.5587969206e-03,2.9216226524e-04,-2.0038051592e-02,1.3903573711e-01,-4.4736416887e-02,4.2727648814e-02,-8.9659612822e-03,2.8529482136e-03,2.0937988320e-02,9.9763691634e-01,-1.9135440655e-02,-3.7681574030e-02,-5.4171182745e-02,1.0000000000e+00,1.0000024281e-04,1.0000027640e-04,1.0000024227e-04,6.0866951951e-09,6.0926618348e-09,6.0790037087e-09,1.8721222853e-08,1.0274373930e-08,4.8192324917e-08
1.1500000000e+00,4.2311362937e-01,-1.3610472904e-01,8.7896229256e+00,-3.4028927790e-02,-8.6717192475e-02,2.9903076271e-02,1.1549278347e-01,-3.4738054840e-02,4.9453027666e-02,-7.3178678692e-03,1.4681518509e-03,1.7737452923e-02,9.9979928824e-01,-1.6494105800e-03,7.6714759323e-05,-1.9966391795e-02,1.3899509849e-01,-4.4728505194e-02,4.2832622358e-02,-8.4291485488e-03,2.3832062308e-03,1.7003650845e-02,9.9763141764e-01,-1.9189515446e-02,-3.7858127172e-02,-5.4130206302e-02,1.0000000000e+00,1.0000024305e-04,1.0000027660e-04,1.0000024250e-04,6.0869014409e-09,6.0930065544e-09,6.0790071294e-09,1.8669950636e-08,1.0269974088e-08,4.8152947582e-08
1.1550000000e+00,3.9930798578e-01,-1.2716289511e-01,8.9206631055e+00,-2.4567003496e-02,-8.1412618116e-02,3.0091748130e-02,1.1546003394e-01,-3.4733357055e-02,4.9523046457e-02,-6.5345827179e-03,1.1394560258e-03,1.4127035494e-02,9.9980066882e-01,-1.7153020869e-03,-1.2155635882e-04,-1.9891344718e-02,1.3895803292e-01,-4.4722621856e-02,4.2916963042e-02,-7.8112894633e-03,2.0347807608e-03,1.3517797739e-02,9.9762727279e-01,-1.9221816049e-02,-3.8016142964e-02,-5.4084371642e-02,1.0000000000e+00,1.0000024328e-04,1.0000027680e-04,1.0000024273e-04,6.0871162658e-09,6.0933134577e-09,6.0790103934e-09,1.8617262855e-08,1.0265027744e-08,4.8114001470e-08
1.1600000000e+00,3.3924855520e-01,-4.4176207018e-02,9.0939435705e+00,-1.8839728207e-02,-7.2017434792e-02,3.4472127425e-02,1.1543177809e-01,-3.4729038631e-02,4.9577094658e-02,-5.6414448079e-03,1.0538862547e-03,1.0933377240e-02,9.9980219249e-01,-1.7648097203e-03,-2.9899399786e-04,-1.9808380532e-02,1.3892509544e-01,-4.4719023835e-02,4.2982194172e-02,-7.1550056326e-03,2.0358858376e-03,1.0533162870e-02,9.9762513578e-01,-1.9235190028e-02,-3.8142740241e-02,-5.4029874059e-02,1.0000000000e+00,1.0000024352e-04,1.0000027700e-04,1.0000024296e-04,6.0873348571e-09,6.0936258235e-09,6.0790177151e-09,1.8563139188e-08,1.0259516971e-08,4.8076396578e-08
1.1650000000e+00,3.0726727404e-01,-2.5931791354e-02,9.2002895286e+00,-1.3153650943e-02,-6.1675569326e-02,3.6351441204e-02,1.1540808673e-01,-3.4724353897e-02,4.9617554595e-02,-4.7337117487e-03,1.1101390122e-03,8.2162339214e-03,9.9980386446e-01,-1.8055937710e-03,-4.5349652676e-04,-1.9717169649e-02,1.3889627995e-01,-4.4715527041e-02,4.3031581053e-02,-6.4236032188e-03,2.1222107284e-03,7.9125912218e-03,9.9762479807e-01,-1.9232604363e-02,-3.8237351876e-02,-5.3970122529e-02,1.0000000000e+00,1.0000024376e-04,1.0000027720e-04,1.0000024318e-04,6.0875249705e-09,6.0938620084e-09,6.0790238818e-09,1.8507972498e-08,1.0253539095e-08,4.8039846032e-08
1.1700000000e+00,2.8132203677e-01,-4.1922805850e-02,9.3541333011e+00,-1.2737583948e-02,-5.1287854672e-02,3.4415882352e-02,1.1538801181e-01,-3.4719695109e-02,4.9648920436e-02,-4.0131829811e-03,1.1052220499e-03,6.3938050805e-03,9.9980544750e-01,-1.8400650378e-03,-5.8042560031e-04,-1.9630191611e-02,1.3887146710e-01,-4.4711701804e-02,4.3067692291e-02,-5.7782209104e-03,2.1401102121e-03,6.0746887807e-03,9.9762536238e-01,-1.9226238458e-02,-3.8302573756e-02,-5.3915683512e-02,1.0000000000e+00,1.0000024400e-04,1.0000027741e-04,1.0000024341e-04,6.0877776033e-09,6.0941679004e-09,6.0790276170e-09,1.8451492731e-08,1.0246897745e-08,4.8003572025e-08
1.1750000000e+00,2.0047722059e-01,-4.2555681106e-03,9.4335123417e+00,-1.0845849469e-02,-4.0617778705e-02,3.5184966341e-02,1.1537182237e-01,-3.4714325456e-02,4.9672322913e-02,-3.2389600295e-03,1.2410938152e-03,4.7984642967e-03,9.9980702384e-01,-1.8713743075e-03,-6.8117018947e-04,-1.9543516896e-02,1.3885089535e-01,-4.4707984642e-02,4.3093844381e-02,-5.2170312769e-03,2.3262771542e-03,4.5242807227e-03,9.9762751258e-01,-1.9212574237e-02,-3.8333060333e-02,-5.3859071865e-02,1.0000000000e+00,1.0000024423e-04,1.0000027761e-04,1.0000024364e-04,6.0879341259e-09,6.0942612253e-09,6.0790356890e-09,1.8394652787e-08,1.0239895430e-08,4.7969438410e-08
1.1800000000e+00,1.4702748899e-01,1.4875137741e-02,9.4890995512e+00,-1.0080788512e-02,-2.9745993530e-02,3.4469455923e-02,1.1535918151e-01,-3.4708190579e-02,4.9689071630e-02,-2.5320104889e-03,1.3842855031e-03,3.4657265532e-03,9.9980862384e-01,-1.9015766112e-03,-7.5773486209e-04,-1.9455732589e-02,1.3883386474e-01,-4.4703737412e-02,4.3111708334e-02,-4.6759077790e-03,2.5386271237e-03,3.2052778305e-03,9.9763087089e-01,-1.9192541061e-02,-3.8330189707e-02,-5.3806025355e-02,1.0000000000e+00,1.0000024447e-04,1.0000027782e-04,1.0000024386e-04,6.0880399500e-09,6.0942784163e-09,6.0790436843e-09,1.8337878638e-08,1.0232662532e-08,4.7937462525e-08
1.1850000000e+00,2.1877024589e-01,1.0109716475e-02,9.6123212074e+00,-1.1323382107e-02,-2.2428456440e-02,3.5549054848e-02,1.1534951470e-01,-3.4701481051e-02,4.9700463611e-02,-1.9397149627e-03,1.4877784639e-03,2.3929513463e-03,9.9981025183e-01,-1.9317567238e-03,-8.1258685199e-04,-1.9366681731e-02,1.3881894722e-01,-4.4698790932e-02,4.3122338517e-02,-3.9833941499e-03,2.6698525245e-03,2.2880389984e-03,9.9763473020e-01,-1.9171394314e-02,-3.8312360374e-02,-5.3754681434e-02,1.0000000000e+00,1.0000024471e-04,1.0000027802e-04,1.0000024409e-04,6.0882351962e-09,6.0946302465e-09,6.0790433185e-09,1.8279761384e-08,1.0224897170e-08,4.7903988775e-08
1.1900000000e+00,1.2478415644e-01,-8.1588402822e-03,9.6389904092e+00,-1.3537470548e-02,-1.2455465608e-02,3.7074582357e-02,1.1534297618e-01,-3.4693722409e-02,4.9708706167e-02,-1.3166410551e-03,1.6808712664e-03,1.7585404776e-03,9.9981190697e-01,-1.9649409289e-03,-8.4470240298e-04,-1.9276310771e-02,1.3880843748e-01,-4.4692635430e-02,4.3128432504e-02,-3.5224689024e-03,2.8241908434e-03,1.5816860633e-03,9.9764016099e-01,-1.9159067307e-02,-3.8262132514e-02,-5.3694026971e-02,1.0000000000e+00,1.0000024495e-04,1.0000027823e-04,1.0000024431e-04,6.0883359155e-09,6.0946119872e-09,6.0790477598e-09,1.8221838804e-08,1.0216933688e-08,4.7872321857e-08
1.1950000000e+00,8.1447944203e-02,-4.8524318039e-02,9.6681718518e+00,-1.4661402684e-02,-6.2994463880e-03,3.3524561734e-02,1.1533886097e-01,-3.4684815529e-02,4.9714346106e-02,-8.3408392421e-04,1.9028600854e-03,1.2342256805e-03,9.9981349817e-01,-2.0004906575e-03,-8.5774206573e-04,-1.9189351192e-02,1.3880100020e-01,-4.4684709017e-02,4.3130997191e-02,-3.1432863870e-03,2.9522678269e-03,1.0391914730e-03,9.9764619184e-01,-1.9156333281e-02,-3.8191433547e-02,-5.3633247248e-02,1.0000000000e+00,1.0000024518e-04,1.0000027844e-04,1.0000024454e-04,6.0884210931e-09,6.0945499783e-09,6.0790504729e-09,1.8164368685e-08,1.0208820751e-08,4.7842246828e-08
1.2000000000e+00,3.8230466867e-02,-8.6845852814e-02,9.6963278072e+00,-1.7187626035e-02,-3.9304383986e-04,3.4089451810e-02,1.1533631738e-01,-3.4675010797e-02,4.9717971255e-02,-5.2167510091e-04,2.0801726709e-03,8.2851745844e-04,9.9981500267e-01,-2.0376588341e-03,-8.5518477355e-04,-1.9106989437e-02,1.3879602547e-01,-4.4675259732e-02,4.3130840325e-02,-2.8980480607e-03,3.0469995736e-03,6.3098605359e-04,9.9765318296e-01,-1.9166081970e-02,-3.8102029279e-02,-5.3563263549e-02,1.0000000000e+00,1.0000024542e-04,1.0000027865e-04,1.0000024477e-04,6.0884984880e-09,6.0944717077e-09,6.0790533021e-09,1.8107464487e-08,1.0200568786e-08,4.7813646136e-08
1.2050000000e+00,5.4613893623e-02,-2.7184059927e-02,9.6934795504e+00,-1.3813090671e-02,5.4880547118e-03,3.1730042501e-02,1.1533457665e-01,-3.4664656556e-02,4.9720118820e-02,-3.6298833898e-04,2.1907955739e-03,5.3136054952e-04,9.9981642865e-01,-2.0756377161e-03,-8.4031083166e-04,-1.9028783791e-02,1.3879163405e-01,-4.4666339614e-02,4.3128908576e-02,-2.6573641418e-03,3.2635861666e-03,2.8348293963e-04,9.9766012852e-01,-1.9158062712e-02,-3.8002231550e-02,-5.3507634958e-02,1.0000000000e+00,1.0000024566e-04,1.0000027886e-04,1.0000024499e-04,6.0884919911e-09,6.0944470620e-09,6.0790558825e-09,1.8051070685e-08,1.0192350661e-08,4.7785675417e-08
1.2100000000e+00,4.8607831446e-02,-4.9780365020e-02,9.7526014663e+00,-1.8497155738e-02,1.0424581402e-02,3.6087818835e-02,1.1533549482e-01,-3.4652783685e-02,4.9720337294e-02,1.6688533556e-04,2.4668346221e-03,1.4152906066e-04,9.9981803918e-01,-2.1206052500e-03,-8.1255392456e-04,-1.8940203870e-02,1.3878926571e-01,-4.4655679905e-02,4.3124397609e-02,-2.2617888177e-03,3.4781884532e-03,2.6628519506e-05,9.9766832342e-01,-1.9167235542e-02,-3.7883657930e-02,-5.3435587340e-02,1.0000000000e+00,1.0000024590e-04,1.0000027907e-04,1.0000024522e-04,6.0885672439e-09,6.0945130854e-09,6.0790565905e-09,1.7994454301e-08,1.0183994647e-08,4.7758005098e-08
1.2150000000e+00,-3.6653385621e-02,-1.2496635042e-01,9.8070356068e+00,-2.0154416472e-02,1.6551022057e-02,3.4143322846e-02,1.1533769795e-01,-3.4639554647e-02,4.9719642303e-02,4.2169744790e-04,2.7321081129e-03,-4.4479736885e-05,9.9981956014e-01,-2.1705318234e-03,-7.7507806339e-04,-1.8855641042e-02,1.3878989203e-01,-4.4642469246e-02,4.3118189279e-02,-2.1363322956e-03,3.5999418875e-03,-8.8418938049e-05,9.9767747680e-01,-1.9191405265e-02,-3.7743263456e-02,-5.3355302583e-02,1.0000000000e+00,1.0000024614e-04,1.0000027929e-04,1.0000024544e-04,6.0886859955e-09,6.0944595818e-09,6.0790609883e-09,1.7938215765e-08,1.0175406127e-08,4.7731874346e-08
1.2200000000e+00,-1.4695530426e-02,-1.3529180523e-01,9.8047594606e+00,-2.1927725724e-02,1.6662940435e-02,3.1394436385e-02,1.1533994797e-01,-3.4625511564e-02,4.9718700816e-02,4.2830560243e-04,2.9004141877e-03,-9.5579639885e-05,9.9982092336e-01,-2.2234422724e-03,-7.3049151344e-04,-1.8778815010e-02,1.3879077125e-01,-4.4628332783e-02,4.3111786262e-02,-2.0370750749e-03,3.7258167748e-03,-1.6462271000e-04,9.9768611523e-01,-1.9221754903e-02,-3.7605526408e-02,-5.3280052467e-02,1.0000000000e+00,1.0000024637e-04,1.0000027950e-04,1.0000024567e-04,6.0887350658e-09,6.0944491868e-09,6.0790606816e-09,1.7882356446e-08,1.0166726546e-08,4.7705874651e-08
1.2250000000e+00,6.9479300050e-03,-6.3151828445e-02,9.7368427383e+00,-2.2890509688e-02,1.7939241878e-02,2.6303018909e-02,1.1534146717e-01,-3.4610978270e-02,4.9718073079e-02,2.7877460025e-04,3.0108265431e-03,-3.3209749412e-05,9.9982212728e-01,-2.2773340061e-03,-6.8149855781e-04,-1.8709973715e-02,1.3879097289e-01,-4.4614951506e-02,4.3106095298e-02,-2.0172223880e-03,3.9728303629e-03,-2.9048524621e-04,9.9769340287e-01,-1.9242275606e-02,-3.7472119854e-02,-5.3230150657e-02,1.0000000000e+00,1.0000024661e-04,1.0000027971e-04,1.0000024589e-04,6.0886316430e-09,6.0943375386e-09,6.0790603487e-09,1.7827488158e-08,1.0158332333e-08,4.7680297933e-08
1.2300000000e+00,-4.3740930341e-02,-8.5730198652e-02,9.7969678030e+00,-2.7975061623e-02,2.0639131470e-02,3.6019155990e-02,1.1534384995e-01,-3.4595421020e-02,4.9716003974e-02,4.5221539866e-04,3.1777197024e-03,-3.2310541254e-04,9.9982368694e-01,-2.3418001790e-03,-6.2816751809e-04,-1.8620322604e-02,1.3879215621e-01,-4.4600162820e-02,4.3098582005e-02,-2.0103799909e-03,4.1431022062e-03,-4.0432013404e-04,9.9770233283e-01,-1.9277992414e-02,-3.7324634402e-02,-5.3153417037e-02,1.0000000000e+00,1.0000024685e-04,1.0000027992e-04,1.0000024612e-04,6.0886641157e-09,6.0942953747e-09,6.0790640657e-09,1.7772918793e-08,1.0149904535e-08,4.7655918469e-08
1.2350000000e+00,-2.4656158644e-02,-1.7747556344e-01,9.8002146130e+00,-2.7358246438e-02,2.2051071463e-02,3.5379765420e-02,1.1534640510e-01,-3.4578709720e-02,4.9713773429e-02,4.8473845316e-04,3.4024307289e-03,-3.5666645482e-04,9.9982515649e-01,-2.4132154817e-03,-5.7257998926e-04,-1.8533887940e-02,1.3879372299e-01,-4.4582771912e-02,4.3090899569e-02,-1.9648352194e-03,4.1658809534e-03,-4.5356119654e-04,9.9771180234e-01,-1.9325669055e-02,-3.7172709133e-02,-5.3064749888e-02,1.0000000000e+00,1.0000024709e-04,1.0000028014e-04,1.0000024634e-04,6.0887302447e-09,6.0942866486e-09,6.0790608670e-09,1.7718542644e-08,1.0141382606e-08,4.7631211354e-08
1.2400000000e+00,-6.4423830611e-02,-1.7410335416e-01,9.8150918411e+00,-3.0894978639e-02,2.2696304118e-02,2.9211274285e-02,1.1534823186e-01,-3.4561145988e-02,4.9712232950e-02,3.3480536986e-04,3.5842353354e-03,-2.1855068212e-04,9.9982639351e-01,-2.4880489943e-03,-5.1629706005e-04,-1.8458761938e-02,1.3879560468e-01,-4.4564848952e-02,4.3083291842e-02,-2.1108781279e-03,4.3028524369e-03,-3.6558642113e-04,9.9772045155e-01,-1.9384632173e-02,-3.7018563411e-02,-5.2988324700e-02,1.0000000000e+00,1.0000024733e-04,1.0000028035e-04,1.0000024657e-04,6.0887621391e-09,6.0942218011e-09,6.0790634319e-09,1.7664718150e-08,1.0132830266e-08,4.7607311842e-08
1.2450000000e+00,-2.5092310347e-02,-6.2520024243e-02,9.7307590778e+00,-3.0345780180e-02,2.1186156949e-02,2.4787362851e-02,1.1534859714e-01,-3.4543173020e-02,4.9711854111e-02,3.6830397705e-05,3.6878788000e-03,1.5361013649e-05,9.9982739796e-01,-2.5632830695e-03,-4.6060999239e-04,-1.8395426255e-02,1.3879537785e-01,-4.4548331225e-02,4.3077291195e-02,-2.2320690419e-03,4.6226762995e-03,-3.5498238861e-04,9.9772744105e-01,-1.9424920598e-02,-3.6876678354e-02,-5.2940876728e-02,1.0000000000e+00,1.0000024757e-04,1.0000028056e-04,1.0000024679e-04,6.0886122710e-09,6.0940938750e-09,6.0790629197e-09,1.7611975333e-08,1.0124668842e-08,4.7583988878e-08
1.2500000000e+00,-1.9345440442e-02,-1.2016386554e-01,9.7775306067e+00,-3.7473732402e-02,2.1533147262e-02,3.6142824391e-02,1.1534729199e-01,-3.4525331842e-02,4.9710386033e-02,-2.9015375915e-04,3.6121550409e-03,-2.0251996426e-04,9.9982887388e-01,-2.6537861634e-03,-4.0652645168e-04,-1.8303417895e-02,1.3879407775e-01,-4.4530640082e-02,4.3070555977e-02,-2.4806380215e-03,4.5934687756e-03,-3.8675992665e-04,9.9773534236e-01,-1.9480454073e-02,-3.6736158402e-02,-5.2869208239e-02,1.0000000000e+00,1.0000024781e-04,1.0000028078e-04,1.0000024702e-04,6.0886381941e-09,6.0941147916e-09,6.0790607563e-09,1.7559432769e-08,1.0116444212e-08,4.7560391271e-08
1.2550000000e+00,-2.7096549819e-02,-1.5492112159e-01,9.8068529389e+00,-3.9878371079e-02,1.9729832216e-02,3.6627825192e-02,1.1534545723e-01,-3.4506830062e-02,4.9708822401e-02,-3.9547028871e-04,3.7346761616e-03,-2.2157764404e-04,9.9983025973e-01,-2.7535002532e-03,-3.5478837365e-04,-1.8213843290e-02,1.3879217012e-01,-4.4511992211e-02,4.3063416257e-02,-2.6628468907e-03,4.5950882611e-03,-3.5192401916e-04,9.9774343827e-01,-1.9551237767e-02,-3.6596006177e-02,-5.2787430621e-02,1.0000000000e+00,1.0000024805e-04,1.0000028099e-04,1.0000024725e-04,6.0886970229e-09,6.0941399669e-09,6.0790596189e-09,1.7506867980e-08,1.0108134197e-08,4.7536787966e-08
1.2600000000e+00,-5.8750671424e-02,-1.8263852227e-01,9.8141259746e+00,-4.1557690327e-02,1.9054535601e-02,3.1495690504e-02,1.1534302556e-01,-3.4487664636e-02,4.9707901609e-02,-5.1862764368e-04,3.8793151158e-03,-9.1619099349e-05,9.9983137766e-01,-2.8570551090e-03,-3.0533445853e-04,-1.8137261728e-02,1.3879000680e-01,-4.4492369671e-02,4.3056546055e-02,-2.8717294444e-03,4.6394760714e-03,-2.4743437640e-04,9.9775112390e-01,-1.9633603443e-02,-3.6453383558e-02,-5.2710219088e-02,1.0000000000e+00,1.0000024829e-04,1.0000028120e-04,1.0000024747e-04,6.0887352375e-09,6.0940857883e-09,6.0790612626e-09,1.7454666904e-08,1.0099794099e-08,4.7513879290e-08
1.2650000000e+00,1.9564259829e-02,-7.0110172242e-02,9.6683481698e+00,-4.1245532056e-02,1.7575351691e-02,2.6659532801e-02,1.1533959132e-01,-3.4468172885e-02,4.9708070429e-02,-7.2533775925e-04,3.9701198598e-03,1.2918472969e-04,9.9983222772e-01,-2.9601180890e-03,-2.5797962705e-04,-1.8074500026e-02,1.3878536665e-01,-4.4474312209e-02,4.3051988335e-02,-2.8783119840e-03,4.9049929530e-03,-3.5302675204e-04,9.9775712960e-01,-1.9700396888e-02,-3.6323610360e-02,-5.2661181441e-02,1.0000000000e+00,1.0000024853e-04,1.0000028142e-04,1.0000024770e-04,6.0885208348e-09,6.0939137373e-09,6.0790568405e-09,1.7403690986e-08,1.0092024975e-08,4.7490988103e-08
1.2700000000e+00,5.0473959027e-02,-9.3643222532e-02,9.7158986689e+00,-5.2202755565e-02,1.6471861763e-02,3.8307912000e-02,1.1533289098e-01,-3.4450196045e-02,4.9706696397e-02,-1.3644365035e-03,3.6080241809e-03,-1.7939915898e-04,9.9983358062e-01,-3.0840607204e-03,-2.1384757046e-04,-1.7979262879e-02,1.3877877937e-01,-4.4456860891e-02,4.3046393120e-02,-3.2166374750e-03,4.7421651271e-03,-4.8273587295e-04,9.9776295508e-01,-1.9779763200e-02,-3.6207880711e-02,-5.2600720555e-02,1.0000000000e+00,1.0000024877e-04,1.0000028163e-04,1.0000024792e-04,6.0885070999e-09,6.0939648471e-09,6.0790524951e-09,1.7353013211e-08,1.0084236541e-08,4.7467066400e-08
1.2750000000e+00,4.1978900048e-02,-8.7687444412e-02,9.7887016283e+00,-5.4541045803e-02,1.3522246014e-02,3.8583145565e-02,1.1532593487e-01,-3.4432156280e-02,4.9704678963e-02,-1.4112503405e-03,3.6047605739e-03,-3.0763358478e-04,9.9983485162e-01,-3.2194161364e-03,-1.7275462515e-04,-1.7885049707e-02,1.3877125493e-01,-4.4439800219e-02,4.3039242906e-02,-3.3981521480e-03,4.6987581864e-03,-4.7073233217e-04,9.9776873703e-01,-1.9869244644e-02,-3.6093852079e-02,-5.2535648582e-02,1.0000000000e+00,1.0000024901e-04,1.0000028184e-04,1.0000024815e-04,6.0885791901e-09,6.0940852025e-09,6.0790521668e-09,1.7301844389e-08,1.0076310418e-08,4.7442978171e-08
1.2800000000e+00,4.1850428392e-02,-1.5553425538e-01,9.7945437010e+00,-5.6818077009e-02,1.6322144623e-02,3.2220293476e-02,1.1531937403e-01,-3.4413755059e-02,4.9702800699e-02,-1.3336969609e-03,3.6843383459e-03,-2.7782037967e-04,9.9983585845e-01,-3.3583687562e-03,-1.3359895973e-04,-1.7803361197e-02,1.3876374214e-01,-4.4421357995e-02,4.3032126722e-02,-3.4324618395e-03,4.6023411859e-03,-4.3155021148e-04,9.9777442400e-01,-1.9976321912e-02,-3.5967296152e-02,-5.2473793314e-02,1.0000000000e+00,1.0000024925e-04,1.0000028206e-04,1.0000024838e-04,6.0886459152e-09,6.0941141733e-09,6.0790495598e-09,1.7250565668e-08,1.0068288236e-08,4.7418725543e-08
1.2850000000e+00,4.3125125317e-02,-5.8050783619e-03,9.6788091114e+00,-5.3474634668e-02,1.4032675422e-02,2.8333197450e-02,1.1531296642e-01,-3.4395267254e-02,4.9701620533e-02,-1.3076855182e-03,3.7237427106e-03,-1.3456067400e-04,9.9983660415e-01,-3.4948461898e-03,-9.5388045875e-05,-1.7735330708e-02,1.3875541360e-01,-4.4405464883e-02,4.3026327849e-02,-3.3758277135e-03,4.8728440765e-03,-5.6536660412e-04,9.9777890152e-01,-2.0058823327e-02,-3.5849657327e-02,-5.2437671219e-02,1.0000000000e+00,1.0000024949e-04,1.0000028227e-04,1.0000024860e-04,6.0884522345e-09,6.0939050529e-09,6.0790534138e-09,1.7200563362e-08,1.0060790453e-08,4.7395838965e-08
1.2900000000e+00,1.1215182856e-01,-3.2262198138e-03,9.7640126716e+00,-6.5805813896e-02,1.1707274092e-02,3.9280365412e-02,1.1530215051e-01,-3.4379404536e-02,4.9699157057e-02,-2.1731760831e-03,3.1363394568e-03,-3.8951651440e-04,9.9983777594e-01,-3.6582008199e-03,-5.9013222779e-05,-1.7636209290e-02,1.3874423320e-01,-4.4391461215e-02,4.3019301819e-02,-3.7533527595e-03,4.6214712040e-03,-5.9641712649e-04,9.9778228209e-01,-2.0146672545e-02,-3.5756760703e-02,-5.2403083849e-02,1.0000000000e+00,1.0000024973e-04,1.0000028248e-04,1.0000024883e-04,6.0884827785e-09,6.0940784485e-09,6.0790513502e-09,1.7150541509e-08,1.0053109356e-08,4.7371338445e-08
1.2950000000e+00,1.0858160282e-01,-5.5422223416e-02,9.7434644778e+00,-7.1479484177e-02,1.1979594714e-02,4.0294388480e-02,1.1529126582e-01,-3.4364412509e-02,4.9695853741e-02,-2.1807881816e-03,2.9384772555e-03,-5.5491091386e-04,9.9983888924e-01,-3.8346291603e-03,-2.4272320720e-05,-1.7535409716e-02,1.3873218512e-01,-4.4377591012e-02,4.3011907175e-02,-3.9168795582e-03,4.3035862860e-03,-7.4599634662e-04,9.9778605680e-01,-2.0258191937e-02,-3.5655732885e-02,-5.2357036032e-02,1.0000000000e+00,1.0000024997e-04,1.0000028269e-04,1.0000024906e-04,6.0884909213e-09,6.0940745532e-09,6.0790478772e-09,1.7100516661e-08,1.0045473568e-08,4.7346718209e-08
1.3000000000e+00,3.5275744865e-02,-1.3959192404e-01,9.7871792620e+00,-7.1033058792e-02,1.2993132160e-02,3.6932333023e-02,1.1528160062e-01,-3.4349907698e-02,4.9692265218e-02,-1.9362035824e-03,2.8378189983e-03,-6.0795764358e-04,9.9983979738e-01,-4.0131615927e-03,1.0004130947e-05,-1.7443451526e-02,1.3872145298e-01,-4.4363026192e-02,4.3003222931e-02,-3.9933091834e-03,3.9774666970e-03,-7.5585152666e-04,9.9779067700e-01,-2.0386732500e-02,-3.5538460808e-02,-5.2298793811e-02,1.0000000000e+00,1.0000025021e-04,1.0000028291e-04,1.0000024928e-04,6.0885735838e-09,6.0939985166e-09,6.0790480000e-09,1.7050664247e-08,1.0037720622e-08,4.7323408151e-08
1.3050000000e+00,3.4572797132e-02,7.6562019538e-02,9.7136835280e+00,-7.0205799965e-02,1.1750811125e-02,3.2353488331e-02,1.1527315349e-01,-3.4336116919e-02,4.9688898211e-02,-1.6947632042e-03,2.7044742008e-03,-5.5811064630e-04,9.9984050966e-01,-4.1855042439e-03,4.4788656150e-05,-1.7361877571e-02,1.3870998757e-01,-4.4353005421e-02,4.2994796380e-02,-3.8184017710e-03,4.1866532691e-03,-8.8850645511e-04,9.9779393109e-01,-2.0490639004e-02,-3.5424115736e-02,-5.2273672270e-02,1.0000000000e+00,1.0000025045e-04,1.0000028313e-04,1.0000024951e-04,6.0884096245e-09,6.0938312306e-09,6.0790586422e-09,1.7001829370e-08,1.0030411326e-08,4.7302049197e-08
1.3100000000e+00,1.0258570611e-01,4.7462753802e-02,9.6737660292e+00,-8.4024992129e-02,1.2228157423e-02,5.1446400032e-02,1.1526045344e-01,-3.4325236339e-02,4.9689618541e-02,-2.5317120753e-03,2.0565108414e-03,2.6902282523e-04,9.9984184997e-01,-4.3912384747e-03,7.9533638189e-05,-1.7233274659e-02,1.3869616267e-01,-4.4344613149e-02,4.2988579287e-02,-4.1238415240e-03,3.8032593014e-03,-5.0379788434e-04,9.9779744978e-01,-2.0607714597e-02,-3.5326975965e-02,-5.2226201093e-02,1.0000000000e+00,1.0000025069e-04,1.0000028334e-04,1.0000024974e-04,6.0883196808e-09,6.0937837637e-09,6.0790569350e-09,1.6953953703e-08,1.0023267894e-08,4.7279816419e-08
1.3150000000e+00,1.5840450712e-01,1.8483360867e-02,9.5874161407e+00,-9.0568915561e-02,1.1675741966e-02,6.1264142094e-02,1.1524618270e-01,-3.4317337557e-02,4.9692862188e-02,-2.8378749590e-03,1.4087201167e-03,7.8582671192e-04,9.9984342899e-01,-4.6138599412e-03,1.1331231341e-04,-1.7082650745e-02,1.3868012407e-01,-4.4338554383e-02,4.2985548141e-02,-4.3120549045e-03,3.1878888076e-03,-1.9744906128e-04,9.9780150548e-01,-2.0738858828e-02,-3.5234639445e-02,-5.2159137114e-02,1.0000000000e+00,1.0000025093e-04,1.0000028355e-04,1.0000024997e-04,6.0881999213e-09,6.0936786028e-09,6.0790503671e-09,1.6906780005e-08,1.0016438730e-08,4.7256756634e-08
1.3200000000e+00,1.0855788138e-01,3.5457974890e-03,9.6199423097e+00,-9.1422686313e-02,1.1700983378e-02,6.3041283240e-02,1.1523159225e-01,-3.4312481409e-02,4.9697290092e-02,-2.8984962060e-03,7.5369361265e-04,1.0373488844e-03,9.9984505536e-01,-4.8408284970e-03,1.4615357945e-04,-1.6923660576e-02,1.3866394718e-01,-4.4335413638e-02,4.2983383567e-02,-4.5230811277e-03,2.5370149169e-03,1.3313603792e-04,9.9780603976e-01,-2.0874176330e-02,-3.5136408341e-02,-5.2084629117e-02,1.0000000000e+00,1.0000025117e-04,1.0000028377e-04,1.0000025019e-04,6.0881872466e-09,6.0935904674e-09,6.0790501344e-09,1.6860027447e-08,1.0009676294e-08,4.7234548644e-08
1.3250000000e+00,1.7681337456e-01,2.9600360979e-01,9.5388778450e+00,-8.8590566843e-02,1.0187050402e-02,6.3578102727e-02,1.1521729741e-01,-3.4310739825e-02,4.9701857682e-02,-2.8403055386e-03,8.5871735068e-05,1.0825194126e-03,9.9984664586e-01,-5.0628796811e-03,1.7843992828e-04,-1.6763656371e-02,1.3864504642e-01,-4.4340496336e-02,4.2982636884e-02,-4.3629958736e-03,2.4272501706e-03,1.1992642620e-04,9.9780910822e-01,-2.0964680907e-02,-3.5050010446e-02,-5.2047694194e-02,1.0000000000e+00,1.0000025141e-04,1.0000028398e-04,1.0000025042e-04,6.0879815129e-09,6.0935313699e-09,6.0790709213e-09,1.6813901829e-08,1.0003463462e-08,4.7212558928e-08
1.3300000000e+00,6.7251386615e-02,7.4538419353e-02,9.6484869597e+00,-1.0690924753e-01,1.0938930841e-02,6.2957332947e-02,1.1520697660e-01,-3.4302484185e-02,4.9703655932e-02,-2.0439196867e-03,1.4156456169e-03,5.2842064581e-04,9.9984787660e-01,-5.3272520903e-03,2.1035352940e-04,-1.6607221387e-02,1.3863128550e-01,-4.4337905905e-02,4.2979995212e-02,-4.0846057117e-03,2.8000119311e-03,-7.0828727623e-06,9.9781389373e-01,-2.1166738598e-02,-3.4934971357e-02,-5.1951423704e-02,1.0000000000e+00,1.0000025165e-04,1.0000028420e-04,1.0000025065e-04,6.0880922362e-09,6.0934807785e-09,6.0790655435e-09,1.6767647394e-08,9.9973254082e-09,4.7192168149e-08
1.3350000000e+00,6.8742755119e-02,-2.2221344884e-02,9.7085440990e+00,-1.1612840283e-01,1.1293630009e-02,6.4827896193e-02,1.1519799557e-01,-3.4292894905e-02,4.9705046731e-02,-1.7735418320e-03,1.6815290963e-03,4.5345592972e-04,9.9984893911e-01,-5.6139117161e-03,2.4448194333e-04,-1.6447589174e-02,1.3861934730e-01,-4.4332135201e-02,4.2976351329e-02,-3.8313146391e-03,2.9322747059e-03,2.2277868520e-05,9.9781885609e-01,-2.1401706451e-02,-3.4815821461e-02,-5.1839714174e-02,1.0000000000e+00,1.0000025189e-04,1.0000028442e-04,1.0000025088e-04,6.0882404722e-09,6.0935445475e-09,6.0790569651e-09,1.6721258099e-08,9.9907875390e-09,4.7171897354e-08
1.3400000000e+00,7.8263926829e-02,-1.3145023387e-01,9.6818135563e+00,-1.1661691486e-01,1.2697475713e-02,6.5324616376e-02,1.1518917277e-01,-3.4284892873e-02,4.9706825466e-02,-1.7395964135e-03,1.3463077378e-03,5.4200762395e-04,9.9984990848e-01,-5.9069155061e-03,2.8103391570e-04,-1.6284651833e-02,1.3860838278e-01,-4.4325325936e-02,4.2973408094e-02,-3.7070717167e-03,2.5719339344e-03,4.4979902004e-05,9.9782398423e-01,-2.1639808679e-02,-3.4695820255e-02,-5.1722482901e-02,1.0000000000e+00,1.0000025213e-04,1.0000028463e-04,1.0000025111e-04,6.0883147098e-09,6.0935079394e-09,6.0790471811e-09,1.6675230560e-08,9.9839976585e-09,4.7151355656e-08
1.3450000000e+00,1.6358499882e-01,2.3702727436e-02,9.7678688022e+00,-1.1560491765e-01,1.2935145803e-02,6.5484983468e-02,1.1518015675e-01,-3.4280093173e-02,4.9708950827e-02,-1.7770955828e-03,6.7793674335e-04,6.2550737671e-04,9.9985081373e-01,-6.1937515568e-03,3.1927650486e-04,-1.6120973656e-02,1.3859594575e-01,-4.4324063118e-02,4.2969802723e-02,-3.4904298674e-03,2.3243451610e-03,2.7275482612e-04,9.9782782618e-01,-2.1845796107e-02,-3.4587383991e-02,-5.1634323449e-02,1.0000000000e+00,1.0000025237e-04,1.0000028485e-04,1.0000025134e-04,6.0883801588e-09,6.0937850058e-09,6.0790481045e-09,1.6628457429e-08,9.9769246510e-09,4.7129179992e-08
1.3500000000e+00,1.1782207309e-01,-3.5071345017e-02,9.7537394412e+00,-1.2076143589e-01,1.5910892072e-02,5.6437157497e-02,1.1517255729e-01,-3.4275162028e-02,4.9714704672e-02,-1.5031169915e-03,7.6593021286e-04,1.3540332056e-03,9.9985120762e-01,-6.4903509095e-03,3.6416301613e-04,-1.5978277438e-02,1.3858557000e-01,-4.4322107239e-02,4.2968507351e-02,-3.3332593946e-03,2.1825613720e-03,7.7538768053e-04,9.9783103134e-01,-2.2078512540e-02,-3.4465151384e-02,-5.1555072659e-02,1.0000000000e+00,1.0000025261e-04,1.0000028506e-04,1.0000025156e-04,6.0884050433e-09,6.0937653457e-09,6.0790477256e-09,1.6581813114e-08,9.9699019687e-09,4.7107454788e-08
1.3550000000e+00,1.4352958892e-01,-1.2356220438e-01,9.6650105100e+00,-1.1759018730e-01,1.8233529694e-02,5.7755954183e-02,1.1516430252e-01,-3.4272903811e-02,4.9722342095e-02,-1.6379358111e-03,2.3993718901e-04,1.7420225034e-03,9.9985148630e-01,-6.7853470935e-03,4.1509663946e-04,-1.5836417260e-02,1.3857525284e-01,-4.4320667096e-02,4.2970699135e-02,-3.3054580720e-03,1.6301087459e-03,1.0454244519e-03,9.9783454206e-01,-2.2304156860e-02,-3.4343436141e-02,-5.1471153568e-02,1.0000000000e+00,1.0000025285e-04,1.0000028528e-04,1.0000025179e-04,6.0883498662e-09,6.0936124251e-09,6.0790404975e-09,1.6536124741e-08,9.9630150732e-09,4.7085546201e-08
1.3600000000e+00,8.6819135941e-02,-8.5121420934e-02,9.6704679939e+00,-1.1261991924e-01,1.8377632316e-02,5.8249661192e-02,1.1515537360e-01,-3.4275357578e-02,4.9729718310e-02,-1.7735661613e-03,-7.2442162885e-04,1.7054400296e-03,9.9985183089e-01,-7.0675634659e-03,4.6927249770e-04,-1.5689027669e-02,1.3856487872e-01,-4.4323903628e-02,4.2973283376e-02,-3.4752234426e-03,9.2127517660e-04,1.1287992505e-03,9.9783805248e-01,-2.2502799200e-02,-3.4222110522e-02,-5.1397394872e-02,1.0000000000e+00,1.0000025309e-04,1.0000028549e-04,1.0000025202e-04,6.0883048691e-09,6.0934528881e-09,6.0790434379e-09,1.6491329543e-08,9.9561998322e-09,4.7065129416e-08
1.3650000000e+00,3.2529848505e-01,-2.8474378414e-01,9.7873556448e+00,-1.0583435940e-01,1.8599506705e-02,6.0734807550e-02,1.1514676602e-01,-3.4282247495e-02,4.9735419908e-02,-1.7099035248e-03,-1.6484903898e-03,1.3876112924e-03,9.9985223431e-01,-7.3326351427e-03,5.2492462435e-04,-1.5539190897e-02,1.3855255205e-01,-4.4328331141e-02,4.2975214935e-02,-3.0906990624e-03,-3.3517253880e-04,1.2457226265e-03,9.9784212792e-01,-2.2702414118e-02,-3.4111998758e-02,-5.1303603108e-02,1.0000000000e+00,1.0000025332e-04,1.0000028570e-04,1.0000025225e-04,6.0885504169e-09,6.0939654514e-09,6.0790236145e-09,1.6444566108e-08,9.9487548804e-09,4.7038929091e-08
1.3700000000e+00,1.7789432565e-01,-1.6778325206e-01,9.6252319766e+00,-8.5592580210e-02,2.7085157778e-02,5.2120793963e-02,1.1514551642e-01,-3.4294181555e-02,4.9748604852e-02,-2.4853415208e-04,-2.5895844469e-03,2.8940631204e-03,9.9985259497e-01,-7.5458066204e-03,6.0221020342e-04,-1.5410595994e-02,1.3854536677e-01,-4.4339379772e-02,4.2980686662e-02,-2.2874047760e-03,-1.1511343084e-03,1.8607766435e-03,9.9784804338e-01,-2.2848202960e-02,-3.3958220696e-02,-5.1225786470e-02,1.0000000000e+00,1.0000025356e-04,1.0000028592e-04,1.0000025248e-04,6.0883715942e-09,6.0936122566e-09,6.0790274609e-09,1.6398831293e-08,9.9418061282e-09,4.7015866679e-08
1.3750000000e+00,1.2736056778e-01,-7.2158761708e-02,9.6276064153e+00,-7.0958595362e-02,3.5637745519e-02,5.1420523213e-02,1.1514509036e-01,-3.4312518207e-02,4.9763453231e-02,-8.6691402403e-05,-3.8834518937e-03,3.2472018333e-03,9.9985316704e-01,-7.7235314519e-03,6.9550824060e-04,-1.5280958662e-02,1.3854060769e-01,-4.4357820619e-02,4.2988641039e-02,-1.9477760807e-03,-2.0574787337e-03,2.3066260537e-03,9.9785439389e-01,-2.2930660048e-02,-3.3794003206e-02,-5.1173809503e-02,1.0000000000e+00,1.0000025380e-04,1.0000028613e-04,1.0000025271e-04,6.0882471767e-09,6.0933856025e-09,6.0790359038e-09,1.6354590076e-08,9.9351385084e-09,4.6995115079e-08
1.3800000000e+00,1.2136231169e-01,1.7923491792e-02,9.7013154809e+00,-6.2514345212e-02,3.9578756455e-02,5.2610039953e-02,1.1514494923e-01,-3.4337158355e-02,4.9775714532e-02,-2.9822094502e-05,-5.2035759438e-03,2.7530980777e-03,9.9985394628e-01,-7.8763703934e-03,7.9844388635e-04,-1.5146332306e-02,1.3853634941e-01,-4.4383744037e-02,4.2996132368e-02,-1.7769095101e-03,-3.0301710049e-03,2.3171292049e-03,9.9786084045e-01,-2.2969309702e-02,-3.3627752286e-02,-5.1140279569e-02,1.0000000000e+00,1.0000025405e-04,1.0000028635e-04,1.0000025293e-04,6.0882416885e-09,6.0934088728e-09,6.0790458675e-09,1.6310680975e-08,9.9284680591e-09,4.6975398831e-08
1.3850000000e+00,8.0092476449e-01,-6.8533790403e-02,1.0746895389e+01,-5.4694108388e-02,4.3656195422e-02,5.2692840695e-02,1.1514634815e-01,-3.4366932391e-02,4.9782701585e-02,2.7588026554e-04,-6.3044744085e-03,1.7203157389e-03,9.9985481310e-01,-8.0103428894e-03,9.0559844484e-04,-1.5012229147e-02,1.3852695857e-01,-4.4415179433e-02,4.2993220955e-02,-3.4841826703e-04,-4.2820946176e-03,3.8363245182e-03,9.9786559193e-01,-2.2980936027e-02,-3.3495458241e-02,-5.1129162970e-02,1.0000000000e+00,1.0000025428e-04,1.0000028653e-04,1.0000025316e-04,6.0896120886e-09,6.0965739047e-09,6.0790263273e-09,1.6254428757e-08,9.9179851733e-09,4.6934815220e-08
1.3900000000e+00,1.5654266946e-02,-4.2677642883e-02,1.0747616805e+01,-5.8005972477e-02,7.7749580403e-02,5.2768972541e-02,1.1519170902e-01,-3.4393791665e-02,4.9799993106e-02,9.0700743839e-03,-5.5594596040e-03,3.7392418160e-03,9.9985544191e-01,-8.1501690061e-03,1.1026941586e-03,-1.4881333872e-02,1.3854854767e-01,-4.4443827264e-02,4.2991041471e-02,4.0531087442e-03,-4.1098398881e-03,5.5523853103e-03,9.9788268098e-01,-2.3077738139e-02,-3.3094388996e-02,-5.1013080881e-02,1.0000000000e+00,1.0000025452e-04,1.0000028675e-04,1.0000025339e-04,6.0900509125e-09,6.0963469722e-09,6.0790463352e-09,1.6194584542e-08,9.9068776688e-09,4.6908826879e-08
1.3950000000e+00,-3.0496501710e-01,-1.7270285401e-01,1.0669800316e+01,-6.8573789188e-02,1.1095799514e-01,6.4198161093e-02,1.1525504869e-01,-3.4424984960e-02,4.9825093775e-02,1.2668794621e-02,-6.3908515066e-03,5.2927447862e-03,9.9985608773e-01,-8.3133574031e-03,1.3835353020e-03,-1.4723373874e-02,1.3859377698e-01,-4.4472197904e-02,4.2997228515e-02,7.3437941853e-03,-4.7430162867e-03,6.9868489130e-03,9.9790397902e-01,-2.3190099155e-02,-3.2597235729e-02,-5.0865392738e-02,1.0000000000e+00,1.0000025476e-04,1.0000028698e-04,1.0000025361e-04,6.0901392609e-09,6.0955565957e-09,6.0790763849e-09,1.6138560974e-08,9.8955544256e-09,4.6893175254e-08
1.4000000000e+00,-5.0591067305e-01,-2.3447097807e-01,1.0611838319e+01,-7.5640969731e-02,1.3554667604e-01,7.7835458102e-02,1.1532491554e-01,-3.4464786682e-02,4.9853982864e-02,1.3973053018e-02,-8.1352418788e-03,6.0593949202e-03,9.9985683418e-01,-8.4973659709e-03,1.7282468148e-03,-1.4529937485e-02,1.3865323508e-01,-4.4506102503e-02,4.3010516439e-02,9.0498864434e-03,-6.1364527927e-03,7.8827717870e-03,9.9792757335e-01,-2.3294706359e-02,-3.2057217123e-02,-5.0697631358e-02,1.0000000000e+00,1.0000025500e-04,1.0000028721e-04,1.0000025384e-04,6.0900987993e-09,6.0948455893e-09,6.0791134508e-09,1.6086914597e-08,9.8842146126e-09,4.6884213265e-08
1.4050000000e+00,1.4529514236e+00,-4.8234750929e-01,1.4258184697e+01,-7.8334994709e-02,1.5025128016e-01,9.0106174324e-02,1.1539552751e-01,-3.4514017952e-02,4.9881838285e-02,1.4110830295e-02,-1.0058418729e-02,5.8720312504e-03,9.9985765739e-01,-8.6891936848e-03,2.1097665951e-03,-1.4307751905e-02,1.3869997970e-01,-4.4550631924e-02,4.2996758777e-02,1.3137248207e-02,-8.3637460783e-03,1.5523357976e-02,9.9794515119e-01,-2.3363015256e-02,-3.1631889016e-02,-5.0587234960e-02,1.0000000000e+00,1.0000025522e-04,1.0000028731e-04,1.0000025405e-04,6.0956411664e-09,6.1060796054e-09,6.0790067671e-09,1.5991055908e-08,9.8576917043e-09,4.6807114983e-08
1.4100000000e+00,-5.6292169475e-01,-1.8148224586e-01,1.3620411341e+01,-1.1045954324e-01,2.7470060659e-01,1.0195093722e-01,1.1557322788e-01,-3.4571705285e-02,4.9958296106e-02,3.5567596261e-02,-1.1587108240e-02,1.5550471243e-02,9.9985719058e-01,-8.9566221299e-03,2.8035573693e-03,-1.4054089235e-02,1.3882170856e-01,-4.4597865409e-02,4.3005459604e-02,2.4065286804e-02,-9.2415501168e-03,2.2874084798e-02,9.9799560051e-01,-2.3582985216e-02,-3.0368568024e-02,-5.0263050456e-02,1.0000000000e+00,1.0000025546e-04,1.0000028754e-04,1.0000025427e-04,6.0964683465e-09,6.1049185422e-09,6.0790910891e-09,1.5887524527e-08,9.8295078803e-09,4.6775880125e-08
1.4150000000e+00,-1.5397645719e+00,-1.3628674678e-01,1.2819612824e+01,-1.3301261180e-01,3.7909828579e-01,1.1638395048e-01,1.1579448669e-01,-3.4633797659e-02,5.0073697386e-02,4.4306548954e-02,-1.2442584010e-02,2.3395798671e-02,9.9985502537e-01,-9.2756509058e-03,3.7591288413e-03,-1.3775321685e-02,1.3900237466e-01,-4.4650379034e-02,4.3059381931e-02,3.1928405133e-02,-9.9007089634e-03,2.8845542194e-02,9.9805293669e-01,-2.3841534530e-02,-2.8826481138e-02,-4.9909425841e-02,1.0000000000e+00,1.0000025570e-04,1.0000028781e-04,1.0000025449e-04,6.0953587341e-09,6.1011380855e-09,6.0793121010e-09,1.5803204170e-08,9.8045584718e-09,4.6778345780e-08
1.4200000000e+00,-2.1713973419e+00,2.2583837038e-01,1.1783850357e+01,-1.4589367772e-01,4.5179271370e-01,1.1956276389e-01,1.1602457446e-01,-3.4698697476e-02,5.0214375393e-02,4.6087156794e-02,-1.3005505748e-02,2.8549788991e-02,9.9985085282e-01,-9.6222276331e-03,4.8955647696e-03,-1.3480292663e-02,1.3921373974e-01,-4.4714111898e-02,4.3156527592e-02,3.5113196954e-02,-9.7736006883e-03,3.2203694050e-02,9.9810709521e-01,-2.4058492622e-02,-2.7206781160e-02,-4.9630700968e-02,1.0000000000e+00,1.0000025596e-04,1.0000028809e-04,1.0000025471e-04,6.0931868264e-09,6.0971711598e-09,6.0795912201e-09,1.5742402880e-08,9.7853554690e-09,4.6799662412e-08
1.4250000000e+00,2.2178400250e+00,-2.4625231961e+00,1.9897966753e+01,-1.5147729661e-01,4.7874900178e-01,4.5868746270e-02,1.1624790629e-01,-3.4725022056e-02,5.0358954224e-02,4.4840141988e-02,-5.2359796977e-03,2.9380964452e-02,9.9984211694e-01,-9.9845969026e-03,6.0962635047e-03,-1.3374774489e-02,1.3941291238e-01,-4.4711778846e-02,4.3215449135e-02,4.2856988038e-02,-1.0208923679e-02,5.0630125708e-02,9.9815071748e-01,-2.4851212282e-02,-2.5854637451e-02,-4.9082585108e-02,1.0000000000e+00,1.0000025613e-04,1.0000028804e-04,1.0000025488e-04,6.1093869721e-09,6.1237414544e-09,6.0790996919e-09,1.5572102217e-08,9.7273741636e-09,4.6648662558e-08
1.4300000000e+00,-2.5238766712e-01,-1.3297902861e+00,1.7933942564e+01,-1.4704989030e-01,7.3694868852e-01,9.0520259501e-02,1.1663462533e-01,-3.4783010683e-02,5.0671985680e-02,7.7633095484e-02,-1.1901687277e-02,6.3381823785e-02,9.9982844213e-01,-1.0324045220e-02,7.9478820615e-03,-1.3165544676e-02,1.3972050459e-01,-4.4721151856e-02,4.3361972870e-02,6.1643580889e-02,-1.1921032068e-02,7.4321693580e-02,9.9824962953e-01,-2.5442195572e-02,-2.2931345612e-02,-4.8213330373e-02,1.0000000000e+00,1.0000025635e-04,1.0000028819e-04,1.0000025507e-04,6.1108251051e-09,6.1240002347e-09,6.0791423845e-09,1.5379506144e-08,9.6633008840e-09,4.6552404114e-08
1.4350000000e+00,-1.0806118731e+00,-7.0853641326e-01,1.5955638918e+01,-1.4349374548e-01,9.7537977534e-01,1.2458617740e-01,1.1710166702e-01,-3.4843015813e-02,5.1136559394e-02,9.3772440035e-02,-1.2646353377e-02,9.4049768476e-02,9.9980650028e-01,-1.0641588885e-02,1.0391810612e-02,-1.2873572197e-02,1.4011703073e-01,-4.4754285256e-02,4.3661592293e-02,7.7686811517e-02,-1.1869532756e-02,9.8264585833e-02,9.9834717022e-01,-2.5899741081e-02,-1.9470689156e-02,-4.7466023548e-02,1.0000000000e+00,1.0000025660e-04,1.0000028841e-04,1.0000025527e-04,6.1063374312e-09,6.1163638952e-09,6.0792198428e-09,1.5224481601e-08,9.6111748894e-09,4.6509922251e-08
1.4400000000e+00,-8.2454492725e-01,-2.6651303290e-01,1.4645252225e+01,-1.4727033280e-01,1.1767776107e+00,1.5796368120e-01,1.1761010500e-01,-3.4882612449e-02,5.1736372659e-02,1.0203978440e-01,-8.8425310611e-03,1.2141388710e-01,9.9977269017e-01,-1.0962480954e-02,1.3344083917e-02,-1.2503096989e-02,1.4057044649e-01,-4.4795234659e-02,4.4115940023e-02,8.9858764868e-02,-8.8473467343e-03,1.2172182209e-01,9.9843063719e-01,-2.6312985782e-02,-1.5792857192e-02,-4.6845225503e-02,1.0000000000e+00,1.0000025684e-04,1.0000028862e-04,1.0000025548e-04,6.1019198769e-09,6.1107753791e-09,6.0791956095e-09,1.5101410436e-08,9.5715518771e-09,4.6481337350e-08
1.4450000000e+00,3.6057760421e+00,-3.0636685322e+00,2.1213829735e+01,-1.7010793390e-01,1.3689494290e+00,1.6172200383e-01,1.1814137212e-01,-3.4903010731e-02,5.2462359998e-02,1.0652585769e-01,-5.1476964956e-03,1.4688334009e-01,9.9972154584e-01,-1.1332823434e-02,1.6775333224e-02,-1.2123782194e-02,1.4104842608e-01,-4.4767146011e-02,4.4664904215e-02,1.0528574601e-01,-1.0892312959e-02,1.5984692061e-01,9.9850638927e-01,-2.7243773888e-02,-1.2148467135e-02,-4.5773159314e-02,1.0000000000e+00,1.0000025698e-04,1.0000028846e-04,1.0000025563e-04,6.1177185785e-09,6.1414355635e-09,6.0792872753e-09,1.4868154581e-08,9.4944416355e-09,4.6188846531e-08
1.4500000000e+00,2.0719716262e+00,-1.8670306241e+00,1.8527908639e+01,-1.4457584191e-01,1.7952121864e+00,2.3626225176e-01,1.1885527343e-01,-3.4990542831e-02,5.3434985719e-02,1.4309740890e-01,-1.8923384429e-02,1.9687556345e-01,9.9963915024e-01,-1.1619986268e-02,2.1274513120e-02,-1.1573259099e-02,1.4164368419e-01,-4.4795155628e-02,4.5405556090e-02,1.3129795515e-01,-1.7748502522e-02,1.9968043816e-01,9.9859415049e-01,-2.7549683888e-02,-6.7745582117e-03,-4.4775471998e-02,1.0000000000e+00,1.0000025717e-04,1.0000028844e-04,1.0000025581e-04,6.1160600214e-09,6.1404962882e-09,6.0792924063e-09,1.4626627414e-08,9.4177293238e-09,4.5921091224e-08
1.4550000000e+00,2.1538597955e+00,-2.4169570447e+00,1.5674713580e+01,-1.3522000296e-01,2.2004131477e+00,2.9918618017e-01,1.1968850931e-01,-3.5119140307e-02,5.4617760309e-02,1.6697356225e-01,-2.7297115199e-02,2.3942875521e-01,9.9951166794e-01,-1.1863832167e-02,2.6784330694e-02,-1.0875420046e-02,1.4236650524e-01,-4.4849071881e-02,4.6391937494e-02,1.5650639832e-01,-2.6901635036e-02,2.3561216592e-01,9.9866085335e-01,-2.7895537662e-02,-5.8123327878e-04,-4.3566054870e-02,1.0000000000e+00,1.0000025735e-04,1.0000028846e-04,1.0000025600e-04,6.1103498830e-09,6.1307562350e-09,6.0794736751e-09,1.4431467177e-08,9.3579990796e-09,4.5669188613e-08
1.4600000000e+00,2.0954743185e+00,-1.2748811969e+00,1.3627341550e+01,-6.8726466163e-02,2.5758538176e+00,3.5088998366e-01,1.2061846380e-01,-3.5297027447e-02,5.5966324524e-02,1.8626139279e-01,-3.7191287910e-02,2.7292177844e-01,9.9932571449e-01,-1.1930476703e-02,3.3234207455e-02,-1.0063177268e-02,1.4318698650e-01,-4.4991805002e-02,4.7582422999e-02,1.7853979389e-01,-3.4518638189e-02,2.6588384414e-01,9.9868013323e-01,-2.7707453741e-02,6.2562065776e-03,-4.2791919469e-02,1.0000000000e+00,1.0000025756e-04,1.0000028853e-04,1.0000025621e-04,6.1024937546e-09,6.1211784213e-09,6.0793980048e-09,1.4284930786e-08,9.3161341649e-09,4.5462550964e-08
1.4650000000e+00,6.2776977636e+00,1.5234360723e+00,-3.4938303182e+01,-3.9004704040e-02,2.9121077822e+00,3.9771220370e-01,1.2162770726e-01,-3.5501762802e-02,5.7445598065e-02,2.0201600708e-01,-4.2537901222e-02,2.9923329294e-01,9.9906593205e-01,-1.1908271225e-02,4.0517754987e-02,-9.1524868685e-03,1.4407968547e-01,-4.5164398193e-02,4.8911842220e-02,2.0786210275e-01,-3.9208935497e-02,4.1680803307e-02,9.9864746733e-01,-2.7486333550e-02,1.3558354104e-02,-4.1998910694e-02,0.0000000000e+00,1.0000025795e-04,1.0000028913e-04,1.0000025657e-04,1.5648035526e-08,1.5676612668e-08,1.5515051610e-08,1.4303588586e-08,9.3347919649e-09,4.5481208764e-08
1.4700000000e+00,-1.2783367121e+00,-2.3315116229e+00,3.1326248542e+01,1.9602162889e-01,6.3929573019e+00,4.5613399168e-01,1.2266352742e-01,-3.5645849731e-02,5.8391650779e-02,2.0431772240e-01,-3.0982115679e-02,1.9394551791e-01,9.9830673549e-01,-1.1193323318e-02,5.6489582681e-02,-8.2035618967e-03,1.4512608415e-01,-4.5305232872e-02,4.9294790700e-02,2.0454916305e-01,-3.4084180695e-02,1.8130466213e-01,9.9837479209e-01,-2.6492506602e-02,2.9362347015e-02,-4.1033817631e-02,1.0000000000e+00,1.0000025829e-04,1.0000028909e-04,1.0000025702e-04,7.1383794889e-09,7.1440958956e-09,7.1378252862e-09,1.4305297657e-08,9.3474142655e-09,4.5384359923e-08
1.4750000000e+00,-3.0144536448e+00,-1.5058304001e+00,2.6576880089e+01,1.7187372780e-01,5.7530512341e+00,4.3467460275e-01,1.2383183829e-01,-3.5844847886e-02,5.9674683032e-02,2.3165742363e-01,-4.1893909685e-02,2.6189202429e-01,9.9740429594e-01,-1.0558924154e-02,7.0851824276e-02,-7.2937348185e-03,1.4624105703e-01,-4.5484569382e-02,5.0142545295e-02,2.1870904738e-01,-3.8787736144e-02,2.6343380682e-01,9.9787856701e-01,-2.5360153791e-02,4.4552895710e-02,-4.0128139548e-02,1.0000000000e+00,1.0000025860e-04,1.0000028919e-04,1.0000025733e-04,6.2623433659e-09,6.2767758096e-09,6.2351957113e-09,1.4142380966e-08,9.2939206786e-09,4.5271673812e-08
1.4800000000e+00,-3.0384591482e+00,-8.3963612652e-01,2.2076753349e+01,1.6311376691e-01,5.2967882415e+00,4.2989637283e-01,1.2506673384e-01,-3.6079175044e-02,6.1240132749e-02,2.4556659486e-01,-4.8797161859e-02,3.1869777796e-01,9.9639067040e-01,-9.9570287308e-03,8.4058479256e-02,-6.3766432038e-03,1.4739838706e-01,-4.5704413664e-02,5.1387104909e-02,2.3311939311e-01,-4.4058956106e-02,3.2144376980e-01,9.9721026800e-01,-2.4055373067e-02,5.8659541358e-02,-3.9396429111e-02,1.0000000000e+00,1.0000025887e-04,1.0000028934e-04,1.0000025756e-04,6.1405884731e-09,6.1577154503e-09,6.1028970492e-09,1.3937307910e-08,9.2163784906e-09,4.5166550702e-08
1.4850000000e+00,-4.9550093756e+00,1.0233502272e+00,2.6861686494e+01,1.5764796863e-01,4.9696535358e+00,4.3818225120e-01,1.2634158109e-01,-3.6334437683e-02,6.3027736653e-02,2.5395024262e-01,-5.2776421200e-02,3.6322908468e-01,9.9528014205e-01,-9.3715973170e-03,9.6437158316e-02,-5.4301470693e-03,1.4859736516e-01,-4.5999027156e-02,5.2833797820e-02,2.4272096831e-01,-4.4422739299e-02,3.8086282522e-01,9.9639503036e-01,-2.2251629891e-02,7.1903087595e-02,-3.9137634399e-02,1.0000000000e+00,1.0000025913e-04,1.0000028947e-04,1.0000025773e-04,6.1361994756e-09,6.1598280473e-09,6.0831093693e-09,1.3658902884e-08,9.1025710060e-09,4.5052952979e-08
1.4900000000e+00,-4.7418557468e-01,6.1539576068e-01,1.9593033617e+01,3.4455767186e-01,4.9117171432e+00,3.4526154437e-01,1.2771359213e-01,-3.6540659078e-02,6.5105247861e-02,2.7361083131e-01,-4.3288695186e-02,4.2249537207e-01,9.9403354651e-01,-8.3425414384e-03,1.0865152476e-01,-4.7493770206e-03,1.4983747872e-01,-4.6242590663e-02,5.4691175296e-02,2.6631923197e-01,-4.0998375470e-02,4.2498511387e-01,9.9544073618e-01,-2.0653151883e-02,8.4661526403e-02,-3.8776462180e-02,1.0000000000e+00,1.0000025933e-04,1.0000028947e-04,1.0000025789e-04,6.1203584240e-09,6.1486932814e-09,6.0800242339e-09,1.3422320032e-08,9.0227296801e-09,4.4844204712e-08
1.4950000000e+00,2.1881681150e-02,7.5066389676e-01,1.5142850934e+01,3.8805257497e-01,4.8810608727e+00,2.5920790221e-01,1.2921875449e-01,-3.6729690919e-02,6.7354571194e-02,3.0025593653e-01,-3.9737705117e-02,4.5749614961e-01,9.9264455376e-01,-7.2281541193e-03,1.2077289616e-01,-4.2954901671e-03,1.5119858097e-01,-4.6469607841e-02,5.6801443102e-02,2.9220349817e-01,-3.7767481864e-02,4.5467132058e-01,9.9432950565e-01,-1.8968743505e-02,9.7231777203e-02,-3.8665261736e-02,1.0000000000e+00,1.0000025952e-04,1.0000028954e-04,1.0000025808e-04,6.1060644155e-09,6.1310843281e-09,6.0798129056e-09,1.3255031131e-08,8.9754071500e-09,4.4643622644e-08
1.5000000000e+00,2.9547590455e-01,7.7578453685e-01,1.1726369351e+01,4.0041480311e-01,4.8789854782e+00,1.9650380608e-01,1.3082555987e-01,-3.6904949388e-02,6.9711071704e-02,3.2053048769e-01,-3.6686444198e-02,4.7913947827e-01,9.9110639072e-01,-6.1034568222e-03,1.3287159646e-01,-4.0011170689e-03,1.5267986226e-01,-4.6680520801e-02,5.9091535337e-02,3.1460025335e-01,-3.4966892895e-02,4.7266964768e-01,9.9307845250e-01,-1.7257052801e-02,1.0953513285e-01,-3.8722551292e-02,1.0000000000e+00,1.0000025973e-04,1.0000028967e-04,1.0000025829e-04,6.0958095660e-09,6.1153006313e-09,6.0798409464e-09,1.3151178958e-08,8.9520690915e-09,4.4480400629e-08
1.5050000000e+00,-1.6125768409e+01,5.3454603459e+00,3.6886380171e+01,4.0147613647e-01,4.8907224807e+00,1.5551705092e-01,1.3250873010e-01,-3.7067006846e-02,7.2120920555e-02,3.3571341879e-01,-3.3696579949e-02,4.8969621006e-01,9.8941506421e-01,-4.9902048667e-03,1.4497736259e-01,-3.8069537909e-03,1.5431563378e-01,-4.6986113968e-02,6.1096024847e-02,3.1359098346e-01,-1.9465488919e-02,5.4077295881e-01,9.9148071865e-01,-1.4858746682e-02,1.2318645255e-01,-3.9627012286e-02,1.0000000000e+00,1.0000026001e-04,1.0000028993e-04,1.0000025845e-04,6.1562947217e-09,6.1748761281e-09,6.0829257626e-09,1.2814761421e-08,8.8122208230e-09,4.4420472581e-08
1.5100000000e+00,-5.9448903917e+00,4.8319028414e+00,2.4319517265e+01,4.5275561099e-01,4.0906123552e+00,4.9297709702e-02,1.3415547608e-01,-3.7105550306e-02,7.4981724682e-02,3.2945013244e-01,-8.7441151477e-03,5.8090133824e-01,9.8788562972e-01,-3.8045985016e-03,1.5508835916e-01,-3.8869624237e-03,1.5588389036e-01,-4.7156270709e-02,6.3697704460e-02,3.2445854169e-01,-1.7093227131e-03,5.9462983519e-01,9.9012784575e-01,-1.2643225936e-02,1.3362479419e-01,-4.0390744970e-02,1.0000000000e+00,1.0000026020e-04,1.0000028995e-04,1.0000025856e-04,6.1438959744e-09,6.1652435178e-09,6.0828521277e-09,1.2530385704e-08,8.7075838720e-09,4.4226952179e-08
1.5150000000e+00,5.4098962819e-01,4.2509392176e+00,1.6722944071e+01,4.8773700230e-01,3.5903956489e+00,-2.1755414421e-02,1.3587375503e-01,-3.7036240478e-02,7.8076878849e-02,3.4418033074e-01,1.3200146842e-02,6.2803597929e-01,9.8645771499e-01,-2.5672334464e-03,1.6394288104e-01,-4.1614415199e-03,1.5750618307e-01,-4.7164817323e-02,6.6670853636e-02,3.5089708082e-01,2.0434610677e-02,6.2470726515e-01,9.8890104316e-01,-1.1080144371e-02,1.4245662984e-01,-4.0719354724e-02,0.0000000000e+00,1.0000026045e-04,1.0000029051e-04,1.0000025888e-04,1.5755198813e-08,1.5951754180e-08,1.5531386669e-08,1.2549043504e-08,8.7262416720e-09,4.4245609979e-08
1.5200000000e+00,4.6334068993e+00,3.6584315722e+00,1.1973708125e+01,5.1531705973e-01,3.2270380588e+00,-6.8382332366e-02,1.3773151950e-01,-3.6874172950e-02,8.1266108844e-02,3.7216481507e-01,3.2106498354e-02,6.4657911578e-01,9.8510520130e-01,-1.2905292008e-03,1.7188735339e-01,-4.5623076166e-03,1.5926066847e-01,-4.7062644270e-02,6.9794389961e-02,3.9138444631e-01,3.7340144473e-02,6.2596166701e-01,9.8772606996e-01,-9.5016445765e-03,1.5037548601e-01,-4.1159964642e-02,0.0000000000e+00,1.0000026113e-04,1.0000029221e-04,1.0000025976e-04,2.5371502366e-08,2.5988781470e-08,2.5016099969e-08,1.2567701304e-08,8.7448994720e-09,4.4264267779e-08
1.5250000000e+00,-7.4340443911e+00,3.8159877399e+00,2.9279360993e+01,5.3503516178e-01,2.9222372544e+00,-9.4111815435e-02,1.3977024487e-01,-3.6633555216e-02,8.4456311263e-02,4.0825499619e-01,4.8094872580e-02,6.4618050658e-01,9.8382258318e-01,1.6508288957e-05,1.7907476824e-01,-5.0350707742e-03,1.6121759071e-01,-4.6875943547e-02,7.2924198296e-02,4.0112115057e-01,6.0416145299e-02,7.2707953555e-01,9.8660325400e-01,-7.9149087310e-03,1.5752990275e-01,-4.1661770986e-02,0.0000000000e+00,1.0000026274e-04,1.0000029564e-04,1.0000026172e-04,3.5554206890e-08,3.6853626316e-08,3.4499371689e-08,1.2586359104e-08,8.7635572720e-09,4.4282925579e-08
1.5300000000e+00,3.1475411096e-01,2.3829297720e+00,1.7514243430e+01,4.0874114455e-01,1.9261313933e+00,-1.3971990434e-01,1.4190483295e-01,-3.6330496169e-02,8.7922324747e-02,4.2792242019e-01,6.0745065074e-02,7.0141489092e-01,9.8294672996e-01,9.7953073298e-04,1.8380362054e-01,-5.5673737998e-03,1.6322319646e-01,-4.6573862821e-02,7.6559595974e-02,4.3083941443e-01,7.2372850865e-02,7.6041288138e-01,9.8582622066e-01,-6.7610637228e-03,1.6223344732e-01,-4.2204967021e-02,0.0000000000e+00,1.0000026578e-04,1.0000030127e-04,1.0000026516e-04,4.5554901173e-08,4.7776310000e-08,4.4007494518e-08,1.2605016904e-08,8.7822150720e-09,4.4301583379e-08
1.5350000000e+00,4.8413789972e+00,1.4440799519e+00,1.0697339128e+01,3.5622564471e-01,1.3539695243e+00,-1.6807338035e-01,1.4418686951e-01,-3.5987564359e-02,9.1470059779e-02,4.5741626235e-01,6.8875611862e-02,7.1742019171e-01,9.8231498644e-01,1.7938718855e-03,1.8712630040e-01,-6.1479370768e-03,1.6537739353e-01,-4.6211998566e-02,8.0361660381e-02,4.7141003693e-01,7.7479972676e-02,7.5410485659e-01,9.8525923569e-01,-5.8083894442e-03,1.6552895196e-01,-4.2786296403e-02,0.0000000000e+00,1.0000027082e-04,1.0000030972e-04,1.0000027062e-04,5.5318897800e-08,5.8681921350e-08,5.3546513282e-08,1.2623674704e-08,8.8008728720e-09,4.4320241179e-08
1.5400000000e+00,7.4214277782e+00,7.6335448721e-01,6.5848170319e+00,3.3698656108e-01,1.0028069928e+00,-1.8300587460e-01,1.4664484461e-01,-3.5620854940e-02,9.4981028901e-02,4.9239290301e-01,7.3747070491e-02,7.0947560178e-01,9.8183799653e-01,2.5505755852e-03,1.8958373945e-01,-6.7563944227e-03,1.6773444372e-01,-4.5824598703e-02,8.4132184664e-02,5.1741778469e-01,7.7993085079e-02,7.2398965930e-01,9.8482602124e-01,-4.9467876858e-03,1.6795971148e-01,-4.3390926442e-02,0.0000000000e+00,1.0000027838e-04,1.0000032159e-04,1.0000027859e-04,6.4895930187e-08,6.9598489358e-08,6.3121764788e-08,1.2642332504e-08,8.8195306720e-09,4.4338898979e-08
1.5450000000e+00,4.4788886678e+00,-8.3139991746e-01,1.3931657049e+01,3.3409864218e-01,7.6145810317e-01,-1.8403735045e-01,1.4929257120e-01,-3.5242646825e-02,9.8382410538e-02,5.3004540069e-01,7.6117321718e-02,6.8685178262e-01,9.8146948788e-01,3.2896248097e-03,1.9144840823e-01,-7.3708690298e-03,1.7032153264e-01,-4.5434633278e-02,8.7752132961e-02,5.6119042523e-01,7.1564170256e-02,7.3336648050e-01,9.8448822150e-01,-4.1188807271e-03,1.6979557067e-01,-4.3993644273e-02,0.0000000000e+00,1.0000028896e-04,1.0000033742e-04,1.0000028959e-04,7.4800061090e-08,8.1424066001e-08,7.2702774620e-08,1.2660990304e-08,8.8381884720e-09,4.4357556779e-08
1.5500000000e+00,7.3127179278e+00,-1.5537356611e+00,7.0994858583e+00,2.4441107705e-01,-6.8037891395e-03,-1.6893690517e-01,1.5212763736e-01,-3.4899707541e-02,1.0175900379e-01,5.6727780920e-01,6.8960044349e-02,6.8127817581e-01,9.8146754622e-01,3.8019751706e-03,1.9142756584e-01,-7.9049188994e-03,1.7312748477e-01,-4.5076812426e-02,9.1418965363e-02,6.0672259881e-01,6.0365013779e-02,7.0573413675e-01,9.8447477428e-01,-3.5897902268e-03,1.6975015727e-01,-4.4513102802e-02,0.0000000000e+00,1.0000030314e-04,1.0000035799e-04,1.0000030409e-04,8.4395446985e-08,9.2893501632e-08,8.2311708278e-08,1.2679648104e-08,8.8568462720e-09,4.4376214579e-08
1.5550000000e+00,8.5236931804e+00,-1.9540120600e+00,3.3549988950e+00,1.9577845949e-01,-4.4524574864e-01,-1.5354389957e-01,1.5514757423e-01,-3.4601407250e-02,1.0501040919e-01,6.0392265981e-01,5.9975244462e-02,6.5559623204e-01,9.8167506752e-01,4.1938896279e-03,1.9033177318e-01,-8.3838664252e-03,1.7616109776e-01,-4.4774987358e-02,9.4947636047e-02,6.5148374120e-01,4.6711786998e-02,6.5847792709e-01,9.8464759545e-01,-3.2226484483e-03,1.6863102181e-01,-4.4970054444e-02,0.0000000000e+00,1.0000032139e-04,1.0000038378e-04,1.0000032259e-04,9.3816364203e-08,1.0413282395e-07,9.1945849394e-08,1.2698305904e-08,8.8755040720e-09,4.4394872379e-08
1.5600000000e+00,8.7892324613e+00,-2.1486396907e+00,1.3132148911e+00,1.6572702321e-01,-7.0314136444e-01,-1.4046708249e-01,1.5834460338e-01,-3.4353392483e-02,1.0808239542e-01,6.3902628661e-01,4.9889742378e-02,6.1908880763e-01,9.8200367835e-01,4.5153326214e-03,1.8860182821e-01,-8.8169088942e-03,1.7941851647e-01,-4.4541428423e-02,9.8240025682e-02,6.9399547456e-01,3.2014742735e-02,6.0127046147e-01,9.8492790055e-01,-2.9529548915e-03,1.6688010768e-01,-4.5379956387e-02,0.0000000000e+00,1.0000034419e-04,1.0000041528e-04,1.0000034558e-04,1.0315657077e-07,1.1522391259e-07,1.0159869599e-07,1.2716963704e-08,8.8941618720e-09,4.4413530179e-08
1.5650000000e+00,1.3428339673e+01,-5.3654946843e+00,6.4261115340e-01,1.4286648222e-01,-8.6348530023e-01,-1.2387977198e-01,1.6170803852e-01,-3.4159194998e-02,1.1094784600e-01,6.7204256018e-01,3.9115865725e-02,5.7721196235e-01,9.8240432477e-01,4.7886873411e-03,1.8647807196e-01,-9.2054233494e-03,1.8288849384e-01,-4.4381354709e-02,1.0124637799e-01,7.5580635139e-01,-7.9984617495e-04,5.3376340382e-01,9.8527274215e-01,-2.7508098721e-03,1.6473640232e-01,-4.5738106250e-02,0.0000000000e+00,1.0000037198e-04,1.0000045301e-04,1.0000037353e-04,1.1245657777e-07,1.2717754207e-07,1.1139205961e-07,1.2735621504e-08,8.9128196720e-09,4.4432187979e-08
1.5700000000e+00,1.1804510639e+01,-4.9883458834e+00,-1.3806473400e+00,1.2918817825e-01,-1.4788620957e+00,-7.3312936401e-02,1.6530496909e-01,-3.4088154120e-02,1.1353165970e-01,7.1836465852e-01,1.4331166387e-02,5.2012757699e-01,9.8308358383e-01,5.0332732707e-03,1.8284355249e-01,-9.4640735136e-03,1.8666752559e-01,-4.4385353940e-02,1.0391519501e-01,8.0691040121e-01,-3.0943372750e-02,4.5955092727e-01,9.8586750051e-01,-2.6318713317e-03,1.6107729098e-01,-4.5961407899e-02,0.0000000000e+00,1.0000040532e-04,1.0000049787e-04,1.0000040701e-04,1.2176885315e-07,1.3867856709e-07,1.2117970329e-07,1.2754279304e-08,8.9314774720e-09,4.4450845779e-08
1.5750000000e+00,9.9107231765e+00,-4.6455852649e+00,-2.0315384297e+00,9.6460375635e-02,-1.8390366095e+00,-3.5326396978e-02,1.6909267909e-01,-3.4132685988e-02,1.1582932682e-01,7.5628199248e-01,-8.8535461038e-03,4.6237080737e-01,9.8391114205e-01,5.2094595425e-03,1.7832328870e-01,-9.6192921120e-03,1.9070207760e-01,-4.4540070803e-02,1.0621294965e-01,8.4836936739e-01,-5.8507899583e-02,3.8560861718e-01,9.8659418900e-01,-2.6196380787e-03,1.5653166718e-01,-4.6074731757e-02,0.0000000000e+00,1.0000044464e-04,1.0000055027e-04,1.0000044648e-04,1.3114277828e-07,1.4981932896e-07,1.3094042794e-07,1.2772937104e-08,8.9501352720e-09,4.4469503579e-08
1.5800000000e+00,8.1837235207e+00,-4.4056037923e+00,-1.8789002625e+00,5.6401128018e-02,-2.0434402687e+00,-7.4206171634e-03,1.7303541177e-01,-3.4286378583e-02,1.1785300086e-01,7.8716967485e-01,-3.0704392501e-02,4.0719989920e-01,9.8480825140e-01,5.3003286579e-03,1.7329382168e-01,-9.6884390763e-03,1.9494392444e-01,-4.4832610301e-02,1.0814099273e-01,8.8222055817e-01,-8.4108780044e-02,3.1542770751e-01,9.8738047400e-01,-2.7187721839e-03,1.5148298400e-01,-4.6101121516e-02,0.0000000000e+00,1.0000049039e-04,1.0000061059e-04,1.0000049241e-04,1.4059867660e-07,1.6071683849e-07,1.4067055148e-07,1.2791594904e-08,8.9687930720e-09,4.4488161379e-08
1.5850000000e+00,2.1770162189e+01,-7.0942453643e+00,-1.2473139881e+01,1.7213851960e-02,-2.1543985002e+00,1.7746765042e-02,1.7710295182e-01,-3.4543527544e-02,1.1962254422e-01,8.1210465086e-01,-5.1383073139e-02,3.5610873285e-01,9.8572729505e-01,5.3000340688e-03,1.6798766790e-01,-9.6826065280e-03,1.9935502723e-01,-4.5253154202e-02,1.0971813127e-01,9.6374115241e-01,-1.2889177379e-01,1.7502638774e-01,9.8818419590e-01,-2.9178198638e-03,1.4616092140e-01,-4.6048521702e-02,0.0000000000e+00,1.0000054303e-04,1.0000067930e-04,1.0000054526e-04,1.4976161918e-07,1.7303253916e-07,1.5094443321e-07,1.2810252704e-08,8.9874508720e-09,4.4506819179e-08
1.5900000000e+00,1.5714852179e+01,-6.2126706103e+00,-9.1095540573e+00,4.7230646572e-02,-2.7077990041e+00,5.0980321599e-02,1.8146090776e-01,-3.4958653531e-02,1.2086346962e-01,8.7022249927e-01,-8.2957316097e-02,2.5004371040e-01,9.8684247722e-01,5.3745280044e-03,1.6130903509e-01,-9.6143018279e-03,2.0417373299e-01,-4.5897613071e-02,1.1059326321e-01,1.0226549493e+00,-1.6669037392e-01,6.0296283298e-02,9.8915718059e-01,-3.0941671954e-03,1.3946304555e-01,-4.5919028023e-02,0.0000000000e+00,1.0000060295e-04,1.0000075756e-04,1.0000060573e-04,1.5924680755e-07,1.8485197890e-07,1.6108199449e-07,1.2828910504e-08,9.0061086720e-09,4.4525476979e-08
1.5950000000e+00,1.0811445649e+01,-5.5659420066e+00,-6.0588775964e+00,2.8934908051e-02,-3.0512622122e+00,7.3753687274e-02,1.8602687367e-01,-3.5516152934e-02,1.2167807488e-01,9.1200516302e-01,-1.1143489988e-01,1.6475864497e-01,9.8804585253e-01,5.4019097845e-03,1.5377362909e-01,-9.4807001542e-03,2.0928700774e-01,-4.6731064940e-02,1.1089474462e-01,1.0635104133e+00,-1.9915695334e-01,-3.2241403566e-02,9.9020090838e-01,-3.3470844296e-03,1.3191086254e-01,-4.5721793659e-02,0.0000000000e+00,1.0000067065e-04,1.0000084570e-04,1.0000067427e-04,1.6893638600e-07,1.9613208512e-07,1.7106398178e-07,1.2847568304e-08,9.0247664720e-09,4.4544134779e-08
1.6000000000e+00,6.9472975180e+00,-5.1318997491e+00,-3.3246029343e+00,-1.2718143611e-02,-3.2483947245e+00,9.5743223225e-02,1.9073535967e-01,-3.6203653834e-02,1.2215321866e-01,9.4074713543e-01,-1.3744378556e-01,9.6970858959e-02,9.8926440499e-01,5.3281233780e-03,1.4574423547e-01,-9.2825611260e-03,2.1460455980e-01,-4.7726849707e-02,1.1073353761e-01,1.0902444341e+00,-2.2779424546e-01,-1.0591975510e-01,9.9125029953e-01,-3.7181858267e-03,1.2386744375e-01,-4.5451899253e-02,0.0000000000e+00,1.0000074664e-04,1.0000094408e-04,1.0000075132e-04,1.7876596876e-07,2.0692457078e-07,1.8090001904e-07,1.2866226104e-08,9.0434242720e-09,4.4562792579e-08
1.6050000000e+00,2.7483937307e+01,-5.8394783566e+00,-2.4569486581e+01,-6.3416013636e-02,-3.3391663958e+00,1.1485420592e-01,1.9553365875e-01,-3.7010635789e-02,1.2236127143e-01,9.5895135518e-01,-1.6134453897e-01,4.3683316373e-02,9.9045006702e-01,5.1329248261e-03,1.3748073297e-01,-9.0203038475e-03,2.2005578197e-01,-4.8865820934e-02,1.1020393883e-01,1.1900665682e+00,-2.6890172599e-01,-3.0719940490e-01,9.9226219165e-01,-4.2190649941e-03,1.1559661660e-01,-4.5115016781e-02,0.0000000000e+00,1.0000083146e-04,1.0000105307e-04,1.0000083730e-04,1.8832325149e-07,2.2055166591e-07,1.9182474917e-07,1.2884883904e-08,9.0620820720e-09,4.4581450379e-08
1.6100000000e+00,1.7607666631e+01,-5.0583010852e+00,-1.4662609842e+01,-1.4332222169e-02,-3.7293398480e+00,1.0405928084e-01,2.0067670326e-01,-3.7949457817e-02,1.2185462980e-01,1.0288229946e+00,-1.8777733449e-01,-9.8448737839e-02,9.9169079964e-01,5.0465306673e-03,1.2824287353e-01,-8.8122542830e-03,2.2600611482e-01,-5.0210329564e-02,1.0866794181e-01,1.2563077192e+00,-3.0190664746e-01,-4.4728783971e-01,9.9330834893e-01,-4.6449794292e-03,1.0634322938e-01,-4.4811445871e-02,0.0000000000e+00,1.0000092523e-04,1.0000117420e-04,1.0000093313e-04,1.9826065543e-07,2.3342181011e-07,2.0237734851e-07,1.2903541704e-08,9.0807398720e-09,4.4600108179e-08
1.6150000000e+00,1.0178682191e+01,-4.4187562143e+00,-7.3130416518e+00,-2.1890565707e-02,-3.9980875931e+00,9.8711703628e-02,2.0604575256e-01,-3.9005798611e-02,1.2084853779e-01,1.0747930425e+00,-2.1142311144e-01,-1.9743172041e-01,9.9292547510e-01,4.9316172930e-03,1.1832329030e-01,-8.6185279989e-03,2.3228765341e-01,-5.1719862801e-02,1.0643150261e-01,1.2961605028e+00,-3.2848063602e-01,-5.4239071874e-01,9.9433240998e-01,-5.1207564399e-03,9.6413343499e-02,-4.4511835714e-02,0.0000000000e+00,1.0000102861e-04,1.0000130783e-04,1.0000103920e-04,2.0828602586e-07,2.4526029128e-07,2.1255712241e-07,1.2922199504e-08,9.0993976720e-09,4.4618765979e-08
1.6200000000e+00,4.5858986158e+00,-3.9716301457e+00,-1.7203199369e+00,-5.7933718112e-02,-4.1556612696e+00,9.9387100265e-02,2.1154618154e-01,-4.0167604077e-02,1.1950484621e-01,1.1016086145e+00,-2.3264760478e-01,-2.6420177470e-01,9.9410368383e-01,4.7271189804e-03,1.0800340333e-01,-8.4133825768e-03,2.3876845593e-01,-5.3362265982e-02,1.0371954901e-01,1.3151814950e+00,-3.5032516083e-01,-6.0389519224e-01,9.9529066082e-01,-5.7029674975e-03,8.6085769700e-02,-4.4195213551e-02,0.0000000000e+00,1.0000114223e-04,1.0000145428e-04,1.0000115590e-04,2.1830584391e-07,2.5607212316e-07,2.2240366513e-07,1.2940857304e-08,9.1180554720e-09,4.4637423779e-08
1.6250000000e+00,3.2530549017e+01,-2.2488526557e+00,-3.5022182241e+01,-1.0417868727e-01,-4.2130586586e+00,1.1010861826e-01,2.1710194542e-01,-4.1423868922e-02,1.1794497918e-01,1.1129882770e+00,-2.5162937488e-01,-3.0693180299e-01,9.9518930902e-01,4.4099977778e-03,9.7528943563e-02,-8.1790159248e-03,2.4534436340e-01,-5.5113891786e-02,1.0070007305e-01,1.4437145190e+00,-3.7664916542e-01,-8.5302639747e-01,9.9615275714e-01,-6.4036535699e-03,7.5611217885e-02,-4.3836302269e-02,0.0000000000e+00,1.0000126668e-04,1.0000161384e-04,1.0000128361e-04,2.2848669929e-07,2.7327023605e-07,2.3424150706e-07,1.2959515104e-08,9.1367132720e-09,4.4656081579e-08
1.6300000000e+00,1.9220239798e+01,-1.9698822462e+00,-1.7657118812e+01,-7.2122340726e-02,-4.4001432662e+00,3.7240620797e-02,2.2309416043e-01,-4.2739615385e-02,1.1554821971e-01,1.2023473826e+00,-2.6411365541e-01,-4.7157214076e-01,9.9620342150e-01,4.1526811128e-03,8.6575840284e-02,-8.1315497233e-03,2.5256293600e-01,-5.6997137613e-02,9.6434941065e-02,1.5241479177e+00,-3.9548710756e-01,-1.0035771254e+00,9.9692712632e-01,-7.0580404609e-03,6.4657325518e-02,-4.3656833696e-02,0.0000000000e+00,1.0000140180e-04,1.0000178910e-04,1.0000142361e-04,2.3873182698e-07,2.8866514488e-07,2.4534108334e-07,1.2978172904e-08,9.1553710720e-09,4.4674739379e-08
1.6350000000e+00,9.5293571496e+00,-1.7531147821e+00,-5.4263190417e+00,-7.4339731081e-02,-4.5845958592e+00,-7.8815369018e-03,2.2935658757e-01,-4.4108607039e-02,1.1264727713e-01,1.2576876612e+00,-2.7530003681e-01,-5.7014188442e-01,9.9713074657e-01,3.8777685038e-03,7.5153206299e-02,-8.1995576117e-03,2.6018367558e-01,-5.8974573151e-02,9.1417055438e-02,1.5669452463e+00,-4.0863795893e-01,-1.0854694565e+00,9.9760050974e-01,-7.7444862881e-03,5.3235032201e-02,-4.3580698180e-02,0.0000000000e+00,1.0000154842e-04,1.0000198043e-04,1.0000157620e-04,2.4868342126e-07,3.0182685196e-07,2.5572341512e-07,1.2996830704e-08,9.1740288720e-09,4.4693397179e-08
1.6400000000e+00,2.3847113053e+00,-1.4655482818e+00,3.1434938142e+00,-9.1803642961e-02,-4.7026232625e+00,-3.4223237841e-02,2.3575607714e-01,-4.5523250849e-02,1.0947703102e-01,1.2856850805e+00,-2.8478548630e-01,-6.2248800796e-01,9.9794540459e-01,3.5506091370e-03,6.3426627485e-02,-8.3321995255e-03,2.6801840182e-01,-6.1017762945e-02,8.5989708155e-02,1.5798048413e+00,-4.1681366465e-01,-1.1200041376e+00,9.9815187844e-01,-8.4898057672e-03,4.1512612892e-02,-4.3559771901e-02,0.0000000000e+00,1.0000170726e-04,1.0000218798e-04,1.0000174165e-04,2.5831772224e-07,3.1283205037e-07,2.6546826770e-07,1.3015488504e-08,9.1926866720e-09,4.4712054979e-08
1.6450000000e+00,3.5823991011e+01,3.1315270432e+00,-4.0123423165e+01,-1.1733238285e-01,-4.7361431458e+00,-4.4747188186e-02,2.4218542995e-01,-4.6975075337e-02,1.0620145756e-01,1.2916881173e+00,-2.9237818857e-01,-6.4280087363e-01,9.9862631324e-01,3.1591366080e-03,5.1608261858e-02,-8.4907990573e-03,2.7591742602e-01,-6.3101831269e-02,8.0389687467e-02,1.7422043468e+00,-4.1959453230e-01,-1.3839843923e+00,9.9856601219e-01,-9.3023872969e-03,2.9703329280e-02,-4.3555678356e-02,0.0000000000e+00,1.0000187894e-04,1.0000241173e-04,1.0000192025e-04,2.6899676350e-07,3.3622433390e-07,2.7858627247e-07,1.3034146304e-08,9.2113444720e-09,4.4730712779e-08
1.6500000000e+00,1.9838829223e+01,2.4231711269e+00,-1.5610398451e+01,-1.4316132601e-01,-4.6877669599e+00,-1.8783593369e-01,2.4915886510e-01,-4.8383684972e-02,1.0210031986e-01,1.4035110647e+00,-2.8536338010e-01,-8.0248331555e-01,9.9915942932e-01,2.6918786968e-03,3.9903200490e-02,-8.9957309692e-03,2.8462844776e-01,-6.5199803930e-02,7.3469765506e-02,1.8372009073e+00,-4.1745820419e-01,-1.5169955481e+00,9.9882158064e-01,-1.0183512272e-02,1.8010161148e-02,-4.3901938680e-02,0.0000000000e+00,1.0000206306e-04,1.0000265659e-04,1.0000211385e-04,2.7904237387e-07,3.5540168536e-07,2.9037489180e-07,1.3052804104e-08,9.2300022720e-09,4.4749370579e-08
1.6550000000e+00,8.3992538325e+00,2.0573561929e+00,8.2807643114e-01,-1.4979537670e-01,-4.7679337651e+00,-2.8972814483e-01,2.5644973335e-01,-4.9754067331e-02,9.7601141963e-02,1.4683939456e+00,-2.7894668824e-01,-8.7822615078e-01,9.9955797464e-01,2.2031044002e-03,2.7998783890e-02,-9.7503720656e-03,2.9381445229e-01,-6.7287094951e-02,6.5884787765e-02,1.8800590924e+00,-4.1083402413e-01,-1.5636076275e+00,9.9892935313e-01,-1.1093159890e-02,6.1124355414e-03,-4.4494127543e-02,0.0000000000e+00,1.0000226055e-04,1.0000292247e-04,1.0000232254e-04,2.8824786010e-07,3.7009702704e-07,3.0089231555e-07,1.3071461904e-08,9.2486600720e-09,4.4768028379e-08
1.6600000000e+00,1.0067434684e-01,1.9248815792e+00,1.1609969831e+01,-1.4831656343e-01,-4.8379922634e+00,-3.6052413768e-01,2.6387797073e-01,-5.1085061948e-02,9.2988251367e-02,1.4960135127e+00,-2.7178097526e-01,-8.9884379769e-01,9.9981483859e-01,1.7175660010e-03,1.5913117210e-02,-1.0682284462e-02,3.0321474776e-01,-6.9341265072e-02,5.8066749628e-02,1.8821808672e+00,-4.0003994857e-01,-1.5548505898e+00,9.9888552645e-01,-1.2006380035e-02,-5.9632496625e-03,-4.5254740581e-02,0.0000000000e+00,1.0000247212e-04,1.0000320895e-04,1.0000254643e-04,2.9686678849e-07,3.8080938174e-07,3.1032136905e-07,1.3090119704e-08,9.2673178720e-09,4.4786686179e-08
1.6650000000e+00,2.2524021098e+01,8.7417108051e+00,-2.2884358919e+01,-1.4045112851e-01,-4.8487501859e+00,-4.0976704968e-01,2.7130062540e-01,-5.2372350182e-02,8.8444711779e-02,1.4942056895e+00,-2.6328537922e-01,-8.8438728140e-01,9.9992315529e-01,1.2475437866e-03,3.7981744426e-03,-1.1734608080e-02,3.1262565209e-01,-7.1341464814e-02,5.0292496679e-02,1.9995283510e+00,-3.6949500418e-01,-1.7178420106e+00,9.9868869534e-01,-1.2898668820e-02,-1.8067284546e-02,-4.6131197462e-02,0.0000000000e+00,1.0000269832e-04,1.0000351529e-04,1.0000278559e-04,3.0650572781e-07,4.0334301065e-07,3.2289570412e-07,1.3108777504e-08,9.2859756720e-09,4.4805343979e-08
1.6700000000e+00,8.4896475632e+00,6.5905488767e+00,3.0534955285e-01,-2.9723181625e-01,-4.4313530574e+00,-6.2087518644e-01,2.7907988524e-01,-5.3513645065e-02,8.3471643272e-02,1.5673857942e+00,-2.3686024163e-01,-9.6505619335e-01,9.9988505929e-01,4.0962246886e-04,-7.2678608844e-03,-1.3299571813e-02,3.2262329385e-01,-7.3188939835e-02,4.1703286626e-02,2.0447666013e+00,-3.4054305405e-01,-1.7645784626e+00,9.9834459297e-01,-1.4122952906e-02,-2.9115515147e-02,-4.7548950185e-02,0.0000000000e+00,1.0000293877e-04,1.0000384662e-04,1.0000304182e-04,3.1520985743e-07,4.1894097360e-07,3.3356681587e-07,1.3127435304e-08,9.3046334720e-09,4.4824001779e-08
1.6750000000e+00,-1.4002690301e+00,5.3006786445e+00,1.4539963398e+01,-3.3719371066e-01,-4.2548503825e+00,-7.7168825345e-01,2.8698216847e-01,-5.4529041798e-02,7.8427013007e-02,1.5920448014e+00,-2.1346053389e-01,-9.7677493458e-01,9.9972370416e-01,-5.1072266671e-04,-1.7891717906e-02,-1.5236171643e-02,3.3284712685e-01,-7.4891655106e-02,3.2880394313e-02,2.0362180893e+00,-3.1125975759e-01,-1.7421713176e+00,9.9787256524e-01,-1.5413300030e-02,-3.9720276050e-02,-4.9346462787e-02,0.0000000000e+00,1.0000319425e-04,1.0000420154e-04,1.0000331493e-04,3.2328282673e-07,4.2861323479e-07,3.4266971320e-07,1.3146093104e-08,9.3232912720e-09,4.4842659579e-08
1.6800000000e+00,-8.3308562643e+00,4.5628032340e+00,2.2848672533e+01,-3.2146662781e-01,-4.1514143386e+00,-8.8045688327e-01,2.9483002386e-01,-5.5426754321e-02,7.3522580039e-02,1.5801311736e+00,-1.9076314793e-01,-9.4837559847e-01,9.9944760018e-01,-1.3810324291e-03,-2.8256814653e-02,-1.7439600835e-02,3.4302821730e-01,-7.6447953894e-02,2.4169537725e-02,1.9882903697e+00,-2.8055436628e-01,-1.6813704321e+00,9.9728284975e-01,-1.6639075342e-02,-5.0068557467e-02,-5.1412044450e-02,0.0000000000e+00,1.0000346532e-04,1.0000457833e-04,1.0000360477e-04,3.3115848637e-07,4.3383876215e-07,3.5063177576e-07,1.3164750904e-08,9.3419490720e-09,4.4861317379e-08
1.6850000000e+00,-3.8523468635e+00,6.3973507338e+00,1.0487568688e+01,-2.8161837114e-01,-4.0459761222e+00,-9.5743181101e-01,3.0249093510e-01,-5.6208808411e-02,6.8872593473e-02,1.5411846780e+00,-1.6772291925e-01,-8.9877346036e-01,9.9906514396e-01,-2.1415034650e-03,-3.8354462632e-02,-1.9828950671e-02,3.5296966915e-01,-7.7850725725e-02,1.5762685564e-02,1.9674134107e+00,-2.4480106756e-01,-1.6811279534e+00,9.9658752688e-01,-1.7740472048e-02,-6.0156744809e-02,-5.3663236771e-02,0.0000000000e+00,1.0000375240e-04,1.0000497524e-04,1.0000391123e-04,3.3959528114e-07,4.4155953037e-07,3.5942302984e-07,1.3183408704e-08,9.3606068720e-09,4.4879975179e-08
1.6900000000e+00,-1.0816600528e+01,4.6941481969e+00,2.0071709126e+01,-4.4613305870e-01,-3.6155527277e+00,-1.0350493673e+00,3.1002697193e-01,-5.6864174162e-02,6.4295303627e-02,1.5154338441e+00,-1.4342699662e-01,-8.8437456066e-01,9.9862052229e-01,-3.2773052015e-03,-4.7367582267e-02,-2.2419274781e-02,3.6280673620e-01,-7.9074731063e-02,7.3570457969e-03,1.9047516672e+00,-2.1161436442e-01,-1.6378750110e+00,9.9584047360e-01,-1.9180574646e-02,-6.9148004375e-02,-5.6146328412e-02,0.0000000000e+00,1.0000405566e-04,1.0000539339e-04,1.0000423504e-04,3.4793967622e-07,4.4481120641e-07,3.6707238260e-07,1.3202066504e-08,9.3792646720e-09,4.4898632979e-08
1.6950000000e+00,-8.4330228315e+01,-5.5550809701e+00,2.6278358256e+01,-4.7758414493e-01,-3.3285379964e+00,-1.0640818543e+00,3.1730725806e-01,-5.7399309325e-02,5.9909042274e-02,1.4629486073e+00,-1.1928556749e-01,-8.4788295992e-01,9.9812446674e-01,-4.4747242529e-03,-5.5659611091e-02,-2.5090504958e-02,3.7136143906e-01,-7.3841387825e-02,6.9161110440e-02,1.4632927912e+00,-1.2108838723e-01,-8.6829658034e-01,9.9431160714e-01,-2.0962498785e-02,-8.7077516947e-02,-5.7641196941e-02,1.0000000000e+00,1.0000143077e-04,1.0000172127e-04,1.0000144258e-04,9.7271907197e-09,9.7597164051e-09,9.7341100627e-09,1.3246041110e-08,9.0889516846e-09,3.9257055449e-08
1.7000000000e+00,-5.7338566055e+01,-2.4858897986e+00,4.0896777118e+01,-4.5198118264e-01,9.2321726817e-01,-8.7738487383e-01,3.2268021462e-01,-5.7938834627e-02,5.5818944240e-02,1.0781588699e+00,-1.1587367249e-01,-8.0125860991e-01,9.9818727543e-01,-5.4045956867e-03,-5.3334964668e-02,-2.7355713513e-02,3.7661360189e-01,-7.4511969241e-02,6.4145587894e-02,1.1012721115e+00,-1.0808272702e-01,-7.8970597376e-01,9.9435496666e-01,-2.1645449954e-02,-8.7417671595e-02,-5.6105485148e-02,1.0000000000e+00,1.0000140554e-04,1.0000173094e-04,1.0000143289e-04,6.5905789951e-09,6.8543924292e-09,6.6534510462e-09,1.3294234472e-08,8.8098298450e-09,3.6205490091e-08
1.7050000000e+00,-4.9670534664e+01,2.3121854851e+00,5.3171192163e+01,-3.1604075865e-01,3.4259452123e+00,-7.1194400116e-01,3.2681808539e-01,-5.8448297836e-02,5.2282034641e-02,8.2801085351e-01,-1.0706810156e-01,-6.9820530088e-01,9.9855270548e-01,-5.8562219505e-03,-4.4768507712e-02,-2.9222932190e-02,3.8273272971e-01,-7.4099920729e-02,5.9767927714e-02,8.2156952090e-01,-8.9726669248e-02,-6.6964576564e-01,9.9512661954e-01,-2.1444035232e-02,-8.2363243897e-02,-4.9794181312e-02,1.0000000000e+00,1.0000139949e-04,1.0000171476e-04,1.0000143386e-04,6.2424280757e-09,6.6938990106e-09,6.3303248095e-09,1.3399539772e-08,8.2247732731e-09,3.1883293051e-08
1.7100000000e+00,-5.1697748180e+01,-1.3552735341e+00,7.0766537145e+01,-1.6163926898e-01,4.4256479492e+00,-4.6569924846e-01,3.3004776601e-01,-5.8785016245e-02,4.9396684426e-02,6.4456893704e-01,-6.9123594659e-02,-5.7330090842e-01,9.9894948692e-01,-5.8832377725e-03,-3.3714905866e-02,-3.0473188516e-02,3.8759210024e-01,-7.4827217369e-02,5.5869178595e-02,5.9111574414e-01,-6.2784188330e-02,-5.1146786353e-01,9.9566933092e-01,-2.1176175147e-02,-7.3999845418e-02,-5.2136129053e-02,1.0000000000e+00,1.0000139549e-04,1.0000168931e-04,1.0000143016e-04,6.2736525553e-09,6.7534509476e-09,6.3227259611e-09,1.3445846144e-08,7.3986095723e-09,2.8169018650e-08
1.7150000000e+00,-4.0372173312e+01,1.3334626014e+00,5.8344147385e+01,7.0291168207e-02,4.1506425715e+00,-2.9883849404e-01,3.3236322397e-01,-5.9056347142e-02,4.7446567038e-02,4.6144313670e-01,-5.4730525336e-02,-3.8905030793e-01,9.9922354095e-01,-5.3693257827e-03,-2.3356383523e-02,-3.1272430269e-02,3.9114452054e-01,-7.4817191408e-02,5.2701966848e-02,4.1846825770e-01,-4.2520695702e-02,-3.5471923003e-01,9.9656358929e-01,-1.9896532879e-02,-6.2330360175e-02,-5.0794356856e-02,1.0000000000e+00,1.0000139375e-04,1.0000167313e-04,1.0000142574e-04,6.2569843856e-09,6.5758619357e-09,6.2586032500e-09,1.3386877223e-08,6.7759354204e-09,2.6250856189e-08
1.7200000000e+00,-2.9690039034e+01,4.0612525184e-01,4.5005434969e+01,9.9357613528e-02,3.5793814629e+00,-2.0090116472e-01,3.3396785134e-01,-5.9247105691e-02,4.6254206623e-02,3.1953641951e-01,-3.8227815280e-02,-2.3829404238e-01,9.9937786027e-01,-4.8341996140e-03,-1.4425507159e-02,-3.1818668459e-02,3.9356083774e-01,-7.4850300913e-02,5.0469177206e-02,2.9063832733e-01,-2.9752432989e-02,-2.2258655469e-01,9.9722477367e-01,-1.8809372568e-02,-5.1655521779e-02,-5.0206228304e-02,1.0000000000e+00,1.0000139309e-04,1.0000166521e-04,1.0000142264e-04,6.2076157964e-09,6.3858129295e-09,6.1880898043e-09,1.3306986016e-08,6.4020861476e-09,2.5408960712e-08
1.7250000000e+00,-2.0995909763e+01,8.0685368505e-01,3.4669804989e+01,1.1610939845e-01,2.9368386523e+00,-1.4121058696e-01,3.3503789521e-01,-5.9391676369e-02,4.5619298931e-02,2.1299233792e-01,-2.8923597164e-02,-1.2683825105e-01,9.9944685778e-01,-4.3056123473e-03,-7.1004550314e-03,-3.2202852639e-02,3.9519625978e-01,-7.4874041862e-02,4.9092772994e-02,1.9621904161e-01,-2.1018029013e-02,-1.2019377924e-01,9.9766629357e-01,-1.7714205237e-02,-4.3263554253e-02,-4.9763827089e-02,1.0000000000e+00,1.0000139299e-04,1.0000166189e-04,1.0000142079e-04,6.1643381544e-09,6.2536740299e-09,6.1381965018e-09,1.3239534102e-08,6.1950262882e-09,2.5085001850e-08
1.7300000000e+00,-1.5854762266e+01,4.0795360755e-02,2.7632999227e+01,1.1942947878e-01,2.3139266409e+00,-1.1206867829e-01,3.3578891727e-01,-5.9474284053e-02,4.5339007839e-02,1.4968550798e-01,-1.6395433737e-02,-5.5753831517e-02,9.9946341447e-01,-3.8190755238e-03,-1.3300102135e-03,-3.2504290035e-02,3.9630216149e-01,-7.4962585305e-02,4.8287432499e-02,1.3271294484e-01,-1.2990620108e-02,-4.8923240275e-02,9.9793470653e-01,-1.7042062886e-02,-3.6633457993e-02,-4.9938755909e-02,1.0000000000e+00,1.0000139308e-04,1.0000166058e-04,1.0000141975e-04,6.1349186512e-09,6.1814756574e-09,6.1113821823e-09,1.3181241008e-08,6.0807501767e-09,2.4970416204e-08
1.7350000000e+00,-1.1535746715e+01,-1.9457616369e-01,2.2256013111e+01,1.1399613133e-01,1.7519458507e+00,-8.1867939376e-02,3.3628157770e-01,-5.9523044853e-02,4.5315131103e-02,9.8350157213e-02,-9.6721845781e-03,-4.2424536041e-03,9.9945395719e-01,-3.3900672888e-03,3.0364238171e-03,-3.2727282678e-02,3.9704714113e-01,-7.5019930160e-02,4.7919779782e-02,8.6307290394e-02,-7.5017061267e-03,8.7229480861e-04,9.9810220345e-01,-1.6503476309e-02,-3.1769394906e-02,-5.0103216306e-02,1.0000000000e+00,1.0000139326e-04,1.0000166016e-04,1.0000141919e-04,6.1159451545e-09,6.1401244271e-09,6.0963304021e-09,1.3137180923e-08,6.0183799630e-09,2.4943745658e-08
1.7400000000e+00,-8.0712790424e+00,-2.6620695019e-01,1.8172969030e+01,1.0729229476e-01,1.2573778095e+00,-6.0616935569e-02,3.3657212799e-01,-5.9551514811e-02,4.5470385370e-02,5.8147971783e-02,-5.6815611451e-03,3.1746448664e-02,9.9943536916e-01,-3.0213362553e-03,6.1691434280e-03,-3.2890060420e-02,3.9752354263e-01,-7.5054894304e-02,4.7861220937e-02,5.1254745161e-02,-4.0714838406e-03,3.4950294242e-02,9.9820446685e-01,-1.6039615659e-02,-2.8405475662e-02,-5.0236461332e-02,1.0000000000e+00,1.0000139349e-04,1.0000166011e-04,1.0000141893e-04,6.1038523495e-09,6.1165378331e-09,6.0879292620e-09,1.3103864920e-08,5.9864794833e-09,2.4952143502e-08
1.7450000000e+00,-5.3449074961e+00,-9.0241915325e-02,1.5015443054e+01,9.7513225765e-02,8.3623395703e-01,-4.3125184031e-02,3.3670923741e-01,-5.9566889225e-02,4.5744551376e-02,2.7590877337e-02,-3.1054489564e-03,5.5604420617e-02,9.9941736396e-01,-2.7108735374e-03,8.2500614122e-03,-3.3007881791e-02,3.9779695992e-01,-7.5080407001e-02,4.8011026525e-02,2.4829121402e-02,-1.6000771647e-03,5.7047400654e-02,9.9826427543e-01,-1.5629868648e-02,-2.6251427218e-02,-5.0348844746e-02,1.0000000000e+00,1.0000139374e-04,1.0000166019e-04,1.0000141884e-04,6.0960246810e-09,6.1032209021e-09,6.0833374810e-09,1.3078017460e-08,5.9729795047e-09,2.4971000540e-08
1.7500000000e+00,-3.1829880813e+00,-5.9878778115e-02,1.2598014674e+01,8.1342256822e-02,4.8847319226e-01,-2.5926419001e-02,3.3673146028e-01,-5.9573850557e-02,4.6092522312e-02,4.6842012857e-03,-1.4226073329e-03,7.0375776718e-02,9.9940477844e-01,-2.4659011995e-03,9.4676467319e-03,-3.3081291315e-02,3.9791753631e-01,-7.5099319244e-02,4.8296585295e-02,5.1139887177e-03,-1.5638267618e-04,7.0235739928e-02,9.9829550886e-01,-1.5297183640e-02,-2.5057358878e-02,-5.0440082513e-02,1.0000000000e+00,1.0000139399e-04,1.0000166027e-04,1.0000141887e-04,6.0909566381e-09,6.0959073236e-09,6.0809119700e-09,1.3057179565e-08,5.9705097085e-09,2.4988379089e-08
1.7550000000e+00,-1.6097289618e+00,-9.8658890347e-02,1.0787673318e+01,6.9935448475e-02,2.1093165653e-01,-1.5512982821e-02,3.3667405836e-01,-5.9573960714e-02,4.6477959412e-02,-1.1216157130e-02,-2.9650479943e-05,7.7837474048e-02,9.9939880007e-01,-2.2756772949e-03,9.9896579687e-03,-3.3121993515e-02,3.9792857175e-01,-7.5111233318e-02,4.8661802643e-02,-8.9983647083e-03,7.3985112367e-04,7.6578672940e-02,9.9830727262e-01,-1.5042999446e-02,-2.4594495775e-02,-5.0511467736e-02,1.0000000000e+00,1.0000139422e-04,1.0000166030e-04,1.0000141896e-04,6.0876908234e-09,6.0920351742e-09,6.0797400007e-09,1.3039751953e-08,5.9745778656e-09,2.4999655103e-08
1.7600000000e+00,-4.5906128551e-01,-8.1921874649e-02,9.5123988690e+00,5.8543657561e-02,-5.1244210430e-03,-6.1132440662e-03,3.3656401013e-01,-5.9568695599e-02,4.6874764656e-02,-2.1749517525e-02,1.0808735469e-03,8.0059371668e-02,9.9939871455e-01,-2.1305521627e-03,9.9713952957e-03,-3.3139724947e-02,3.9786347366e-01,-7.5117304574e-02,4.9066232867e-02,-1.8552752101e-02,1.4819100228e-03,7.8038182127e-02,9.9830551044e-01,-1.4857471077e-02,-2.4686263687e-02,-5.0556421595e-02,1.0000000000e+00,1.0000139445e-04,1.0000166026e-04,1.0000141910e-04,6.0856208689e-09,6.0901249626e-09,6.0792272539e-09,1.3024545301e-08,5.9824484079e-09,2.5003782032e-08
1.7650000000e+00,2.9712401395e-01,-1.1999773487e-02,8.6640151049e+00,4.8891922981e-02,-1.6671685671e-01,-5.1675377248e-04,3.3642205193e-01,-5.9559582068e-02,4.7264060897e-02,-2.8151199646e-02,1.8910410661e-03,7.8500247146e-02,9.9940299047e-01,-2.0218781769e-03,9.5509328170e-03,-3.3141429358e-02,3.9774874963e-01,-7.5119529731e-02,4.9480742070e-02,-2.4627505624e-02,2.1932971055e-03,7.6074045439e-02,9.9829371179e-01,-1.4720196270e-02,-2.5183420860e-02,-5.0584346823e-02,1.0000000000e+00,1.0000139468e-04,1.0000166017e-04,1.0000141926e-04,6.0843237432e-09,6.0892425245e-09,6.0790470048e-09,1.3010795257e-08,5.9924814285e-09,2.5001786934e-08
1.7700000000e+00,6.8245400527e-01,-1.7349804011e-02,8.0857604981e+00,3.8054907718e-02,-2.7398171946e-01,1.1903777226e-02,3.3626842690e-01,-5.9548442861e-02,4.7632923929e-02,-3.0512105423e-02,2.3458533342e-03,7.4367100120e-02,9.9941045339e-01,-1.9497277408e-03,8.8653252634e-03,-3.3111179747e-02,3.9760765229e-01,-7.5117238099e-02,4.9883879237e-02,-2.7655579304e-02,2.6228073525e-03,7.1699205786e-02,9.9827641673e-01,-1.4629874452e-02,-2.5930277981e-02,-5.0574531788e-02,1.0000000000e+00,1.0000139490e-04,1.0000166006e-04,1.0000141944e-04,6.0835083465e-09,6.0886789930e-09,6.0790074396e-09,1.2998261603e-08,6.0037689866e-09,2.4996370389e-08
1.7750000000e+00,9.2364418518e-01,-1.5809250499e-02,7.7795029912e+00,2.9581739033e-02,-3.4385071227e-01,2.0906261760e-02,3.3611096580e-01,-5.9536136550e-02,4.7972212335e-02,-3.1309522121e-02,2.6160803828e-03,6.8411762661e-02,9.9941951131e-01,-1.9034015534e-03,8.0031786972e-03,-3.3060045562e-02,3.9745374179e-01,-7.5112362983e-02,5.0263495519e-02,-2.8850591508e-02,2.8905035969e-03,6.5790309018e-02,9.9825498036e-01,-1.4572973727e-02,-2.6841839048e-02,-5.0538483417e-02,1.0000000000e+00,1.0000139512e-04,1.0000165994e-04,1.0000141964e-04,6.0830396578e-09,6.0883877914e-09,6.0790100314e-09,1.2986577772e-08,6.0157372708e-09,2.4988747298e-08
1.7800000000e+00,1.0755798816e+00,4.8727218584e-02,7.5914690077e+00,2.3313513414e-02,-3.8805083509e-01,2.6378128484e-02,3.3595529700e-01,-5.9522778928e-02,4.8276789272e-02,-3.0980206794e-02,2.8519510961e-03,6.1435486627e-02,9.9942910646e-01,-1.8781356039e-03,7.0338297015e-03,-3.2991802091e-02,3.9729533891e-01,-7.5107150729e-02,5.0612123021e-02,-2.8818600871e-02,3.2227980053e-03,5.8879593654e-02,9.9823017371e-01,-1.4535339498e-02,-2.7857240052e-02,-5.0489784915e-02,1.0000000000e+00,1.0000139533e-04,1.0000165981e-04,1.0000141983e-04,6.0827535796e-09,6.0882309125e-09,6.0790241098e-09,1.2975445677e-08,6.0280974034e-09,2.4979842532e-08
1.7850000000e+00,1.1885411458e+00,6.0220981139e-02,7.6174429486e+00,1.7261589874e-02,-4.0858358657e-01,3.1454763880e-02,3.3580601390e-01,-5.9508176855e-02,4.8544755915e-02,-2.9728323363e-02,3.1193000853e-03,5.4084848471e-02,9.9943846110e-01,-1.8717605091e-03,6.0122396339e-03,-3.2910666276e-02,3.9713870292e-01,-7.5100329851e-02,5.0924074923e-02,-2.7855681799e-02,3.5181194352e-03,5.1767004947e-02,9.9820343145e-01,-1.4516190687e-02,-2.8917795990e-02,-5.0427678089e-02,1.0000000000e+00,1.0000139554e-04,1.0000165966e-04,1.0000142004e-04,6.0826684148e-09,6.0883376446e-09,6.0790369876e-09,1.2963980362e-08,6.0405431070e-09,2.4969650365e-08
1.7900000000e+00,1.2739786660e+00,5.5237398834e-02,7.6660862720e+00,6.9619610534e-03,-4.0899730422e-01,3.6395896187e-02,3.3566634336e-01,-5.9492940830e-02,4.8778840163e-02,-2.7826774250e-02,3.2711799906e-03,4.7281897228e-02,9.9944703735e-01,-1.8869510693e-03,4.9921631270e-03,-3.2819769296e-02,3.9698813420e-01,-7.5092355654e-02,5.1199818730e-02,-2.6193893095e-02,3.7041123970e-03,4.4951145853e-02,9.9817586272e-01,-1.4522622750e-02,-2.9974188059e-02,-5.0354628009e-02,1.0000000000e+00,1.0000139576e-04,1.0000165949e-04,1.0000142024e-04,6.0826742759e-09,6.0885356001e-09,6.0790464153e-09,1.2951880503e-08,6.0529363336e-09,2.4958299693e-08
1.7950000000e+00,1.1884516785e+00,2.3050372679e-02,7.8232458998e+00,9.6153855288e-04,-3.9538483961e-01,3.6587944448e-02,3.3553958833e-01,-5.9476699404e-02,4.8980008788e-02,-2.5259772796e-02,3.4890306999e-03,4.0676673241e-02,9.9945455361e-01,-1.9191539215e-03,4.0064888574e-03,-3.2723999744e-02,3.9684944389e-01,-7.5081893601e-02,5.1438571889e-02,-2.4204165792e-02,3.8757097754e-03,3.8565443681e-02,9.9814860569e-01,-1.4547523454e-02,-3.0984631212e-02,-5.0276069251e-02,1.0000000000e+00,1.0000139597e-04,1.0000165933e-04,1.0000142044e-04,6.0827750635e-09,6.0886691964e-09,6.0790426160e-09,1.2939099087e-08,6.0651687927e-09,2.4947125559e-08
1.8000000000e+00,1.1336438927e+00,-1.5417175030e-02,8.0063266985e+00,-6.0063461981e-03,-3.7041116518e-01,3.7344040711e-02,3.3542750234e-01,-5.9459781362e-02,4.9150689010e-02,-2.2337318415e-02,3.6362160537e-03,3.4559888396e-02,9.9946091867e-01,-1.9635410888e-03,3.0803854249e-03,-3.2627101870e-02,3.9672401903e-01,-7.5069097508e-02,5.1642410402e-02,-2.1814079998e-02,3.9826151650e-03,3.2699177126e-02,9.9812271903e-01,-1.4591601759e-02,-3.1921087712e-02,-5.0191304835e-02,1.0000000000e+00,1.0000139618e-04,1.0000165917e-04,1.0000142064e-04,6.0829335860e-09,6.0888541880e-09,6.0790353621e-09,1.2925447679e-08,6.0771542002e-09,2.4936237705e-08
1.8050000000e+00,1.0735755364e+00,-8.9052604060e-02,8.1874553824e+00,-8.3038813996e-03,-3.3964045886e-01,3.8435688602e-02,3.3533061920e-01,-5.9442961939e-02,4.9293867964e-02,-1.9304147626e-02,3.6252880498e-03,2.9042825362e-02,9.9946617655e-01,-2.0142905129e-03,2.2316091787e-03,-3.2531899498e-02,3.9661340870e-01,-7.5053883846e-02,5.1814425134e-02,-1.9215726287e-02,3.9010119315e-03,2.7397695871e-02,9.9809908461e-01,-1.4643642993e-02,-3.2771126838e-02,-5.0098246102e-02,1.0000000000e+00,1.0000139638e-04,1.0000165902e-04,1.0000142085e-04,6.0831244604e-09,6.0890494006e-09,6.0790261632e-09,1.2910908158e-08,6.0888460110e-09,2.4925676870e-08
1.8100000000e+00,1.0769222272e+00,-7.1384724799e-02,8.2664972121e+00,-1.2499534319e-02,-3.0363773910e-01,3.7565435611e-02,3.3524634727e-01,-5.9428262342e-02,4.9415176228e-02,-1.6796058284e-02,3.1914838669e-03,2.4652155868e-02,9.9947064614e-01,-2.0697680990e-03,1.4761718458e-03,-3.2434001856e-02,3.9651518877e-01,-7.5041833782e-02,5.1960736038e-02,-1.6699552009e-02,3.6470347709e-03,2.2805770985e-02,9.9807716431e-01,-1.4693247674e-02,-3.3531632013e-02,-5.0017119265e-02,1.0000000000e+00,1.0000139659e-04,1.0000165886e-04,1.0000142104e-04,6.0832508434e-09,6.0892130177e-09,6.0790229299e-09,1.2895838063e-08,6.1003150541e-09,2.4915116750e-08
1.8150000000e+00,9.2469838138e-01,-1.0249372059e-02,8.4212275352e+00,-1.3977060501e-02,-2.6406550622e-01,3.6651073298e-02,3.3517555691e-01,-5.9413935076e-02,4.9515679280e-02,-1.4106962139e-02,3.1201110605e-03,2.0475419915e-02,9.9947426265e-01,-2.1272633972e-03,8.1688234562e-04,-3.2342012234e-02,3.9643168860e-01,-7.5031727348e-02,5.2081904524e-02,-1.4406547419e-02,3.6656793292e-03,1.8746757774e-02,9.9805815931e-01,-1.4739404109e-02,-3.4184747419e-02,-4.9940601167e-02,1.0000000000e+00,1.0000139681e-04,1.0000165871e-04,1.0000142124e-04,6.0833793581e-09,6.0892557191e-09,6.0790173675e-09,1.2880436836e-08,6.1115868761e-09,2.4905793666e-08
1.8200000000e+00,8.3743938388e-01,5.0850650203e-02,8.6050633696e+00,-1.7099345708e-02,-2.2703548347e-01,3.2617148102e-02,3.3511792937e-01,-5.9398260656e-02,4.9596952223e-02,-1.1476583300e-02,3.4002897318e-03,1.6615215644e-02,9.9947717370e-01,-2.1898157413e-03,2.5542962874e-04,-3.2257072448e-02,3.9636153791e-01,-7.5021738714e-02,5.2180061154e-02,-1.2111436071e-02,3.9939170952e-03,1.5153828845e-02,9.9804161422e-01,-1.4787668856e-02,-3.4737555294e-02,-4.9875478728e-02,1.0000000000e+00,1.0000139702e-04,1.0000165858e-04,1.0000142144e-04,6.0835345670e-09,6.0893846718e-09,6.0790153038e-09,1.2864462960e-08,6.1226201136e-09,2.4897421694e-08
1.8250000000e+00,7.1557823466e-01,1.1463755198e-01,8.7044722930e+00,-2.3061182568e-02,-1.8509146053e-01,3.1983508623e-02,3.3507248651e-01,-5.9380006999e-02,4.9660989096e-02,-9.0385304790e-03,3.9305043081e-03,1.3155719282e-02,9.9947959318e-01,-2.2626672871e-03,-2.0914847638e-04,-3.2177311969e-02,3.9630449879e-01,-7.5010865643e-02,5.2258304555e-02,-9.9854780326e-03,4.6018438195e-03,1.1816664911e-02,9.9802836350e-01,-1.4843171167e-02,-3.5177899280e-02,-4.9815472697e-02,1.0000000000e+00,1.0000139724e-04,1.0000165846e-04,1.0000142164e-04,6.0836463079e-09,6.0893921684e-09,6.0790156593e-09,1.2848340415e-08,6.1334904843e-09,2.4890407128e-08
1.8300000000e+00,6.5705831823e-01,4.8923991906e-02,8.8374564257e+00,-3.3104614631e-02,-1.4838003184e-01,3.6744120833e-02,3.3503739195e-01,-5.9359046625e-02,4.9711154981e-02,-6.9822693509e-03,4.4328385505e-03,1.0371365254e-02,9.9948233268e-01,-2.3585263495e-03,-5.7717415614e-04,-3.2080693180e-02,3.9625911782e-01,-7.4995697255e-02,5.2319185774e-02,-8.0614139263e-03,5.0403312259e-03,9.0707631974e-03,9.9801867944e-01,-1.4923318841e-02,-3.5521510109e-02,-4.9741656295e-02,1.0000000000e+00,1.0000139745e-04,1.0000165835e-04,1.0000142183e-04,6.0837922108e-09,6.0894746677e-09,6.0790125083e-09,1.2831895646e-08,6.1441356037e-09,2.4884136651e-08
1.8350000000e+00,5.2690289050e-01,-8.4390314718e-03,9.0046780767e+00,-4.2585745131e-02,-1.1484858440e-01,3.7809631125e-02,3.3501178117e-01,-5.9335240175e-02,4.9749248792e-02,-5.0898212933e-03,4.9970361058e-03,7.9459264320e-03,9.9948490919e-01,-2.4734714315e-03,-8.5918970546e-04,-3.1985309592e-02,3.9622551832e-01,-7.4975879334e-02,5.2364427737e-02,-6.4552398632e-03,5.4832821936e-03,6.8309712025e-03,9.9801220848e-01,-1.5030745158e-02,-3.5772739156e-02,-4.9659033057e-02,1.0000000000e+00,1.0000139766e-04,1.0000165825e-04,1.0000142202e-04,6.0839696985e-09,6.0895436126e-09,6.0790088912e-09,1.2815101344e-08,6.1545100691e-09,2.4878940647e-08
1.8400000000e+00,4.6868203600e-01,-1.8030631909e-01,9.0986263002e+00,-4.8472477592e-02,-8.4859345621e-02,3.5301647852e-02,3.3499401008e-01,-5.9309445661e-02,4.9777320244e-02,-3.5210920751e-03,5.4091101830e-03,5.9314645050e-03,9.9948718050e-01,-2.6018720870e-03,-1.0659663197e-03,-3.1897805383e-02,3.9620189832e-01,-7.4948722195e-02,5.2397790861e-02,-5.0401181399e-03,5.5949417611e-03,4.9121577439e-03,9.9800855010e-01,-1.5164957736e-02,-3.5943474978e-02,-4.9568382926e-02,1.0000000000e+00,1.0000139788e-04,1.0000165815e-04,1.0000142221e-04,6.0841432909e-09,6.0895973023e-09,6.0790036797e-09,1.2798046233e-08,6.1646216254e-09,2.4874374878e-08
1.8450000000e+00,4.8244746552e-01,-1.8676192679e-01,9.0945196291e+00,-4.3134029178e-02,-5.5613000834e-02,3.5705583052e-02,3.3498273493e-01,-5.9284236064e-02,4.9796266804e-02,-2.2182642330e-03,5.3167695664e-03,4.0983170175e-03,9.9948943618e-01,-2.7175460399e-03,-1.2037747377e-03,-3.1812463375e-02,3.9618484605e-01,-7.4921891636e-02,5.2421865911e-02,-3.6730798233e-03,5.5720505408e-03,3.0395483680e-03,9.9800761841e-01,-1.5279222540e-02,-3.6043122693e-02,-4.9479614689e-02,1.0000000000e+00,1.0000139809e-04,1.0000165806e-04,1.0000142240e-04,6.0842180443e-09,6.0896187479e-09,6.0790028446e-09,1.2780970858e-08,6.1745942193e-09,2.4870007480e-08
1.8500000000e+00,3.2091632484e-01,-1.9179745271e-01,9.2679261388e+00,-3.8906967610e-02,-2.9016742649e-02,4.6909195074e-02,3.3497850803e-01,-5.9260104531e-02,4.9805218422e-02,-8.2254633714e-04,5.0418352811e-03,2.0928805288e-03,9.9949289224e-01,-2.8179723800e-03,-1.2712802837e-03,-3.1692289806e-02,3.9617647703e-01,-7.4896307810e-02,5.2433167250e-02,-2.6306703656e-03,5.4326833345e-03,1.4020591649e-03,9.9801087735e-01,-1.5376922485e-02,-3.6068224831e-02,-4.9365191178e-02,1.0000000000e+00,1.0000139831e-04,1.0000165798e-04,1.0000142259e-04,6.0843624499e-09,6.0896493575e-09,6.0790056682e-09,1.2763684365e-08,6.1843176990e-09,2.4866774803e-08
1.8550000000e+00,2.2892105442e-01,-2.2545777911e-01,9.4145336622e+00,-3.4389681763e-02,-7.0933217389e-03,5.0729282437e-02,3.3497966468e-01,-5.9236361604e-02,4.9807086643e-02,2.5101706407e-04,4.9556747145e-03,6.6848489159e-04,9.9949661130e-01,-2.9038161236e-03,-1.2834395454e-03,-3.1566511422e-02,3.9617487086e-01,-7.4870073893e-02,5.2434499480e-02,-1.7754685217e-03,5.2912465015e-03,1.6915973020e-04,9.9801712168e-01,-1.5465171707e-02,-3.6033147435e-02,-4.9236831661e-02,1.0000000000e+00,1.0000139853e-04,1.0000165791e-04,1.0000142278e-04,6.0845300696e-09,6.0897380320e-09,6.0790099018e-09,1.2746063176e-08,6.1937691833e-09,2.4864373941e-08
1.8600000000e+00,1.4955002191e-01,-2.1169295725e-01,9.5632893159e+00,-2.8519662161e-02,1.1541145983e-02,4.7355370888e-02,3.3498420898e-01,-5.9212887596e-02,4.9804227327e-02,9.3088724488e-04,4.9218038556e-03,-2.8340433336e-04,9.9950021910e-01,-2.9759857618e-03,-1.2528733118e-03,-3.1446555220e-02,3.9617815504e-01,-7.4844506744e-02,5.2428326004e-02,-1.1974251854e-03,5.2703116463e-03,-6.1425474979e-04,9.9802496760e-01,-1.5536200332e-02,-3.5949375354e-02,-4.9116524009e-02,1.0000000000e+00,1.0000139874e-04,1.0000165784e-04,1.0000142297e-04,6.0846986116e-09,6.0898747261e-09,6.0790151661e-09,1.2728028987e-08,6.2029375425e-09,2.4862605214e-08
1.8650000000e+00,1.0076518171e-01,-2.1014255333e-02,9.5334346292e+00,-2.4988900733e-02,2.4004334131e-02,4.4939145847e-02,3.3499034806e-01,-5.9189803807e-02,4.9798469511e-02,1.2546535918e-03,4.8792358183e-03,-8.6715160807e-04,9.9950362064e-01,-3.0355615728e-03,-1.1904294193e-03,-3.1334973509e-02,3.9618285966e-01,-7.4825050695e-02,5.2418535712e-02,-8.2457196203e-04,5.6165530654e-03,-1.3517228424e-03,9.9803312305e-01,-1.5577104381e-02,-3.5836772745e-02,-4.9020045204e-02,1.0000000000e+00,1.0000139897e-04,1.0000165778e-04,1.0000142315e-04,6.0846978311e-09,6.0898367431e-09,6.0790216431e-09,1.2710288736e-08,6.2120725151e-09,2.4861739568e-08
1.8700000000e+00,5.1385984718e-02,-1.0777371059e-01,9.6873015224e+00,-3.0404485103e-02,3.2871396091e-02,5.7621761325e-02,3.3499769848e-01,-5.9166538142e-02,4.9788627269e-02,1.4821012032e-03,4.8387569954e-03,-1.6858196945e-03,9.9950790863e-01,-3.1081967474e-03,-1.1024009986e-03,-3.1193980283e-02,3.9618989305e-01,-7.4803693664e-02,5.2403115789e-02,-6.6977773411e-04,5.5795580344e-03,-1.8399588173e-03,9.9804349333e-01,-1.5631990214e-02,-3.5698928059e-02,-4.8891848430e-02,1.0000000000e+00,1.0000139919e-04,1.0000165773e-04,1.0000142334e-04,6.0848328978e-09,6.0899629622e-09,6.0790258247e-09,1.2692184912e-08,6.2209763985e-09,2.4861212596e-08
1.8750000000e+00,-5.0358173702e-02,-6.8327614153e-02,9.8303091100e+00,-3.2935155403e-02,4.0514943892e-02,5.7143151693e-02,3.3500609243e-01,-5.9142624464e-02,4.9776774752e-02,1.6876612629e-03,4.9554884427e-03,-2.0918775572e-03,9.9951210611e-01,-3.1867221640e-03,-9.9798607098e-04,-3.1054767281e-02,3.9619893626e-01,-7.4782841176e-02,5.2383115626e-02,-6.8835678578e-04,5.7434917391e-03,-2.0150158491e-03,9.9805455582e-01,-1.5691133973e-02,-3.5536034727e-02,-4.8765583765e-02,1.0000000000e+00,1.0000139941e-04,1.0000165768e-04,1.0000142352e-04,6.0849809263e-09,6.0900879892e-09,6.0790339513e-09,1.2673682770e-08,6.2296289654e-09,2.4861380609e-08
1.8800000000e+00,-8.5824334345e-02,-1.3296181604e-01,9.8727226174e+00,-4.2376665256e-02,4.1322382886e-02,4.6802017161e-02,3.3501341122e-01,-5.9117027183e-02,4.9766339122e-02,1.4747364279e-03,5.3146921013e-03,-1.8112676434e-03,9.9951555546e-01,-3.2853378600e-03,-8.9336435315e-04,-3.0936432457e-02,3.9620846449e-01,-7.4758389365e-02,5.2362904884e-02,-9.0590525040e-04,5.9119794729e-03,-1.8312422343e-03,9.9806430100e-01,-1.5781890282e-02,-3.5369095769e-02,-4.8658093671e-02,1.0000000000e+00,1.0000139963e-04,1.0000165764e-04,1.0000142370e-04,6.0850885482e-09,6.0901462871e-09,6.0790380952e-09,1.2655063017e-08,6.2381110449e-09,2.4861919456e-08
1.8850000000e+00,-6.5083790909e-02,1.7100953702e-01,9.8787849227e+00,-4.3855685934e-02,3.7327287144e-02,3.9616512357e-02,3.3501900651e-01,-5.9090628411e-02,4.9757700783e-02,1.1347064092e-03,5.5176044930e-03,-1.4525695394e-03,9.9951834984e-01,-3.3941668252e-03,-7.9112700717e-04,-3.0837024461e-02,3.9621426379e-01,-7.4742040355e-02,5.2343630817e-02,-1.0935740588e-03,6.6919315588e-03,-1.5425519830e-03,9.9807173615e-01,-1.5846514187e-02,-3.5217122162e-02,-4.8594771198e-02,1.0000000000e+00,1.0000139985e-04,1.0000165760e-04,1.0000142388e-04,6.0850797183e-09,6.0902158639e-09,6.0790482090e-09,1.2636406342e-08,6.2465783459e-09,2.4862656815e-08
1.8900000000e+00,-4.3751898446e-02,2.0060241731e-02,9.8950655618e+00,-6.5614138636e-02,3.6368488466e-02,4.9754499490e-02,3.3502200648e-01,-5.9062212838e-02,4.9748861319e-02,6.0256820692e-04,5.8291598715e-03,-1.4909468099e-03,9.9952165749e-01,-3.5578760765e-03,-6.9595925017e-04,-3.0713407053e-02,3.9621853664e-01,-7.4720340553e-02,5.2325757494e-02,-1.4746643124e-03,6.8922773530e-03,-1.4092233480e-03,9.9807940355e-01,-1.5971208217e-02,-3.5067995058e-02,-4.8504231222e-02,1.0000000000e+00,1.0000140007e-04,1.0000165755e-04,1.0000142406e-04,6.0851253633e-09,6.0902754397e-09,6.0790456527e-09,1.2617678154e-08,6.2549657569e-09,2.4863174097e-08
1.8950000000e+00,-9.3635149486e-02,-6.3525537920e-02,9.9218396292e+00,-8.0043753120e-02,3.2806469077e-02,4.8281256737e-02,3.3502404487e-01,-5.9032559310e-02,4.9740746102e-02,4.0737800606e-04,6.0541201504e-03,-1.3467230915e-03,9.9952460249e-01,-3.7537599129e-03,-6.0879094935e-04,-3.0595876723e-02,3.9622249575e-01,-7.4694947494e-02,5.2307849580e-02,-1.8532101896e-03,6.9607213210e-03,-1.2189976584e-03,9.9808639602e-01,-1.6141066507e-02,-3.4920979650e-02,-4.8410094396e-02,1.0000000000e+00,1.0000140029e-04,1.0000165751e-04,1.0000142424e-04,6.0851813899e-09,6.0902676622e-09,6.0790444379e-09,1.2598945181e-08,6.2632529683e-09,2.4864017108e-08
1.9000000000e+00,-5.7005743133e-02,-2.2153649110e-01,9.8756692399e+00,-8.5661054105e-02,2.8110437155e-02,3.8879143241e-02,3.3502522913e-01,-5.9001995631e-02,4.9734310752e-02,2.3830839324e-04,6.2509543448e-03,-1.0105491761e-03,9.9952687381e-01,-3.9704032511e-03,-5.3026790704e-04,-3.0495626599e-02,3.9622581307e-01,-7.4663731618e-02,5.2291985762e-02,-2.0510998988e-03,6.7962230992e-03,-1.0160001223e-03,9.9809210054e-01,-1.6342691906e-02,-3.4783453054e-02,-4.8323768994e-02,1.0000000000e+00,1.0000140051e-04,1.0000165747e-04,1.0000142442e-04,6.0852114182e-09,6.0902275160e-09,6.0790383624e-09,1.2580324043e-08,6.2714952774e-09,2.4864736464e-08
1.9050000000e+00,-1.4119961981e-02,8.9134262246e-02,9.8412640750e+00,-8.9155191679e-02,2.5907802395e-02,3.4325578104e-02,3.3502522768e-01,-5.8971739972e-02,4.9729837581e-02,4.7770338311e-06,6.2252788542e-03,-6.1579148101e-04,9.9952855303e-01,-4.1926392419e-03,-4.5933853885e-04,-3.0411880187e-02,3.9622553285e-01,-7.4641737240e-02,5.2277715426e-02,-2.1178603177e-03,7.3172756552e-03,-7.7517673368e-04,9.9809594619e-01,-1.6524903486e-02,-3.4656515238e-02,-4.8273550934e-02,1.0000000000e+00,1.0000140074e-04,1.0000165743e-04,1.0000142460e-04,6.0851375127e-09,6.0902263922e-09,6.0790415207e-09,1.2561870207e-08,6.2798215745e-09,2.4865432555e-08
1.9100000000e+00,3.7653385774e-02,1.0437801660e-02,9.8770412105e+00,-1.0774867765e-01,2.2190632270e-02,4.5733384746e-02,3.3502105532e-01,-5.8942853480e-02,4.9724438542e-02,-8.3884497469e-04,5.8531504775e-03,-7.9668027743e-04,9.9953079983e-01,-4.4573086295e-03,-3.9624412320e-04,-3.0301082327e-02,3.9622205433e-01,-7.4620394653e-02,5.2264725922e-02,-2.5713733784e-03,7.1408101753e-03,-7.0900501185e-04,9.9809936642e-01,-1.6743756533e-02,-3.4546473829e-02,-4.8206249759e-02,1.0000000000e+00,1.0000140096e-04,1.0000165737e-04,1.0000142478e-04,6.0851614530e-09,6.0903249627e-09,6.0790385096e-09,1.2543325723e-08,6.2880767337e-09,2.4865505601e-08
1.9150000000e+00,4.3817026332e-02,-1.4791601656e-01,9.8934570754e+00,-1.1258246210e-01,2.0998460982e-02,4.4155571564e-02,3.3501618998e-01,-5.8915370469e-02,4.9719478729e-02,-9.7991013437e-04,5.5346244792e-03,-7.0629205347e-04,9.9953288247e-01,-4.7395629710e-03,-3.4018464028e-04,-3.0190026138e-02,3.9621785508e-01,-7.4596092289e-02,5.2251743411e-02,-2.8504574503e-03,6.5781266673e-03,-5.8587605569e-04,9.9810270269e-01,-1.6987408893e-02,-3.4434728736e-02,-4.8131821975e-02,1.0000000000e+00,1.0000140118e-04,1.0000165732e-04,1.0000142496e-04,6.0852206641e-09,6.0903776054e-09,6.0790318714e-09,1.2524555428e-08,6.2962281736e-09,2.4865344719e-08
1.9200000000e+00,-7.7300704091e-03,-2.2460227608e-01,9.8654679420e+00,-1.1370034649e-01,1.4308891874e-02,4.0516000014e-02,3.3501144816e-01,-5.8889854259e-02,4.9715357438e-02,-9.5450028226e-04,5.1357994797e-03,-5.3468474551e-04,9.9953458083e-01,-5.0208066316e-03,-2.8941084987e-04,-3.0088693338e-02,3.9621424409e-01,-7.4571188743e-02,5.2239182376e-02,-3.0505411642e-03,5.9828581495e-03,-4.9038807145e-04,9.9810544256e-01,-1.7245501544e-02,-3.4333406316e-02,-4.8055545150e-02,1.0000000000e+00,1.0000140140e-04,1.0000165728e-04,1.0000142515e-04,6.0852420593e-09,6.0902883140e-09,6.0790309860e-09,1.2505999629e-08,6.3043432443e-09,2.4865597109e-08
1.9250000000e+00,1.4204025659e-02,6.3812154618e-02,9.8360369707e+00,-1.0724017099e-01,1.6503140747e-02,3.6775561441e-02,3.3500680858e-01,-5.8866810593e-02,4.9712355817e-02,-9.3214655598e-04,4.6535689160e-03,-3.0446273375e-04,9.9953593560e-01,-5.2879861102e-03,-2.4239561913e-04,-2.9998198300e-02,3.9620800429e-01,-7.4557015246e-02,5.2227007205e-02,-3.0096884657e-03,6.0206459991e-03,-3.8487608372e-04,9.9810744482e-01,-1.7461201960e-02,-3.4229140538e-02,-4.8010425481e-02,1.0000000000e+00,1.0000140162e-04,1.0000165724e-04,1.0000142533e-04,6.0851700176e-09,6.0902481078e-09,6.0790365626e-09,1.2487687784e-08,6.3125432170e-09,2.4866192678e-08
1.9300000000e+00,1.1718520140e-01,-4.2784881754e-02,9.8207469496e+00,-1.2042390425e-01,1.2451409021e-02,4.5237046353e-02,3.3499677453e-01,-5.8845692642e-02,4.9710317807e-02,-2.0188862778e-03,4.1853700185e-03,-1.0390216299e-04,9.9953765689e-01,-5.5881857523e-03,-2.0267016603e-04,-2.9886511450e-02,3.9619822488e-01,-7.4543324035e-02,5.2218071555e-02,-3.4687046718e-03,5.5306398510e-03,-2.3089272278e-04,9.9810881091e-01,-1.7708523261e-02,-3.4148469258e-02,-4.7948845989e-02,1.0000000000e+00,1.0000140184e-04,1.0000165718e-04,1.0000142551e-04,6.0851651065e-09,6.0903179808e-09,6.0790310985e-09,1.2469470870e-08,6.3207387932e-09,2.4865899113e-08
1.9350000000e+00,1.2370611465e-01,-5.9326325882e-02,9.7836797565e+00,-1.2570711636e-01,1.0563431404e-02,5.6203450152e-02,3.3498458722e-01,-5.8830053404e-02,4.9711548912e-02,-2.4567165638e-03,3.0057716143e-03,5.6062830041e-04,9.9953996812e-01,-5.9007528174e-03,-1.6697864083e-04,-2.9749039780e-02,3.9618546638e-01,-7.4535459369e-02,5.2210900344e-02,-3.8969948246e-03,4.5937494882e-03,1.6282740426e-04,9.9811077216e-01,-1.7958581247e-02,-3.4071812150e-02,-4.7869483849e-02,1.0000000000e+00,1.0000140206e-04,1.0000165713e-04,1.0000142569e-04,6.0851430895e-09,6.0902936836e-09,6.0790282169e-09,1.2451365334e-08,6.3289295593e-09,2.4865508341e-08
1.9400000000e+00,1.4605413416e-01,-6.8923079222e-02,9.6654840851e+00,-1.2353360532e-01,7.1970025561e-03,6.1142261198e-02,3.3497184311e-01,-5.8819680307e-02,4.9714594592e-02,-2.5758392583e-03,1.8803109908e-03,9.3738907509e-04,9.9954254607e-01,-6.2094038103e-03,-1.3406228962e-04,-2.9599390602e-02,3.9617080592e-01,-7.4532864424e-02,5.2206522418e-02,-4.0768631586e-03,3.5196014266e-03,3.1875425690e-04,9.9811307710e-01,-1.8202238152e-02,-3.4002152381e-02,-4.7778839315e-02,1.0000000000e+00,1.0000140229e-04,1.0000165709e-04,1.0000142588e-04,6.0850527538e-09,6.0901394876e-09,6.0790255568e-09,1.2433759314e-08,6.3372549272e-09,2.4865287760e-08
1.9450000000e+00,1.1916128813e-01,2.9050833140e-01,9.7314479467e+00,-1.1826089024e-01,7.5644247917e-03,4.5223830503e-02,3.3496109634e-01,-5.8807871009e-02,4.9716141111e-02,-2.1759286544e-03,2.1736867824e-03,6.4702814596e-04,9.9954404440e-01,-6.5004834343e-03,-1.0634264957e-04,-2.9486195145e-02,3.9615580624e-01,-7.4538677845e-02,5.2200498828e-02,-3.8937351375e-03,3.9963029652e-03,3.0535699926e-04,9.9811354991e-01,-1.8422435243e-02,-3.3928477529e-02,-4.7736922512e-02,1.0000000000e+00,1.0000140251e-04,1.0000165704e-04,1.0000142606e-04,6.0850093879e-09,6.0901517947e-09,6.0790447637e-09,1.2416101350e-08,6.3457004540e-09,2.4865426447e-08
1.9500000000e+00,1.0607086319e-01,-2.8246670824e-03,9.7668904674e+00,-1.3498840682e-01,4.7858074115e-03,4.4200134883e-02,3.3495074143e-01,-5.8787504109e-02,4.9719704706e-02,-2.0936064822e-03,3.9020617139e-03,1.0518132315e-03,9.9954498965e-01,-6.8388323218e-03,-8.5899331064e-05,-2.9377485705e-02,3.9614474094e-01,-7.4527445946e-02,5.2196143933e-02,-3.8540480482e-03,4.6782636712e-03,6.3239068871e-04,9.9811396275e-01,-1.8733968991e-02,-3.3856116636e-02,-4.7658358529e-02,1.0000000000e+00,1.0000140273e-04,1.0000165700e-04,1.0000142624e-04,6.0850693533e-09,6.0901666595e-09,6.0790363366e-09,1.2398420668e-08,6.3541213190e-09,2.4865594421e-08
1.9550000000e+00,1.7659113611e-01,-7.7439701745e-02,9.5993611639e+00,-1.4615840179e-01,3.7135651483e-03,5.6513633516e-02,3.3493874830e-01,-5.8768700654e-02,4.9727052537e-02,-2.4211444854e-03,3.5414756277e-03,1.8203016912e-03,9.9954664004e-01,-7.2028296015e-03,-6.6611086135e-05,-2.9234041739e-02,3.9613158753e-01,-7.4516319337e-02,5.2196580096e-02,-3.8900126615e-03,4.5655910444e-03,9.1461599824e-04,9.9811464153e-01,-1.9061847861e-02,-3.3791866817e-02,-4.7559626284e-02,1.0000000000e+00,1.0000140295e-04,1.0000165696e-04,1.0000142643e-04,6.0849897152e-09,6.0900134639e-09,6.0790269603e-09,1.2381382900e-08,6.3626078990e-09,2.4865628645e-08
1.9600000000e+00,1.6632254590e-01,-1.1784612934e-01,9.6159417808e+00,-1.4907339537e-01,3.2395708587e-03,6.6940145569e-02,3.3492551728e-01,-5.8753177464e-02,4.9736916356e-02,-2.6688681488e-03,2.8242603069e-03,2.3391175986e-03,9.9954872847e-01,-7.5759541838e-03,-4.7709911121e-05,-2.9067887191e-02,3.9611755154e-01,-7.4507952974e-02,5.2198713315e-02,-4.0816256789e-03,4.0215368419e-03,1.3741941110e-03,9.9811608288e-01,-1.9390253838e-02,-3.3729579274e-02,-4.7440685484e-02,1.0000000000e+00,1.0000140317e-04,1.0000165692e-04,1.0000142661e-04,6.0849832800e-09,6.0899556845e-09,6.0790229617e-09,1.2364589590e-08,6.3710623100e-09,2.4865719430e-08
1.9650000000e+00,2.6607954222e-01,3.2198528610e-01,9.6359152020e+00,-1.5071817308e-01,2.7814394878e-03,7.1881119941e-02,3.3491159880e-01,-5.8741634735e-02,4.9747941363e-02,-2.8068424883e-03,1.9580674616e-03,2.5899632585e-03,9.9955104889e-01,-7.9465806166e-03,-2.8824158606e-05,-2.8888608174e-02,3.9609821788e-01,-7.4517009606e-02,5.2202194388e-02,-3.9637997033e-03,4.1319755168e-03,1.7288463443e-03,9.9811650632e-01,-1.9674422267e-02,-3.3676769460e-02,-4.7352213447e-02,1.0000000000e+00,1.0000140340e-04,1.0000165686e-04,1.0000142680e-04,6.0849338967e-09,6.0900926955e-09,6.0790421699e-09,1.2347539776e-08,6.3795594542e-09,2.4865226174e-08
1.9700000000e+00,3.0178423158e-01,9.5541983181e-02,9.6023095293e+00,-1.6807883582e-01,1.2855520296e-04,6.5458226874e-02,3.3489722784e-01,-5.8724894339e-02,4.9761378164e-02,-2.9004775632e-03,3.0383303750e-03,3.0717847053e-03,9.9955234304e-01,-8.3634544311e-03,-1.4292719500e-05,-2.8725701745e-02,3.9608088158e-01,-7.4514422911e-02,5.2209563952e-02,-3.9409325439e-03,4.3939422309e-03,2.1151316369e-03,9.9811562046e-01,-2.0038998219e-02,-3.3629971145e-02,-4.7251156470e-02,1.0000000000e+00,1.0000140362e-04,1.0000165681e-04,1.0000142699e-04,6.0849308331e-09,6.0901235674e-09,6.0790355636e-09,1.2330477411e-08,6.3881234563e-09,2.4864224979e-08
1.9750000000e+00,3.2866167772e-01,-7.4826779848e-03,9.5628466053e+00,-1.7575192976e-01,-8.3630377959e-04,6.5869855464e-02,3.3488270817e-01,-5.8708242417e-02,4.9775632584e-02,-2.9337302032e-03,3.0122757363e-03,3.2430325682e-03,9.9955326858e-01,-8.8008213602e-03,-4.3655100259e-07,-2.8562366967e-02,3.9606356638e-01,-7.4509245229e-02,5.2219181502e-02,-3.9119088391e-03,4.2855537596e-03,2.3039891613e-03,9.9811421020e-01,-2.0427127627e-02,-3.3586030779e-02,-4.7145884178e-02,1.0000000000e+00,1.0000140384e-04,1.0000165676e-04,1.0000142717e-04,6.0849216449e-09,6.0901004971e-09,6.0790262558e-09,1.2313553868e-08,6.3966727300e-09,2.4862997883e-08
1.9800000000e+00,2.4055804063e-01,-1.0636209242e-01,9.5398298508e+00,-1.7644663959e-01,1.7608239954e-04,6.4852969478e-02,3.3486886199e-01,-5.8693671778e-02,4.9789481527e-02,-2.8027236629e-03,2.5595062478e-03,3.1742152768e-03,9.9955405091e-01,-9.2440107291e-03,1.5017046816e-05,-2.8394494982e-02,3.9604793545e-01,-7.4503496570e-02,5.2228731812e-02,-4.0054270845e-03,3.8037158109e-03,2.2860775889e-03,9.9811289297e-01,-2.0820399035e-02,-3.3533813798e-02,-4.7038784117e-02,1.0000000000e+00,1.0000140406e-04,1.0000165672e-04,1.0000142736e-04,6.0849170660e-09,6.0899435590e-09,6.0790206523e-09,1.2297071914e-08,6.4052039094e-09,2.4862523801e-08
1.9850000000e+00,3.7335917490e-01,-2.1339872745e-01,9.6023230452e+00,-1.7605320662e-01,1.4093931716e-03,6.9014533303e-02,3.3485644488e-01,-5.8682191104e-02,4.9801902392e-02,-2.5207155016e-03,1.8902970085e-03,2.9034100486e-03,9.9955475667e-01,-9.6822874089e-03,3.3272565260e-05,-2.8223051397e-02,3.9603173869e-01,-7.4498158839e-02,5.2237536013e-02,-3.6375090056e-03,2.9955954425e-03,2.2621658247e-03,9.9811207856e-01,-2.1219533137e-02,-3.3480258962e-02,-4.6915693506e-02,1.0000000000e+00,1.0000140428e-04,1.0000165666e-04,1.0000142755e-04,6.0849978942e-09,6.0901114454e-09,6.0790122487e-09,1.2280103702e-08,6.4135775245e-09,2.4861155360e-08
1.9900000000e+00,2.6952991241e-01,-1.8105461493e-01,9.5534800286e+00,-1.6857919200e-01,3.6720632222e-03,5.6930819211e-02,3.3484693389e-01,-5.8672942740e-02,4.9817377630e-02,-1.9411135932e-03,1.5553125575e-03,3.5115979390e-03,9.9955458905e-01,-1.0100924641e-02,5.9205238895e-05,-2.8081868106e-02,3.9601927184e-01,-7.4495108681e-02,5.2247108254e-02,-3.3276837771e-03,2.5678811095e-03,2.5103534969e-03,9.9811065759e-01,-2.1604429522e-02,-3.3415348603e-02,-4.6816432065e-02,1.0000000000e+00,1.0000140450e-04,1.0000165661e-04,1.0000142774e-04,6.0849829131e-09,6.0899823183e-09,6.0790131065e-09,1.2263468647e-08,6.4219787599e-09,2.4860530478e-08
1.9950000000e+00,2.9819529628e-01,-2.3713462733e-01,9.4598993661e+00,-1.6047769599e-01,7.3947676832e-03,5.5841226101e-02,3.3483798572e-01,-5.8667620772e-02,4.9833228554e-02,-1.8333485043e-03,7.8413835119e-04,3.5975610597e-03,9.9955435291e-01,-1.0501959458e-02,9.4030957130e-05,-2.7942719870e-02,3.9600750413e-01,-7.4494572009e-02,5.2258998456e-02,-3.0805663119e-03,1.8225772577e-03,2.4850542717e-03,9.9810956710e-01,-2.1967223761e-02,-3.3345628104e-02,-4.6720469049e-02,1.0000000000e+00,1.0000140472e-04,1.0000165657e-04,1.0000142793e-04,6.0849246932e-09,6.0898297833e-09,6.0790112291e-09,1.2247417178e-08,6.4304609503e-09,2.4860123338e-08
2.0000000000e+00,2.2927613005e-01,-2.1052798617e-01,9.5431883348e+00,-1.5155088893e-01,1.1116347272e-02,5.9568044089e-02,3.3482959274e-01,-5.8668476403e-02,4.9846588275e-02,-1.7280475919e-03,-4.9336492342e-04,3.1167345063e-03,9.9955444694e-01,-1.0878406528e-02,1.3536414719e-04,-2.7794775496e-02,3.9599675648e-01,-7.4501482172e-02,5.2268439004e-02,-3.0561943658e-03,8.3825611221e-04,2.3341053337e-03,9.9810945623e-01,-2.2294999911e-02,-3.3266058613e-02,-4.6624196553e-02,1.0000000000e+00,1.0000140494e-04,1.0000165654e-04,1.0000142811e-04,6.0849573162e-09,6.0897980278e-09,6.0790134660e-09,1.2231497914e-08,6.4388508340e-09,2.4860270781e-08
2.0050000000e+00,3.9930058340e-01,-9.3699006821e-01,9.4922662440e+00,-1.4265302767e-01,1.3175312280e-02,5.9989270804e-02,3.3482303845e-01,-5.8674650494e-02,4.9856115926e-02,-1.3665708377e-03,-1.6246159760e-03,2.3689469077e-03,9.9955481037e-01,-1.1231064473e-02,1.8171276195e-04,-2.7640753377e-02,3.9598953726e-01,-7.4493481838e-02,5.2278375474e-02,-2.6201552211e-03,-1.6712054455e-03,1.8024356405e-03,9.9811110331e-01,-2.2665917294e-02,-3.3181504963e-02,-4.6470091212e-02,1.0000000000e+00,1.0000140515e-04,1.0000165648e-04,1.0000142830e-04,6.0851612063e-09,6.0898763164e-09,6.0790166894e-09,1.2215098388e-08,6.4470413227e-09,2.4858556745e-08
2.0100000000e+00,2.3255544525e-01,-5.1449247709e-01,9.4628855435e+00,-9.1464810698e-02,2.2027264077e-02,4.9443495638e-02,3.3482430902e-01,-5.8694657897e-02,4.9867714464e-02,2.0262891316e-04,-4.2372780046e-03,2.7807508670e-03,9.9955555326e-01,-1.1456139332e-02,2.4635939852e-04,-2.7520757914e-02,3.9598646840e-01,-7.4508797870e-02,5.2284263115e-02,-1.7332759294e-03,-3.3810429504e-03,1.7304999222e-03,9.9811518009e-01,-2.2870596377e-02,-3.3065754835e-02,-4.6364630401e-02,1.0000000000e+00,1.0000140537e-04,1.0000165645e-04,1.0000142849e-04,6.0850756887e-09,6.0896878667e-09,6.0790142526e-09,1.2199122983e-08,6.4552565380e-09,2.4858479336e-08
2.0150000000e+00,1.4003345531e-01,-2.6309242264e-01,9.5959153306e+00,-5.7416207929e-02,2.9135067857e-02,4.6143408190e-02,3.3482672587e-01,-5.8724969798e-02,4.9877857680e-02,4.2740739491e-04,-6.2901482908e-03,2.5062577311e-03,9.9955707067e-01,-1.1599762381e-02,3.2614215058e-04,-2.7404408548e-02,3.9598526816e-01,-7.4542497807e-02,5.2287698217e-02,-1.3949763389e-03,-4.7745833360e-03,1.7623641005e-03,9.9812065628e-01,-2.2956470649e-02,-3.2940414717e-02,-4.6293466415e-02,1.0000000000e+00,1.0000140560e-04,1.0000165642e-04,1.0000142869e-04,6.0850668161e-09,6.0896935777e-09,6.0790139660e-09,1.2183399172e-08,6.4633995523e-09,2.4859582509e-08
2.0200000000e+00,1.3729136882e-01,-1.4843266568e-01,9.6516175436e+00,-3.8013649418e-02,3.5511170134e-02,4.7216048048e-02,3.3482971893e-01,-5.8762966729e-02,4.9883596705e-02,5.3446443780e-04,-7.9010369817e-03,1.6484447039e-03,9.9955922822e-01,-1.1690744011e-02,4.1547184808e-04,-2.7285585495e-02,3.9598417983e-01,-7.4588093878e-02,5.2289019395e-02,-1.1837691498e-03,-6.0688688108e-03,1.3525313694e-03,9.9812744804e-01,-2.2977035438e-02,-3.2804813486e-02,-4.6233078269e-02,1.0000000000e+00,1.0000140583e-04,1.0000165640e-04,1.0000142888e-04,6.0850887908e-09,6.0897670892e-09,6.0790186831e-09,1.2167629701e-08,6.4714792501e-09,2.4861114873e-08
2.0250000000e+00,4.0412692272e-01,-5.9000993053e-01,1.0033876034e+01,-2.3826156635e-02,3.6339303961e-02,4.8526229093e-02,3.3483470336e-01,-5.8806794367e-02,4.9882968775e-02,9.2040879575e-04,-9.1697331332e-03,3.9770118050e-04,9.9956175338e-01,-1.1745012306e-02,5.0918333531e-04,-2.7167933358e-02,3.9598436465e-01,-7.4628822620e-02,5.2285002503e-02,-4.7039313401e-04,-8.2168050467e-03,1.2510777813e-03,9.9813553430e-01,-2.2999928744e-02,-3.2675376737e-02,-4.6138684414e-02,1.0000000000e+00,1.0000140604e-04,1.0000165632e-04,1.0000142906e-04,6.0855335413e-09,6.0906026478e-09,6.0790091611e-09,1.2149282657e-08,6.4788601317e-09,2.4859506638e-08
2.0300000000e+00,-3.1475857648e-01,-4.5053245919e-01,1.0225647200e+01,1.5943393415e-02,5.1025627687e-02,2.6904871876e-02,3.3487288628e-01,-5.8853424820e-02,4.9874072625e-02,7.5917219917e-03,-9.4907027710e-03,-1.3133366828e-03,9.9956405531e-01,-1.1701284727e-02,6.3690140230e-04,-2.7099328897e-02,3.9601181183e-01,-7.4668989007e-02,5.2262382342e-02,2.4780623504e-03,-8.8334037544e-03,4.3998928692e-04,9.9814900766e-01,-2.2956592475e-02,-3.2418624595e-02,-4.6049822518e-02,1.0000000000e+00,1.0000140627e-04,1.0000165633e-04,1.0000142925e-04,6.0857756937e-09,6.0903823951e-09,6.0790374872e-09,1.2130126557e-08,6.4858562162e-09,2.4863273826e-08
2.0350000000e+00,-6.0010360689e-01,-3.6796213474e-01,1.0428617633e+01,4.0501318816e-02,6.4150142195e-02,2.3138811495e-02,3.3492224040e-01,-5.8906770594e-02,4.9859048133e-02,9.8396918379e-03,-1.0762430986e-02,-2.5550832667e-03,9.9956668465e-01,-1.1595075223e-02,7.9489146576e-04,-2.7043766718e-02,3.9605449954e-01,-7.4718265226e-02,5.2231397669e-02,4.4457509270e-03,-9.6210425606e-03,-2.7920079898e-04,9.9816442510e-01,-2.2828964994e-02,-3.2125856142e-02,-4.5984216813e-02,1.0000000000e+00,1.0000140649e-04,1.0000165637e-04,1.0000142943e-04,6.0859977517e-09,6.0902990998e-09,6.0790764384e-09,1.2111525367e-08,6.4923929022e-09,2.4870020435e-08
2.0400000000e+00,-7.8957337834e-01,-2.4385102011e-02,1.0666099020e+01,6.2811742449e-02,7.1181051734e-02,1.9962629942e-02,3.3497361295e-01,-5.8967902380e-02,4.9838150333e-02,1.0248045559e-02,-1.2329334557e-02,-3.7253857466e-03,9.9956968552e-01,-1.1438422964e-02,9.6994164300e-04,-2.6993804402e-02,3.9610257860e-01,-7.4786154934e-02,5.2193656425e-02,5.1413845717e-03,-1.0165321710e-02,-8.5998114218e-04,9.9818010014e-01,-2.2594602767e-02,-3.1828418003e-02,-4.5966546788e-02,1.0000000000e+00,1.0000140673e-04,1.0000165642e-04,1.0000142962e-04,6.0861987316e-09,6.0904269594e-09,6.0791205880e-09,1.2093143851e-08,6.4984989075e-09,2.4878684099e-08
2.0450000000e+00,3.2463527436e-01,-6.2234435774e-01,1.2285639891e+01,6.8316327565e-02,7.2712115039e-02,1.5975881244e-02,3.3502337472e-01,-5.9030934693e-02,4.9812892690e-02,9.9212760624e-03,-1.2741847528e-02,-4.5820665477e-03,9.9957262264e-01,-1.1261258245e-02,1.1460775860e-03,-2.6952599810e-02,3.9614324608e-01,-7.4844290437e-02,5.2145803027e-02,7.0905727082e-03,-1.1848175653e-02,1.7510734228e-03,9.9819399648e-01,-2.2388853660e-02,-3.1583258776e-02,-4.5934544609e-02,1.0000000000e+00,1.0000140693e-04,1.0000165624e-04,1.0000142977e-04,6.0879482422e-09,6.0940668743e-09,6.0790435450e-09,1.2063875637e-08,6.5017205866e-09,2.4875765165e-08
2.0500000000e+00,-8.9589071200e-01,-4.8238584949e-01,1.1841232165e+01,5.8105738418e-02,1.1447187227e-01,2.9458655188e-02,3.3512267161e-01,-5.9106817704e-02,4.9804328728e-02,1.9848695249e-02,-1.5176312459e-02,-1.2706567869e-03,9.9957603164e-01,-1.1106753792e-02,1.4326799443e-03,-2.6876465786e-02,3.9622586267e-01,-7.4909375333e-02,5.2092837187e-02,1.1614049154e-02,-1.3551742746e-02,3.7539825567e-03,9.9821842860e-01,-2.2202729139e-02,-3.1070950039e-02,-4.5843251320e-02,1.0000000000e+00,1.0000140715e-04,1.0000165625e-04,1.0000142994e-04,6.0881237656e-09,6.0934472374e-09,6.0791160829e-09,1.2034239053e-08,6.5044958272e-09,2.4881425522e-08
2.0550000000e+00,-1.7376631195e+00,-1.8589283457e-01,1.1194729835e+01,5.8220940914e-02,1.4295798369e-01,3.9978101695e-02,3.3523649010e-01,-5.9191250387e-02,4.9801657498e-02,2.2760963715e-02,-1.6831624152e-02,-6.5786924362e-05,9.9957986400e-01,-1.0948988657e-02,1.7880930201e-03,-2.6777189030e-02,3.9633451449e-01,-7.4990105342e-02,5.2052496678e-02,1.3671501524e-02,-1.4570473833e-02,3.8828082265e-03,9.9824612364e-01,-2.1989512085e-02,-3.0473994054e-02,-4.5743564448e-02,1.0000000000e+00,1.0000140739e-04,1.0000165640e-04,1.0000143012e-04,6.0874572170e-09,6.0915060324e-09,6.0792643058e-09,1.2011783218e-08,6.5082375637e-09,2.4895413317e-08
2.0600000000e+00,-2.0777797552e+00,-6.5350694594e-01,1.0974815295e+01,6.9573106576e-02,1.3926829121e-01,-3.3671637519e-02,3.3535081623e-01,-5.9240680307e-02,4.9790738957e-02,2.2987700497e-02,-9.6122640987e-03,-1.7354358506e-03,9.9957886106e-01,-1.0766638578e-02,2.1316131634e-03,-2.6863287876e-02,3.9646046085e-01,-7.5029338815e-02,5.2019760452e-02,1.3918709699e-02,-1.1452445193e-02,2.4907194957e-03,9.9826567263e-01,-2.1931153682e-02,-2.9899837189e-02,-4.5723856890e-02,1.0000000000e+00,1.0000140763e-04,1.0000165658e-04,1.0000143029e-04,6.0871058348e-09,6.0903265114e-09,6.0794023792e-09,1.1994298848e-08,6.5128939866e-09,2.4912223659e-08
2.0650000000e+00,1.4839855327e+00,-1.6767690436e+00,1.6539304408e+01,8.5830320141e-02,1.1600318606e-01,-5.2761340218e-02,3.3545265901e-01,-5.9258493001e-02,4.9782376847e-02,2.0546925426e-02,-3.1636886422e-03,-1.2353868030e-03,9.9957690992e-01,-1.0545712308e-02,2.4188580012e-03,-2.6998856242e-02,3.9655805782e-01,-7.5000155225e-02,5.1961450940e-02,1.8672812070e-02,-8.4079574014e-03,1.3645261164e-02,9.9827928523e-01,-2.2024617211e-02,-2.9568830451e-02,-4.5596811043e-02,1.0000000000e+00,1.0000140778e-04,1.0000165594e-04,1.0000143038e-04,6.0934789881e-09,6.1028782377e-09,6.0790870610e-09,1.1937853735e-08,6.5076250631e-09,2.4888603956e-08
2.0700000000e+00,2.8823622459e-01,-1.1043600160e+00,1.4879431334e+01,2.3231977175e-02,2.6759819657e-01,5.6497830712e-02,3.3564409246e-01,-5.9306087236e-02,4.9905165279e-02,3.8540203266e-02,-9.4352790602e-03,2.5079664298e-02,9.9957951197e-01,-1.0467633104e-02,3.0870775535e-03,-2.6864434939e-02,3.9671530975e-01,-7.5003196621e-02,5.1954276023e-02,2.9482327855e-02,-9.8670753146e-03,3.0581287981e-02,9.9832203460e-01,-2.2050597029e-02,-2.8557818396e-02,-4.5291692593e-02,1.0000000000e+00,1.0000140796e-04,1.0000165554e-04,1.0000143050e-04,6.0939377237e-09,6.1038337657e-09,6.0790697524e-09,1.1873548074e-08,6.5008122620e-09,2.4869628770e-08
2.0750000000e+00,9.5425047628e-02,-8.1405837892e-01,1.3828069483e+01,-3.6874293286e-02,4.0514007282e-01,1.5436183773e-01,3.3588842520e-01,-5.9353019538e-02,5.0141428222e-02,4.9150247528e-02,-9.5453247205e-03,4.7863997570e-02,9.9958520627e-01,-1.0532718223e-02,4.1030457827e-03,-2.6488530929e-02,3.9692635395e-01,-7.5015034497e-02,5.2054498434e-02,4.0018613424e-02,-1.0003599631e-02,4.8973286427e-02,9.9838011246e-01,-2.2222342717e-02,-2.7194145258e-02,-4.4763791008e-02,1.0000000000e+00,1.0000140816e-04,1.0000165525e-04,1.0000143062e-04,6.0927070705e-09,6.1018017207e-09,6.0790513490e-09,1.1816248805e-08,6.4961256760e-09,2.4855946801e-08
2.0800000000e+00,4.5551350418e-01,-4.7400440889e-01,1.2881799079e+01,-1.1149777957e-01,5.4492190433e-01,2.2484960620e-01,3.3616364295e-01,-5.9398584125e-02,5.0483463798e-02,5.5326032491e-02,-9.4341774459e-03,6.9103032640e-02,9.9959038615e-01,-1.0769991981e-02,5.4754967950e-03,-2.5943903304e-02,3.9716939204e-01,-7.5046765876e-02,5.2275918208e-02,4.8827164121e-02,-9.4748058247e-03,6.7260055945e-02,9.9844352398e-01,-2.2511192607e-02,-2.5578344759e-02,-4.4153413284e-02,1.0000000000e+00,1.0000140837e-04,1.0000165497e-04,1.0000143076e-04,6.0910880252e-09,6.0998202871e-09,6.0790146495e-09,1.1767392926e-08,6.4941462174e-09,2.4842358718e-08
2.0850000000e+00,2.6224359541e+00,-1.8550890774e+00,1.5768665340e+01,-1.8678482915e-01,6.8881216397e-01,2.6589671747e-01,3.3646243788e-01,-5.9441894649e-02,5.0921889626e-02,6.0019915008e-02,-9.0809198901e-03,8.8434801816e-02,9.9959137046e-01,-1.1189020154e-02,7.2147939892e-03,-2.5295151445e-02,3.9743360406e-01,-7.5035507548e-02,5.2591765136e-02,5.8911485197e-02,-1.1821465398e-02,9.2171157016e-02,9.9851005576e-01,-2.3121663554e-02,-2.3763013489e-02,-4.3340240135e-02,1.0000000000e+00,1.0000140849e-04,1.0000165407e-04,1.0000143085e-04,6.0946920660e-09,6.1086907697e-09,6.0791149483e-09,1.1694549292e-08,6.4864362746e-09,2.4787676452e-08
2.0900000000e+00,2.2845827937e+00,-1.8473864868e+00,1.4080722191e+01,-1.9648342182e-01,9.6296790107e-01,3.1677421253e-01,3.3685770535e-01,-5.9536545682e-02,5.1508126028e-02,7.9380240353e-02,-1.9542636341e-02,1.1810643565e-01,9.9958525435e-01,-1.1612060922e-02,9.6394556177e-03,-2.4526724727e-02,3.9776446024e-01,-7.5075135159e-02,5.3032842186e-02,7.4258421144e-02,-1.9166392303e-02,1.1662930216e-01,9.9859449644e-01,-2.3570161617e-02,-2.1127855121e-02,-4.2509915287e-02,1.0000000000e+00,1.0000140863e-04,1.0000165325e-04,1.0000143096e-04,6.0941592632e-09,6.1081624753e-09,6.0792264490e-09,1.1621366090e-08,6.4793745884e-09,2.4730262294e-08
2.0950000000e+00,1.9213543218e+00,-1.0198174898e+00,1.2792643439e+01,-1.7640130990e-01,1.2253144123e+00,3.6664543101e-01,3.3732919014e-01,-5.9677429399e-02,5.2212938635e-02,9.4642583428e-02,-2.8908062855e-02,1.4191078700e-01,9.9956786845e-01,-1.1967996175e-02,1.2722851973e-02,-2.3642598416e-02,3.9816197287e-01,-7.5200746327e-02,5.3605331991e-02,8.9234184741e-02,-2.6180184470e-02,1.3805014654e-01,9.9868595857e-01,-2.3781404298e-02,-1.7855836337e-02,-4.1736915070e-02,1.0000000000e+00,1.0000140880e-04,1.0000165262e-04,1.0000143110e-04,6.0918588264e-09,6.1046211503e-09,6.0791597378e-09,1.1560337352e-08,6.4756774999e-09,2.4683614000e-08
2.1000000000e+00,2.7726877154e+00,-3.2494747759e+00,1.0892347627e+01,-1.6502836591e-01,1.4678921625e+00,4.0103927235e-01,3.3786074293e-01,-5.9844572747e-02,5.3013098337e-02,1.0663242696e-01,-3.4225823064e-02,1.6104339197e-01,9.9953276350e-01,-1.2278287184e-02,1.6412007932e-02,-2.2674751530e-02,3.9864184596e-01,-7.5254863903e-02,5.4326902416e-02,1.0397866806e-01,-3.6791318042e-02,1.5461219389e-01,9.9878271345e-01,-2.4315247098e-02,-1.4083558044e-02,-4.0540269784e-02,1.0000000000e+00,1.0000140892e-04,1.0000165191e-04,1.0000143124e-04,6.0908953251e-09,6.1012285596e-09,6.0796483586e-09,1.1510269844e-08,6.4758529573e-09,2.4625338233e-08
2.1050000000e+00,2.9038432257e+00,-1.1240538230e+00,1.2098989482e+01,-2.2729503962e-02,1.7203912009e+00,4.2243198711e-01,3.3846165739e-01,-6.0075960266e-02,5.3877491602e-02,1.2043077992e-01,-4.7082972481e-02,1.7391568037e-01,9.9947583769e-01,-1.2209866327e-02,2.0720886762e-02,-2.1670576678e-02,3.9916161194e-01,-7.5480792896e-02,5.5105431866e-02,1.1885181363e-01,-4.4531949254e-02,1.7107140280e-01,9.9887336478e-01,-2.4077499457e-02,-9.7325951063e-03,-3.9718405508e-02,1.0000000000e+00,1.0000140910e-04,1.0000165113e-04,1.0000143140e-04,6.0899423248e-09,6.1027881806e-09,6.0794559198e-09,1.1459079388e-08,6.4755702863e-09,2.4566376760e-08
2.1100000000e+00,1.8473749656e+01,2.7791090636e+00,-4.7467643544e+01,9.7792894891e-02,2.0148242540e+00,3.9481743296e-01,3.3916916242e-01,-6.0325973271e-02,5.4809666862e-02,1.4165153803e-01,-5.0828849449e-02,1.8763152636e-01,9.9938285876e-01,-1.1827220564e-02,2.5758963067e-02,-2.0748356187e-02,3.9975587101e-01,-7.5703452643e-02,5.5960788880e-02,2.1618140283e-01,-4.9581916128e-02,-1.1368169504e-01,9.9895429026e-01,-2.3642519159e-02,-4.6870480104e-03,-3.8850853756e-02,0.0000000000e+00,1.0000140953e-04,1.0000165207e-04,1.0000143179e-04,1.5749272622e-08,1.5850243055e-08,1.5573147653e-08,1.1477737188e-08,6.4942280863e-09,2.4585034560e-08
2.1150000000e+00,-1.0026747754e+01,5.3436475986e-01,2.9924279376e+01,-8.9626894223e-02,5.1493338799e+00,3.6486689764e-01,3.4010252969e-01,-6.0547679439e-02,5.4964510573e-02,1.8446749150e-01,-4.5057126180e-02,3.2279673347e-02,9.9898446706e-01,-1.1745896726e-02,3.8639332307e-02,-1.9976748758e-02,4.0088365263e-01,-7.6039657302e-02,5.5604837063e-02,1.7898473142e-01,-4.2446648173e-02,1.9048416414e-02,9.9895601882e-01,-2.3263513681e-02,7.8878316953e-03,-3.8515756570e-02,1.0000000000e+00,1.0000140981e-04,1.0000165218e-04,1.0000143249e-04,7.1383632158e-09,7.1412399287e-09,7.1385876620e-09,1.1500831515e-08,6.5066815384e-09,2.4573783482e-08
2.1200000000e+00,-8.3319343977e+00,1.9647767357e-01,2.5578900951e+01,-9.5707144344e-02,4.3483110543e+00,3.6822519815e-01,3.4092190244e-01,-6.0749509987e-02,5.5418153855e-02,1.6251665135e-01,-4.1102436526e-02,9.2197457726e-02,9.9852061580e-01,-1.1719195366e-02,4.9512919052e-02,-1.9175795366e-02,4.0183962403e-01,-7.6296946321e-02,5.5636127586e-02,1.5397930216e-01,-3.7830837945e-02,9.4491649244e-02,9.9883566844e-01,-2.2926741218e-02,1.9064393488e-02,-3.7923882715e-02,1.0000000000e+00,1.0000141008e-04,1.0000165227e-04,1.0000143285e-04,6.2470316088e-09,6.2516685030e-09,6.2358376751e-09,1.1467961526e-08,6.5041940098e-09,2.4590826782e-08
2.1250000000e+00,-5.4929148355e+00,-1.0257935097e+00,2.4638519631e+01,-9.1851030389e-02,3.7086838771e+00,3.6728215520e-01,3.4164804067e-01,-6.0941528480e-02,5.6115008647e-02,1.4444747040e-01,-3.9116947605e-02,1.4093595387e-01,9.9803293305e-01,-1.1718028634e-02,5.8787610339e-02,-1.8356721468e-02,4.0264177295e-01,-7.6498358731e-02,5.6017780757e-02,1.3928015694e-01,-3.7664958977e-02,1.5213266053e-01,9.9864164804e-01,-2.2728824977e-02,2.8513390712e-02,-3.7218891170e-02,1.0000000000e+00,1.0000141029e-04,1.0000165198e-04,1.0000143292e-04,6.1298306792e-09,6.1407175966e-09,6.1038683945e-09,1.1379729825e-08,6.4757756025e-09,2.4592600024e-08
2.1300000000e+00,-5.0568956631e+00,-2.0853052077e-01,2.0835294350e+01,9.6188062334e-03,3.2921152940e+00,3.1165866588e-01,3.4237559630e-01,-6.1140452447e-02,5.7040778391e-02,1.4511366628e-01,-4.0510904072e-02,1.8698264935e-01,9.9752984314e-01,-1.1483001695e-02,6.7007257203e-02,-1.7674280847e-02,4.0339441519e-01,-7.6718001374e-02,5.6663957706e-02,1.3538779363e-01,-3.7311402135e-02,1.9539552391e-01,9.9838898954e-01,-2.2204360990e-02,3.7181972176e-02,-3.6659144290e-02,1.0000000000e+00,1.0000141052e-04,1.0000165180e-04,1.0000143293e-04,6.1107429404e-09,6.1222138157e-09,6.0836730809e-09,1.1283073504e-08,6.4457187223e-09,2.4598222406e-08
2.1350000000e+00,-4.0930522819e+00,2.3229445272e-01,1.7569679747e+01,8.2731174486e-02,2.9813456257e+00,2.7114788019e-01,3.4308939730e-01,-6.1333817872e-02,5.8146016516e-02,1.4262190841e-01,-3.9357102284e-02,2.2305272857e-01,9.9701697255e-01,-1.1094651273e-02,7.4443449060e-02,-1.7094971757e-02,4.0411356859e-01,-7.6943064674e-02,5.7558378511e-02,1.3449437594e-01,-3.6089959541e-02,2.2786098808e-01,9.9809914869e-01,-2.1511926250e-02,4.4980699564e-02,-3.6222411245e-02,1.0000000000e+00,1.0000141075e-04,1.0000165168e-04,1.0000143296e-04,6.1028586908e-09,6.1129505066e-09,6.0802988735e-09,1.1204216908e-08,6.4245644028e-09,2.4602848739e-08
2.1400000000e+00,-2.9507182755e+00,4.4108107881e-01,1.4785932305e+01,1.2536448119e-01,2.7531114513e+00,2.4109401146e-01,3.4378935426e-01,-6.1516538883e-02,5.9384152440e-02,1.4001991884e-01,-3.7148334972e-02,2.4971493925e-01,9.9649469967e-01,-1.0610831088e-02,8.1304393020e-02,-1.6592753590e-02,4.0480919082e-01,-7.7161837451e-02,5.8654282055e-02,1.3483774279e-01,-3.4308785300e-02,2.5123171694e-01,9.9778409612e-01,-2.0753140922e-02,5.2055606464e-02,-3.5866676868e-02,1.0000000000e+00,1.0000141098e-04,1.0000165157e-04,1.0000143304e-04,6.0967468682e-09,6.1053277745e-09,6.0795121839e-09,1.1146301281e-08,6.4135469100e-09,2.4603929972e-08
2.1450000000e+00,-7.8435860830e-01,4.8512909646e-01,1.6508861089e+01,1.5372301060e-01,2.5903350459e+00,2.1858774644e-01,3.4448157859e-01,-6.1687435372e-02,6.0713501060e-02,1.3856739850e-01,-3.4687965811e-02,2.6795951642e-01,9.9596058815e-01,-1.0071611049e-02,8.7751608263e-02,-1.6146973595e-02,4.0547265357e-01,-7.7371947663e-02,5.9877027203e-02,1.3905267283e-01,-3.2273998025e-02,2.7444592354e-01,9.9745470106e-01,-1.9953945945e-02,5.8482648764e-02,-3.5577228138e-02,1.0000000000e+00,1.0000141116e-04,1.0000165097e-04,1.0000143311e-04,6.0965844063e-09,6.1094948130e-09,6.0791716144e-09,1.1078219364e-08,6.4029552788e-09,2.4572917942e-08
2.1500000000e+00,-1.3077373890e+00,8.6614525983e-01,1.3886196694e+01,2.5377136466e-01,2.5849851560e+00,1.3701432546e-01,3.4527458172e-01,-6.1836480110e-02,6.2144346065e-02,1.5879459636e-01,-3.0197503815e-02,2.8857731201e-01,9.9538469899e-01,-9.2990033099e-03,9.4176190295e-02,-1.5927169447e-02,4.0620028947e-01,-7.7567375135e-02,6.1195938126e-02,1.5187062350e-01,-2.8171750638e-02,2.9104141265e-01,9.9706221876e-01,-1.8961258778e-02,6.5170074487e-02,-3.5500196854e-02,1.0000000000e+00,1.0000141137e-04,1.0000165060e-04,1.0000143322e-04,6.0933716402e-09,6.1047900342e-09,6.0792156147e-09,1.1018858403e-08,6.3980225873e-09,2.4550018072e-08
2.1550000000e+00,-1.3051022655e+00,7.8926912558e-01,1.1737971488e+01,3.0425684702e-01,2.6040523596e+00,8.0219575461e-02,3.4612776462e-01,-6.1961574327e-02,6.3645010408e-02,1.7086227738e-01,-2.5263316702e-02,3.0274529245e-01,9.9476061645e-01,-8.4168802609e-03,1.0064273956e-01,-1.5859100466e-02,4.0699236156e-01,-7.7733536159e-02,6.2620582322e-02,1.6403144404e-01,-2.3916943006e-02,3.0198768552e-01,9.9662068679e-01,-1.7881837487e-02,7.1857572924e-02,-3.5551874197e-02,1.0000000000e+00,1.0000141158e-04,1.0000165040e-04,1.0000143337e-04,6.0899367332e-09,6.0987972225e-09,6.0792042210e-09,1.0977482855e-08,6.3988821543e-09,2.4536015815e-08
2.1600000000e+00,-9.9053338757e-01,5.9317018158e-01,9.9580777793e+00,3.2517829033e-01,2.6323865232e+00,4.6699155016e-02,3.4701890635e-01,-6.2068340052e-02,6.5185288719e-02,1.7846015885e-01,-2.1455941507e-02,3.1075272228e-01,9.9408490590e-01,-7.4914767082e-03,1.0717662748e-01,-1.5882322490e-02,4.0783409826e-01,-7.7871442470e-02,6.4126118793e-02,1.7379546787e-01,-2.0527432847e-02,3.0762054859e-01,9.9613361826e-01,-1.6768706011e-02,7.8513749595e-02,-3.5668139782e-02,1.0000000000e+00,1.0000141179e-04,1.0000165031e-04,1.0000143355e-04,6.0870588570e-09,6.0939485566e-09,6.0791575437e-09,1.0951756179e-08,6.4043571995e-09,2.4527703589e-08
2.1650000000e+00,-4.1909868594e+00,2.0321372117e+00,1.6013921692e+01,3.2779160652e-01,2.6639422596e+00,2.7469089191e-02,3.4793671139e-01,-6.2163418786e-02,6.6737531657e-02,1.8377727170e-01,-1.9000282780e-02,3.1312822256e-01,9.9335634502e-01,-6.5603723121e-03,1.1377920770e-01,-1.5950712114e-02,4.0872767147e-01,-7.8042855362e-02,6.5572471664e-02,1.7701199972e-01,-1.4167304085e-02,3.2385054075e-01,9.9558295303e-01,-1.5491131272e-02,8.5333793472e-02,-3.5954863129e-02,1.0000000000e+00,1.0000141202e-04,1.0000165011e-04,1.0000143370e-04,6.0925507602e-09,6.1005208538e-09,6.0795118362e-09,1.0905354373e-08,6.4018473911e-09,2.4520133177e-08
2.1700000000e+00,5.5786238374e-01,2.2564258975e+00,1.2800436333e+01,3.9129974651e-01,2.7419299412e+00,-3.6335083995e-03,3.4889867994e-01,-6.2200216839e-02,6.8390750949e-02,1.9269336142e-01,-7.3799880984e-03,3.3384276252e-01,9.9255887787e-01,-5.4819500593e-03,1.2057017697e-01,-1.6113802115e-02,4.0960651842e-01,-7.8154812491e-02,6.7179028036e-02,1.9221917626e-01,-5.1048321357e-03,3.3506380262e-01,9.9498548741e-01,-1.4126416609e-02,9.2133861318e-02,-3.6272245626e-02,1.0000000000e+00,1.0000141221e-04,1.0000164945e-04,1.0000143382e-04,6.0906921120e-09,6.1024546677e-09,6.0798484242e-09,1.0857487422e-08,6.4023867770e-09,2.4478209090e-08
2.1750000000e+00,2.7660832810e+00,2.1841783931e+00,1.1106481341e+01,4.1953970386e-01,2.7198169878e+00,-2.3548204137e-02,3.4997279835e-01,-6.2182515702e-02,7.0075749807e-02,2.1512612675e-01,3.5336080406e-03,3.4038419854e-01,9.9172068439e-01,-4.3367208611e-03,1.2729715695e-01,-1.6331284250e-02,4.1055893754e-01,-7.8201335164e-02,6.8861770386e-02,2.1577169186e-01,4.4697970122e-03,3.3932562408e-01,9.9434998281e-01,-1.2763578687e-02,9.8825585837e-02,-3.6588335850e-02,1.0000000000e+00,1.0000141237e-04,1.0000164849e-04,1.0000143396e-04,6.0879667837e-09,6.1039184636e-09,6.0805907894e-09,1.0811954546e-08,6.4058210012e-09,2.4403693556e-08
2.1800000000e+00,2.1322686181e+00,2.0444971643e+00,1.0650066423e+01,4.3267787833e-01,2.6175495194e+00,-2.9360892934e-02,3.5118446435e-01,-6.2115403300e-02,7.1755593113e-02,2.4260746852e-01,1.3450900447e-02,3.3932195744e-01,9.9086886546e-01,-3.1648682618e-03,1.3376987989e-01,-1.6567869399e-02,4.1164490189e-01,-7.8194801376e-02,7.0548173273e-02,2.4058163389e-01,1.3985800606e-02,3.3960644083e-01,9.9368505309e-01,-1.1415722646e-02,1.0534350095e-01,-3.6911290166e-02,1.0000000000e+00,1.0000141251e-04,1.0000164763e-04,1.0000143413e-04,6.0866453404e-09,6.1027470725e-09,6.0807744899e-09,1.0770450581e-08,6.4109128811e-09,2.4328105728e-08
2.1850000000e+00,-8.0502302737e+00,1.9644359326e+00,2.8571341981e+01,4.3868863623e-01,2.4702259082e+00,-2.4675603346e-02,3.5251163598e-01,-6.2004245293e-02,7.3424420161e-02,2.6569704010e-01,2.2297908608e-02,3.3699273460e-01,9.9002555150e-01,-1.9873078223e-03,1.3986935938e-01,-1.6793459783e-02,4.1293269813e-01,-7.8118997600e-02,7.1943660678e-02,2.5262206872e-01,2.4940236421e-02,3.7670839635e-01,9.9293385905e-01,-1.0352239459e-02,1.1223165577e-01,-3.7138095363e-02,1.0000000000e+00,1.0000141261e-04,1.0000164642e-04,1.0000143416e-04,6.1107423216e-09,6.1349362387e-09,6.0798314810e-09,1.0620421178e-08,6.3797481084e-09,2.4257485291e-08
2.1900000000e+00,-9.6039652849e-01,1.5444225396e+00,1.8486550949e+01,4.0250306752e-01,1.7155864052e+00,-1.1065099249e-02,3.5389514477e-01,-6.1852412301e-02,7.5363071187e-02,2.7738056095e-01,3.0270591470e-02,3.9132388437e-01,9.8941794769e-01,-9.2304776316e-04,1.4409416536e-01,-1.6974813390e-02,4.1419580847e-01,-7.7994296418e-02,7.3827202659e-02,2.6917810505e-01,3.4134420416e-02,4.1858621857e-01,9.9245225681e-01,-9.1968160322e-03,1.1645155570e-01,-3.7322536015e-02,0.0000000000e+00,1.0000141298e-04,1.0000164749e-04,1.0000143451e-04,1.5667924964e-08,1.5838800647e-08,1.5509830861e-08,1.0639078978e-08,6.3984059084e-09,2.4276143091e-08
2.1950000000e+00,3.3129252199e+00,1.2105582993e+00,1.2577116053e+01,3.8520850390e-01,1.2880179850e+00,-5.4627884671e-03,3.5539997224e-01,-6.1671191465e-02,7.7407687920e-02,3.0173186050e-01,3.6084712408e-02,4.1258776901e-01,9.8894899166e-01,8.4469158523e-05,1.4726288370e-01,-1.7132654365e-02,4.1554169899e-01,-7.7823624315e-02,7.5920133752e-02,3.0026162639e-01,3.9508037921e-02,4.2672501348e-01,9.9208001977e-01,-8.1224236189e-03,1.1961056491e-01,-3.7477638296e-02,0.0000000000e+00,1.0000141393e-04,1.0000165037e-04,1.0000143544e-04,2.5228822042e-08,2.5673137416e-08,2.4951916983e-08,1.0657736778e-08,6.4170637084e-09,2.4294800891e-08
2.2000000000e+00,5.9374780088e+00,9.6106893407e-01,9.0594956101e+00,3.7760915338e-01,1.0273969607e+00,2.1187317970e-04,3.5706594556e-01,-6.1469163463e-02,7.9457744455e-02,3.3388777036e-01,4.0238116279e-02,4.1353563454e-01,9.8856718884e-01,1.0624321698e-03,1.4978465409e-01,-1.7272573514e-02,4.1704300713e-01,-7.7626084126e-02,7.8053758820e-02,3.4014203003e-01,4.2357873328e-02,4.1452234482e-01,9.9177677441e-01,-7.0895238705e-03,1.2212288848e-01,-3.7610749814e-02,0.0000000000e+00,1.0000141594e-04,1.0000165559e-04,1.0000143752e-04,3.4762801137e-08,3.5612443699e-08,3.4415806473e-08,1.0676394578e-08,6.4357215084e-09,2.4313458691e-08
2.2050000000e+00,-1.1247936805e+00,-4.1703406848e-01,2.1087247864e+01,3.7214859613e-01,8.4612179061e-01,7.9512925655e-03,3.5891643011e-01,-6.1253109188e-02,8.1450913569e-02,3.7063928825e-01,4.3060971073e-02,4.0189651677e-01,9.8824751810e-01,2.0231744560e-03,1.5185593183e-01,-1.7393265772e-02,4.1874371728e-01,-7.7414294759e-02,8.0126370544e-02,3.6014659144e-01,4.1222241210e-02,4.6916084650e-01,9.9152314278e-01,-6.0847992238e-03,1.2418561936e-01,-3.7719550674e-02,0.0000000000e+00,1.0000141947e-04,1.0000166367e-04,1.0000144124e-04,4.4585859163e-08,4.6078325120e-08,4.3866114826e-08,1.0695052378e-08,6.4543793084e-09,2.4332116491e-08
2.2100000000e+00,3.3910811079e+00,-6.5508923537e-01,1.2889696679e+01,3.4195830100e-01,1.1030590213e-01,3.4074635255e-02,3.6089820041e-01,-6.1055676472e-02,8.3569078311e-02,3.9689847226e-01,3.9178725109e-02,4.2687990032e-01,9.8820470734e-01,2.8811577367e-03,1.5211554115e-01,-1.7436096720e-02,4.2054445023e-01,-7.7208183553e-02,8.2472174776e-02,3.9219176631e-01,3.6836356801e-02,4.7846915458e-01,9.9149690821e-01,-5.2161672696e-03,1.2442726797e-01,-3.7742914574e-02,0.0000000000e+00,1.0000142514e-04,1.0000167532e-04,1.0000144700e-04,5.4297898810e-08,5.6500504131e-08,5.3340558579e-08,1.0713710178e-08,6.4730371084e-09,2.4350774291e-08
2.2150000000e+00,5.8630791975e+00,-8.2098191774e-01,8.2099752120e+00,3.1726905086e-01,-2.8080343231e-01,5.0805049077e-02,3.6303789533e-01,-6.0881843905e-02,8.5686097917e-02,4.2833779724e-01,3.4401282428e-02,4.2648201622e-01,9.8831095924e-01,3.6735927485e-03,1.5140681612e-01,-1.7433548123e-02,4.2250540906e-01,-7.7024001769e-02,8.4864520549e-02,4.3035875965e-01,3.0550275699e-02,4.6205503749e-01,9.9159262415e-01,-4.4404282573e-03,1.2370188384e-01,-3.7711990989e-02,0.0000000000e+00,1.0000143340e-04,1.0000169091e-04,1.0000145534e-04,6.3907187830e-08,6.6876834980e-08,6.2840934319e-08,1.0732367978e-08,6.4916949084e-09,2.4369432091e-08
2.2200000000e+00,7.1006081578e+00,-9.1298351013e-01,5.5618064563e+00,3.0040977211e-01,-4.9480487654e-01,6.0481430121e-02,3.6534882128e-01,-6.0734970356e-02,8.7729015495e-02,4.6239800520e-01,2.9010086662e-02,4.1140745373e-01,9.8849699910e-01,4.4191213736e-03,1.5017105678e-01,-1.7401374852e-02,4.2465720286e-01,-7.6871250391e-02,8.7174795737e-02,4.7116940498e-01,2.3289683017e-02,4.3134683879e-01,9.9175363224e-01,-3.7236595497e-03,1.2244748995e-01,-3.7649429014e-02,0.0000000000e+00,1.0000144472e-04,1.0000171088e-04,1.0000146676e-04,7.3448164108e-08,7.7240015568e-08,7.2367019663e-08,1.0751025778e-08,6.5103527084e-09,2.4388089891e-08
2.2250000000e+00,9.9185347108e+00,-3.2202050757e+00,7.9338443853e+00,2.8651370469e-01,-6.1633607197e-01,6.8691451373e-02,3.6783588796e-01,-6.0617410138e-02,8.9656330479e-02,4.9744079174e-01,2.3178982592e-02,3.8800274100e-01,9.8872677155e-01,5.1268406644e-03,1.4863442319e-01,-1.7346324082e-02,4.2701304989e-01,-7.6754801976e-02,8.9331529931e-02,5.2759245686e-01,3.4132852605e-03,4.0901184368e-01,9.9194999049e-01,-3.0502609418e-03,1.2089285005e-01,-3.7561031305e-02,0.0000000000e+00,1.0000145956e-04,1.0000173569e-04,1.0000148176e-04,8.3077480938e-08,8.8168012073e-08,8.1963872143e-08,1.0769683578e-08,6.5290105084e-09,2.4406747691e-08
2.2300000000e+00,9.7991968319e+00,-3.0203568602e+00,4.1205024464e+00,2.6907824326e-01,-1.2757862523e+00,1.0941260967e-01,3.7055492927e-01,-6.0583020056e-02,9.1453173247e-02,5.4352254363e-01,6.5089771236e-03,3.6146367517e-01,9.8919675044e-01,5.7761802645e-03,1.4546753301e-01,-1.7193647017e-02,4.2965101217e-01,-7.6737735549e-02,9.1376589149e-02,5.7884983689e-01,-1.5395222729e-02,3.6845035844e-01,9.9234259246e-01,-2.4696968689e-03,1.1770398576e-01,-3.7361096503e-02,0.0000000000e+00,1.0000147852e-04,1.0000176640e-04,1.0000150089e-04,9.2613176498e-08,9.8892593476e-08,9.1584498782e-08,1.0788341378e-08,6.5476683084e-09,2.4425405491e-08
2.2350000000e+00,9.1144193970e+00,-2.8832737923e+00,2.3154424400e+00,2.4399768822e-01,-1.6382895641e+00,1.3282377955e-01,3.7348024542e-01,-6.0627191234e-02,9.3079548130e-02,5.8453748613e-01,-9.1913594580e-03,3.2704188021e-01,9.8978657906e-01,6.3565554278e-03,1.4139976790e-01,-1.6977271852e-02,4.3254526136e-01,-7.6814711663e-02,9.3218840941e-02,6.2467802041e-01,-3.3221912476e-02,3.2021662294e-01,9.9283002409e-01,-1.9782897416e-03,1.1361665064e-01,-3.7092941718e-02,0.0000000000e+00,1.0000150203e-04,1.0000180323e-04,1.0000152462e-04,1.0211240656e-07,1.0948701954e-07,1.0121701988e-07,1.0806999178e-08,6.5663261084e-09,2.4444063291e-08
2.2400000000e+00,8.1753938555e+00,-2.7632509350e+00,1.6647994516e+00,2.1619531834e-01,-1.8347440257e+00,1.4719396066e-01,3.7658844551e-01,-6.0745738094e-02,9.4522106206e-02,6.2096009923e-01,-2.4030090407e-02,2.9003692013e-01,9.9042683346e-01,6.8655102009e-03,1.3685050662e-01,-1.6717989610e-02,4.3566865146e-01,-7.6980821225e-02,9.4819924056e-02,6.6525490286e-01,-5.0066629032e-02,2.7023036688e-01,9.9335522830e-01,-1.5699878818e-03,1.0904215480e-01,-3.6779532578e-02,0.0000000000e+00,1.0000153055e-04,1.0000184652e-04,1.0000155342e-04,1.1161040791e-07,1.2000514070e-07,1.1085239202e-07,1.0825656978e-08,6.5849839084e-09,2.4462721091e-08
2.2450000000e+00,2.2820068110e+01,-5.1623792398e+00,-9.2779438676e+00,1.8727097445e-01,-1.9285622186e+00,1.5599585455e-01,3.7985859365e-01,-6.0934806951e-02,9.5781678556e-02,6.5326535389e-01,-3.8086688621e-02,2.5326539116e-01,9.9107823005e-01,7.3042269123e-03,1.3206327403e-01,-1.6428080819e-02,4.3899492597e-01,-7.7231154370e-02,9.6171075890e-02,7.6440095095e-01,-8.3957576519e-02,1.5147661815e-01,9.9388431117e-01,-1.2397078705e-03,1.0423491061e-01,-3.6435182901e-02,0.0000000000e+00,1.0000156454e-04,1.0000189667e-04,1.0000158773e-04,1.2079163462e-07,1.3120454254e-07,1.2088848934e-07,1.0844314778e-08,6.6036417084e-09,2.4481378891e-08
2.2500000000e+00,1.6935441482e+01,-4.5876943086e+00,-6.3578807307e+00,1.9169379666e-01,-2.5232750162e+00,1.8303461752e-01,3.8348597925e-01,-6.1248553925e-02,9.6589954328e-02,7.2455465116e-01,-6.2839882456e-02,1.6268097385e-01,9.9189552135e-01,7.7349672527e-03,1.2579665170e-01,-1.6082519303e-02,4.4281693073e-01,-7.7650942253e-02,9.6928458981e-02,8.3876845738e-01,-1.1282655784e-01,5.4021814462e-02,9.9453911332e-01,-9.4552473661e-04,9.7946353614e-02,-3.6021797303e-02,0.0000000000e+00,1.0000160443e-04,1.0000195501e-04,1.0000162838e-04,1.3014834428e-07,1.4226738891e-07,1.3086999158e-07,1.0862972578e-08,6.6222995084e-09,2.4500036691e-08
2.2550000000e+00,1.2300744280e+01,-4.1975061616e+00,-3.6497020231e+00,1.6933409462e-01,-2.8877086828e+00,2.0183055292e-01,3.8738395108e-01,-6.1674911053e-02,9.7033393877e-02,7.7869530355e-01,-8.5264763344e-02,8.9723118671e-02,9.9278252676e-01,8.0983134381e-03,1.1862146550e-01,-1.5691392836e-02,4.4701077301e-01,-7.8215075042e-02,9.7198568053e-02,8.9387615290e-01,-1.3808328108e-01,-2.4717108443e-02,9.9523865208e-01,-7.3510800955e-04,9.0749222727e-02,-3.5553672090e-02,0.0000000000e+00,1.0000165069e-04,1.0000202173e-04,1.0000167574e-04,1.3962742359e-07,1.5314896120e-07,1.4076852090e-07,1.0881630378e-08,6.6409573084e-09,2.4518694491e-08
2.2600000000e+00,8.6723850698e+00,-3.8516891203e+00,-1.2528393528e+00,1.3356766483e-01,-3.0943937756e+00,2.1499543872e-01,3.9148486987e-01,-6.2203502798e-02,9.7185759642e-02,8.1940016019e-01,-1.0565859405e-01,3.1647239542e-02,9.9367595193e-01,8.3705632127e-03,1.1092827560e-01,-1.5262827101e-02,4.5148015378e-01,-7.8905491448e-02,9.7074982511e-02,9.3392206312e-01,-1.6033621731e-01,-8.7606052110e-02,9.9593005522e-01,-6.2902365593e-04,8.3035938865e-02,-3.5042292933e-02,0.0000000000e+00,1.0000170383e-04,1.0000209708e-04,1.0000173023e-04,1.4919160607e-07,1.6384527999e-07,1.5057756790e-07,1.0900288178e-08,6.6596151084e-09,2.4537352291e-08
2.2650000000e+00,3.5936139413e+01,-4.8925326350e+00,-3.0695102662e+01,9.5313947886e-02,-3.1913922798e+00,2.2363830464e-01,3.9573535367e-01,-6.2825120012e-02,9.7108516219e-02,8.4946227280e-01,-1.2423461934e-01,-1.4106173360e-02,9.9453572705e-01,8.5455730661e-03,1.0298813595e-01,-1.4802184082e-02,4.5614976409e-01,-7.9707172534e-02,9.6636952251e-02,1.0835877725e+00,-1.9659828457e-01,-3.1755255812e-01,9.9658040816e-01,-6.2484771650e-04,7.5079358459e-02,-3.4499124204e-02,0.0000000000e+00,1.0000176433e-04,1.0000218141e-04,1.0000179225e-04,1.5829712386e-07,1.7625448475e-07,1.6152849327e-07,1.0918945978e-08,6.6782729084e-09,2.4556010091e-08
2.2700000000e+00,2.3806553087e+01,-4.3735869613e+00,-1.7413340936e+01,1.0813520457e-01,-3.5314081257e+00,1.9453194333e-01,4.0050093239e-01,-6.3565880348e-02,9.6234215443e-02,9.5341768815e-01,-1.4796418750e-01,-1.7240876026e-01,9.9541056036e-01,8.7289179182e-03,9.4199376926e-02,-1.4425660944e-02,4.6156770296e-01,-8.0690163957e-02,9.5049189460e-02,1.1864607318e+00,-2.2626768305e-01,-4.7035465651e-01,9.9722119367e-01,-6.2347260569e-04,6.6269182854e-02,-3.4027894037e-02,0.0000000000e+00,1.0000183227e-04,1.0000227639e-04,1.0000186299e-04,1.6784806733e-07,1.8860329199e-07,1.7219563756e-07,1.0937603778e-08,6.6969307084e-09,2.4574667891e-08
2.2750000000e+00,1.4969007256e+01,-3.8845525576e+00,-7.9829342716e+00,8.7474321924e-02,-3.8081971906e+00,1.7622279399e-01,4.0562708072e-01,-6.4413605306e-02,9.4824804094e-02,1.0263676617e+00,-1.6943643250e-01,-2.7812874372e-01,9.9626690587e-01,8.8494454070e-03,8.4707225621e-02,-1.4093456406e-02,4.6750000662e-01,-8.1821502372e-02,9.2697416177e-02,1.2538812910e+00,-2.5060073791e-01,-5.6874606715e-01,9.9782191251e-01,-7.0013196867e-04,5.6765111349e-02,-3.3595577918e-02,0.0000000000e+00,1.0000190830e-04,1.0000238234e-04,1.0000194274e-04,1.7752189274e-07,2.0046446296e-07,1.8253366815e-07,1.0956261578e-08,6.7155885084e-09,2.4593325691e-08
2.2800000000e+00,8.5123130636e+00,-3.4531058201e+00,-1.1391672163e+00,5.4310679942e-02,-4.0002233106e+00,1.6826114065e-01,4.1099462647e-01,-6.5356630324e-02,9.3069377469e-02,1.0752438465e+00,-1.8859712401e-01,-3.4623833782e-01,9.9706875626e-01,8.8789301798e-03,7.4734019230e-02,-1.3779922365e-02,4.7376941307e-01,-8.3074506062e-02,8.9853685842e-02,1.2942707899e+00,-2.7067042492e-01,-6.2818471140e-01,9.9835381901e-01,-8.7670910292e-04,4.6779390812e-02,-3.3174870718e-02,0.0000000000e+00,1.0000199304e-04,1.0000249957e-04,1.0000203182e-04,1.8721045665e-07,2.1174332546e-07,1.9256043394e-07,1.0974919378e-08,6.7342463084e-09,2.4611983491e-08
2.2850000000e+00,4.4749032063e+01,-1.8860228917e+00,-4.7048573645e+01,1.8442407896e-02,-4.0997441249e+00,1.6667788010e-01,4.1651040177e-01,-6.6383797756e-02,9.1104400702e-02,1.1052336213e+00,-2.0549879262e-01,-3.8738986725e-01,9.9778741317e-01,8.8104064976e-03,6.4508073745e-02,-1.3467118520e-02,4.8024076702e-01,-8.4427858186e-02,8.6712762285e-02,1.4939338353e+00,-2.9460076872e-01,-9.3228772122e-01,9.9879460790e-01,-1.1511565216e-03,3.6543456870e-02,-3.2750295092e-02,0.0000000000e+00,1.0000208705e-04,1.0000262837e-04,1.0000213058e-04,1.9719203064e-07,2.2800612864e-07,2.0498014147e-07,1.0993577178e-08,6.7529041084e-09,2.4630641291e-08
2.2900000000e+00,2.7696347518e+01,-2.0391738680e+00,-2.2459808011e+01,-1.1263531876e-02,-4.0615352903e+00,4.3215116457e-02,4.2270254805e-01,-6.7474861300e-02,8.8153848638e-02,1.2432686433e+00,-2.1914050554e-01,-5.8020999874e-01,9.9839269348e-01,8.6528892174e-03,5.4370687362e-02,-1.3453083764e-02,4.8771043620e-01,-8.5900862030e-02,8.2051323679e-02,1.6228763061e+00,-3.1383552708e-01,-1.1033872402e+00,9.9911766981e-01,-1.5078090533e-03,2.6401194814e-02,-3.2627983449e-02,0.0000000000e+00,1.0000219008e-04,1.0000277137e-04,1.0000224070e-04,2.0730079434e-07,2.4333571189e-07,2.1663809047e-07,1.1012234978e-08,6.7715619084e-09,2.4649299091e-08
2.2950000000e+00,1.5642042029e+01,-1.8780125429e+00,-6.0101979630e+00,-4.0485292655e-02,-4.1920752295e+00,-3.5851147981e-02,4.2934420902e-01,-6.8627324813e-02,8.4650430297e-02,1.3349051651e+00,-2.3225097707e-01,-6.8721111739e-01,9.9890698679e-01,8.4133448640e-03,4.3910282872e-02,-1.3635777707e-02,4.9582481773e-01,-8.7470039665e-02,7.6534387478e-02,1.6986111745e+00,-3.2834973002e-01,-1.1865200784e+00,9.9933639995e-01,-1.9531556944e-03,1.5932162513e-02,-3.2697264546e-02,0.0000000000e+00,1.0000230303e-04,1.0000292906e-04,1.0000236235e-04,2.1709102879e-07,2.5703929977e-07,2.2749334669e-07,1.1030892778e-08,6.7902197084e-09,2.4667956891e-08
2.3000000000e+00,6.9991034079e+00,-1.6723950865e+00,4.9516061107e+00,-6.5643641478e-02,-4.3307202880e+00,-8.5580347505e-02,4.3625949775e-01,-6.9833997193e-02,8.0886405600e-02,1.3903902490e+00,-2.4363577822e-01,-7.3693702361e-01,9.9932209069e-01,8.1005194204e-03,3.3095426323e-02,-1.3943938104e-02,5.0431787360e-01,-8.9111788316e-02,7.0601787086e-02,1.7337596898e+00,-3.3891208298e-01,-1.2118933493e+00,9.9944296826e-01,-2.4744466257e-03,5.1167715580e-03,-3.2885391131e-02,0.0000000000e+00,1.0000242663e-04,1.0000310169e-04,1.0000249572e-04,2.2657874096e-07,2.6910679509e-07,2.3762673314e-07,1.1049550578e-08,6.8088775084e-09,2.4686614691e-08
2.3050000000e+00,2.7961380068e+01,4.1343195715e+00,-2.9658059100e+01,-8.8192269444e-02,-4.4211269931e+00,-1.1643335961e-01,4.4331038500e-01,-7.1085375383e-02,7.7056062634e-02,1.4175158622e+00,-2.5281543887e-01,-7.4897310296e-01,9.9962428390e-01,7.7247667616e-03,2.2054653640e-02,-1.4325197335e-02,5.1298667205e-01,-9.0806348730e-02,6.4542320339e-02,1.8730743642e+00,-3.2816263555e-01,-1.4107404352e+00,9.9942828973e-01,-3.0596068787e-03,-5.9234466844e-03,-3.3145818391e-02,0.0000000000e+00,1.0000256152e-04,1.0000328932e-04,1.0000264103e-04,2.3661488460e-07,2.8590855842e-07,2.4977881719e-07,1.1068208378e-08,6.8275353084e-09,2.4705272491e-08
2.3100000000e+00,1.3559926416e+01,2.6809372420e+00,-5.5065169753e+00,-2.0212512320e-01,-3.8577809538e+00,-3.5044142768e-01,4.5080965166e-01,-7.2288309989e-02,7.2663715938e-02,1.5094731799e+00,-2.4558828955e-01,-8.5661553524e-01,9.9978112882e-01,7.0802294000e-03,1.2425502469e-02,-1.5269960832e-02,5.2235204387e-01,-9.2447161908e-02,5.7488618163e-02,1.9419292643e+00,-3.1945636859e-01,-1.4865807807e+00,9.9929358554e-01,-3.8789578054e-03,-1.5547887399e-02,-3.3993334259e-02,0.0000000000e+00,1.0000270743e-04,1.0000349418e-04,1.0000279971e-04,2.4608451757e-07,2.9993235415e-07,2.6063871148e-07,1.1086866178e-08,6.8461931084e-09,2.4723930291e-08
2.3150000000e+00,3.5899661261e+00,1.8242625008e+00,9.2492673520e+00,-2.4050087079e-01,-3.6428144053e+00,-5.0765371450e-01,4.5853756210e-01,-7.3458145402e-02,6.8086576053e-02,1.5558247369e+00,-2.4064537188e-01,-8.9085997513e-01,9.9983655358e-01,6.3446220543e-03,3.3379955708e-03,-1.6597279130e-02,5.3206169019e-01,-9.4044443751e-02,5.0055714260e-02,1.9590248688e+00,-3.1116632641e-01,-1.4889067619e+00,9.9906409382e-01,-4.7694541264e-03,-2.4632185770e-02,-3.5234133641e-02,0.0000000000e+00,1.0000286523e-04,1.0000371628e-04,1.0000297176e-04,2.5509574984e-07,3.1134544840e-07,2.7040699857e-07,1.1105523978e-08,6.8648509084e-09,2.4742588091e-08
2.3200000000e+00,-3.3930233714e+00,1.4014719130e+00,1.8016235803e+01,-2.4737247023e-01,-3.5596170713e+00,-6.0866180712e-01,4.6632765450e-01,-7.4599242847e-02,6.3552673591e-02,1.5677984619e+00,-2.3575072395e-01,-8.8131220239e-01,9.9980371913e-01,5.6042656551e-03,-5.5400743198e-03,-1.8177541039e-02,5.4185681454e-01,-9.5600275383e-02,4.2611180450e-02,1.9382140788e+00,-3.0197145314e-01,-1.4488843060e+00,9.9874742413e-01,-5.6631674040e-03,-3.3507237639e-02,-3.6725690725e-02,0.0000000000e+00,1.0000303558e-04,1.0000395532e-04,1.0000315723e-04,2.6390801415e-07,3.2068490081e-07,2.7934089785e-07,1.1124181778e-08,6.8835087084e-09,2.4761245891e-08
2.3250000000e+00,-1.1619247146e+00,3.0255189813e+00,7.5967853683e+00,-2.3330532247e-01,-3.5063594774e+00,-6.7348573450e-01,4.7405466484e-01,-7.5709993466e-02,5.9191941232e-02,1.5541053147e+00,-2.2986924244e-01,-8.4716398774e-01,9.9968764863e-01,4.9015375511e-03,-1.4282408030e-02,-1.9914640894e-02,5.5154788493e-01,-9.7110132649e-02,3.5366758920e-02,1.9310221800e+00,-2.8593848647e-01,-1.4605632594e+00,9.9834861152e-01,-6.5109793164e-03,-4.2248813641e-02,-3.8375705534e-02,0.0000000000e+00,1.0000321900e-04,1.0000421081e-04,1.0000335620e-04,2.7294152351e-07,3.3023202022e-07,2.8855404843e-07,1.1142839578e-08,6.9021665084e-09,2.4779903691e-08
2.3300000000e+00,-7.5343350786e+00,1.7289904310e+00,1.6774687810e+01,-3.9075570978e-01,-3.0965734616e+00,-7.7655093825e-01,4.8173497666e-01,-7.6778319003e-02,5.4849666397e-02,1.5442301136e+00,-2.2244533738e-01,-8.4347356872e-01,9.9951065997e-01,3.8324139640e-03,-2.1994523913e-02,-2.1908768222e-02,5.6120299583e-01,-9.8539825081e-02,2.8063942623e-02,1.8872296308e+00,-2.7309151055e-01,-1.4293274452e+00,9.9790841432e-01,-7.7010941531e-03,-4.9951165872e-02,-4.0303483677e-02,0.0000000000e+00,1.0000341573e-04,1.0000448293e-04,1.0000356925e-04,2.8188822683e-07,3.3785223078e-07,2.9699803581e-07,1.1161497378e-08,6.9208243084e-09,2.4798561491e-08
2.3350000000e+00,-9.3781887044e+01,2.7716330647e+00,2.7353630857e+01,-4.3936822856e-01,-2.8558528377e+00,-8.1729012988e-01,4.8925450051e-01,-7.7807825789e-02,5.0648120439e-02,1.5109892965e+00,-2.1471277024e-01,-8.1652375789e-01,9.9928475027e-01,2.6568315800e-03,-2.9098349618e-02,-2.4004482329e-02,5.7748505650e-01,-9.9269180208e-02,6.3557823895e-02,1.5077275553e+00,-2.1483061338e-01,-8.3512704819e-01,9.9702584572e-01,-1.0248589014e-02,-6.4103475611e-02,-4.1535211499e-02,1.0000000000e+00,1.0000205392e-04,1.0000250646e-04,1.0000209616e-04,9.6670151792e-09,9.6951396265e-09,9.6750011109e-09,1.1131814070e-08,6.7528302207e-09,2.2489777545e-08
2.3400000000e+00,-1.0225278367e+02,1.0860626688e+01,1.0502430502e+02,-3.0507683831e-01,1.5336438836e+00,-8.5671658003e-01,4.9471130354e-01,-7.8666739840e-02,4.6844745645e-02,1.0947322285e+00,-1.7787589915e-01,-7.4892867574e-01,9.9933686272e-01,2.0555844493e-03,-2.5245694882e-02,-2.6158445567e-02,5.8908221323e-01,-1.0085186765e-01,5.3295388844e-02,1.0382736430e+00,-1.5444854430e-01,-6.4301544333e-01,9.9671110584e-01,-1.1120236394e-02,-7.0225208028e-02,-3.8880997979e-02,1.0000000000e+00,1.0000203697e-04,1.0000251167e-04,1.0000209519e-04,6.7127838001e-09,7.0604477787e-09,6.7657969689e-09,1.1275822656e-08,6.1328276531e-09,2.0158430871e-08
2.3450000000e+00,-6.5307849678e+01,6.9189734565e+00,7.4627581178e+01,-2.0732304878e-01,2.1248844949e+00,-6.3117222657e-01,4.9815630046e-01,-7.9201411620e-02,4.4580107248e-02,6.8952937145e-01,-1.0974635137e-01,-4.4955079826e-01,9.9941526999e-01,1.7192149856e-03,-1.9918826356e-02,-2.7738110550e-02,5.9462105289e-01,-1.0122232630e-01,4.9956429403e-02,6.7938311433e-01,-1.0109220914e-01,-4.2006945168e-01,9.9687512768e-01,-1.1276703614e-02,-6.8216706396e-02,-3.8200742618e-02,1.0000000000e+00,1.0000203353e-04,1.0000249373e-04,1.0000209265e-04,6.3409096004e-09,6.7271990344e-09,6.3988638556e-09,1.1309704728e-08,5.5148577721e-09,1.8265009139e-08
2.3500000000e+00,-4.3587719592e+01,3.6313211564e+00,5.4461087863e+01,-1.4045756239e-01,2.2112283708e+00,-4.4382686431e-01,5.0043686437e-01,-7.9495435162e-02,4.3324891550e-02,4.5577109425e-01,-5.9462807372e-02,-2.5054152078e-01,9.9947903888e-01,1.5398140960e-03,-1.4384335681e-02,-2.8850835165e-02,5.9814437837e-01,-1.0184127169e-01,4.7706601546e-02,4.4526603068e-01,-5.9194570036e-02,-2.4229063164e-01,9.9718256398e-01,-1.1423428889e-02,-6.2561161601e-02,-3.9781156690e-02,1.0000000000e+00,1.0000203253e-04,1.0000248034e-04,1.0000208905e-04,6.2296911983e-09,6.4699452025e-09,6.2549652975e-09,1.1286124802e-08,5.1409663475e-09,1.7364444276e-08
2.3550000000e+00,-2.9128568615e+01,1.8437762196e+00,4.0058272466e+01,-1.1064574568e-01,2.0510829476e+00,-3.0232156651e-01,5.0193718059e-01,-7.9655726811e-02,4.2785317780e-02,2.9960238949e-01,-3.2017829418e-02,-1.0779555668e-01,9.9951778477e-01,1.4220246096e-03,-9.2510920123e-03,-2.9607314348e-02,6.0045057309e-01,-1.0219827535e-01,4.6311584886e-02,2.9103582261e-01,-3.2381348847e-02,-1.0888407473e-01,9.9749333236e-01,-1.1481335443e-02,-5.6636046868e-02,-4.0836124078e-02,1.0000000000e+00,1.0000203232e-04,1.0000247386e-04,1.0000208650e-04,6.1690270815e-09,6.2920527422e-09,6.1704556212e-09,1.1253288928e-08,4.9439221052e-09,1.7010216888e-08
2.3600000000e+00,-1.9163511089e+01,8.9201051616e-01,2.9477628256e+01,-9.2565088477e-02,1.7666433317e+00,-1.9647962000e-01,5.0290208019e-01,-7.9740225917e-02,4.2741001051e-02,1.9263411916e-01,-1.6722128210e-02,-8.4673627513e-03,9.9953432709e-01,1.3192478027e-03,-4.8280030563e-03,-3.0101145221e-02,6.0195378965e-01,-1.0236120346e-01,4.5651554842e-02,1.8781527763e-01,-1.6523332049e-02,-1.3858359586e-02,9.9774336335e-01,-1.1493958391e-02,-5.1603907327e-02,-4.1389691403e-02,1.0000000000e+00,1.0000203241e-04,1.0000247131e-04,1.0000208504e-04,6.1318731722e-09,6.1891511512e-09,6.1234140395e-09,1.1226298381e-08,4.8482323102e-09,1.6895372440e-08
2.3650000000e+00,-1.2325080772e+01,4.8589899704e-01,2.1920876166e+01,-8.6772700307e-02,1.4353258938e+00,-1.2298659754e-01,5.0349461027e-01,-7.9780655006e-02,4.3025055330e-02,1.1831488265e-01,-7.9801627359e-03,5.7509811864e-02,9.9953604069e-01,1.2115568035e-03,-1.2367819474e-03,-3.0408976776e-02,6.0291124265e-01,-1.0243171954e-01,4.5541887270e-02,1.1736043965e-01,-7.2611122214e-03,5.0543972085e-02,9.9792519241e-01,-1.1502798173e-02,-4.7697357251e-02,-4.1688824640e-02,1.0000000000e+00,1.0000203262e-04,1.0000247051e-04,1.0000208431e-04,6.1098393423e-09,6.1352037085e-09,6.0993933197e-09,1.1207923531e-08,4.8067323099e-09,1.6873961373e-08
2.3700000000e+00,-8.2334628027e+00,-1.2210362017e-01,1.6974130503e+01,-8.3234141642e-02,1.0977289700e+00,-1.0274265524e-01,5.0386316088e-01,-7.9780019053e-02,4.3487288233e-02,7.3790147201e-02,2.3575689899e-04,9.3355014678e-02,9.9952791436e-01,1.0842847766e-03,1.5110429238e-03,-3.0667401106e-02,6.0351398171e-01,-1.0246208615e-01,4.5773858595e-02,7.1730718663e-02,-7.1415537546e-04,8.8923437983e-02,9.9804705056e-01,-1.1635919923e-02,-4.4758934206e-02,-4.1991999671e-02,1.0000000000e+00,1.0000203285e-04,1.0000247036e-04,1.0000208399e-04,6.0975473032e-09,6.1093665051e-09,6.0883826901e-09,1.1195870468e-08,4.7925321235e-09,1.6883606036e-08
2.3750000000e+00,-5.2010352658e+00,-4.2044033693e-01,1.3332541285e+01,-8.4193214074e-02,7.9085321327e-01,-7.7961041208e-02,5.0406464870e-01,-7.9759294868e-02,4.4053340090e-02,4.0539417715e-02,4.1903856899e-03,1.1421613767e-01,9.9951705322e-01,9.3514531578e-04,3.4918141076e-03,-3.0864106337e-02,6.0387689985e-01,-1.0245567971e-01,4.6222523204e-02,4.0278180097e-02,3.0004498534e-03,1.1019271520e-01,9.9812589813e-01,-1.1807120165e-02,-4.2699497373e-02,-4.2214171916e-02,1.0000000000e+00,1.0000203310e-04,1.0000247040e-04,1.0000208390e-04,6.0905392835e-09,6.0964389676e-09,6.0831913439e-09,1.1189645867e-08,4.7924145978e-09,1.6901387022e-08
2.3800000000e+00,-2.9413636058e+00,-4.7310062872e-01,1.0768315854e+01,-8.2260913249e-02,5.2202571796e-01,-5.5697043791e-02,5.0414498552e-01,-7.9729343957e-02,4.4667540873e-02,1.6391093940e-02,5.9877018694e-03,1.2384891499e-01,9.9950735332e-01,7.6874754080e-04,4.8043829291e-03,-3.1006089585e-02,6.0407006287e-01,-1.0243260980e-01,4.6794284867e-02,1.8175190980e-02,4.9488643796e-03,1.1981161668e-01,9.9817241008e-01,-1.1984966086e-02,-4.1385092152e-02,-4.2373039715e-02,1.0000000000e+00,1.0000203334e-04,1.0000247047e-04,1.0000208395e-04,6.0865229977e-09,6.0900009319e-09,6.0807433285e-09,1.1187418814e-08,4.7998353644e-09,1.6919329113e-08
2.3850000000e+00,-1.3242057016e+00,-4.4743510211e-01,8.9229328706e+00,-8.0541344763e-02,2.9754450329e-01,-3.9772642716e-02,5.0414039688e-01,-7.9695495797e-02,4.5290297389e-02,-5.6796084009e-04,6.7527003064e-03,1.2550556905e-01,9.9950046838e-01,5.9203226683e-04,5.5573220236e-03,-3.1105938100e-02,6.0414369586e-01,-1.0240311901e-01,4.7423426428e-02,2.6985779438e-03,5.8699134303e-03,1.2126893314e-01,9.9819459192e-01,-1.2168805165e-02,-4.0668993428e-02,-4.2491291141e-02,1.0000000000e+00,1.0000203358e-04,1.0000247050e-04,1.0000208406e-04,6.0841470535e-09,6.0868355385e-09,6.0796411204e-09,1.1187866113e-08,4.8113631940e-09,1.6934832454e-08
2.3900000000e+00,-5.3044423614e-02,-2.8717631834e-01,7.5752114706e+00,-7.8396947019e-02,1.2152459700e-01,-2.5261060503e-02,5.0407048611e-01,-7.9664701221e-02,4.5900275229e-02,-1.3655567122e-02,6.1685046506e-03,1.2286115896e-01,9.9949676350e-01,4.0775232680e-04,5.8660118901e-03,-3.1171194949e-02,6.0412837868e-01,-1.0237910089e-01,4.8070068155e-02,-8.5888228182e-03,5.9111523335e-03,1.1780441291e-01,9.9819840992e-01,-1.2337355790e-02,-4.0424224353e-02,-4.2586455141e-02,1.0000000000e+00,1.0000203382e-04,1.0000247046e-04,1.0000208422e-04,6.0826761920e-09,6.0853570090e-09,6.0791674843e-09,1.1190176054e-08,4.8251616478e-09,1.6947030429e-08
2.3950000000e+00,7.5260671712e-01,-2.9705644146e-01,6.7921164813e+00,-7.2858192249e-02,-1.8965759108e-02,-1.8786687750e-02,5.0396275436e-01,-7.9635068999e-02,4.6474643673e-02,-2.1259730960e-02,5.9775602714e-03,1.1565186624e-01,9.9949575597e-01,2.2521136009e-04,5.8267240491e-03,-3.1212695618e-02,6.0405523149e-01,-1.0235440831e-01,4.8700300760e-02,-1.5940396536e-02,5.6209960990e-03,1.1066442579e-01,9.9818856167e-01,-1.2509568425e-02,-4.0535754671e-02,-4.2660973245e-02,1.0000000000e+00,1.0000203405e-04,1.0000247036e-04,1.0000208441e-04,6.0818548128e-09,6.0848190411e-09,6.0790216776e-09,1.1193223300e-08,4.8401171298e-09,1.6956217786e-08
2.4000000000e+00,1.2094303260e+00,-3.3951184466e-01,6.4242717119e+00,-6.6224987507e-02,-1.2183314325e-01,-1.0629168042e-02,5.0383605886e-01,-7.9606099531e-02,4.7000682088e-02,-2.5097326717e-02,5.8951630819e-03,1.0591019093e-01,9.9949665804e-01,5.0817417564e-05,5.5294109871e-03,-3.1238655429e-02,6.0394842648e-01,-1.0232696538e-01,4.9292108156e-02,-2.0218340074e-02,5.2833432039e-03,1.0130007907e-01,9.9816970624e-01,-1.2686880568e-02,-4.0899179078e-02,-4.2702901041e-02,1.0000000000e+00,1.0000203428e-04,1.0000247022e-04,1.0000208461e-04,6.0814423930e-09,6.0847354507e-09,6.0790054313e-09,1.1196320397e-08,4.8555899968e-09,1.6963081069e-08
2.4050000000e+00,1.4563484666e+00,-2.2152002153e-01,6.3579062977e+00,-5.7503731703e-02,-1.9233058477e-01,-6.4117365360e-03,5.0370322808e-01,-7.9578246889e-02,4.7471897850e-02,-2.6367639081e-02,5.7237509542e-03,9.4885248025e-02,9.9949869708e-01,-1.1108245081e-04,5.0536254783e-03,-3.1253848675e-02,6.0382393489e-01,-1.0230143153e-01,4.9832409383e-02,-2.2165506416e-02,5.2372846875e-03,9.0832893964e-02,9.9814452967e-01,-1.2848812007e-02,-4.1431751061e-02,-4.2729567312e-02,1.0000000000e+00,1.0000203450e-04,1.0000247004e-04,1.0000208481e-04,6.0812574098e-09,6.0849026893e-09,6.0790204784e-09,1.1198958993e-08,4.8712301103e-09,1.6968325994e-08
2.4100000000e+00,1.5693956081e+00,-1.9266227238e-01,6.3411605274e+00,-5.3568741458e-02,-2.3304510991e-01,5.5849344193e-03,5.0357114040e-01,-7.9553969612e-02,4.7890217039e-02,-2.6278527079e-02,5.0237581850e-03,8.4265123620e-02,9.9950187228e-01,-2.6307853920e-04,4.4774412014e-03,-3.1239248003e-02,6.0369232851e-01,-1.0227939826e-01,5.0318421211e-02,-2.2660273906e-02,4.8346091039e-03,8.0259403378e-02,9.9811629860e-01,-1.2999281888e-02,-4.2060189890e-02,-4.2729539627e-02,1.0000000000e+00,1.0000203472e-04,1.0000246985e-04,1.0000208502e-04,6.0811847911e-09,6.0850694286e-09,6.0790374723e-09,1.1201147327e-08,4.8869010100e-09,1.6972593189e-08
2.4150000000e+00,1.5348322602e+00,-2.0520394076e-01,6.5165868511e+00,-4.8046306718e-02,-2.5240358179e-01,9.6181888038e-03,5.0344706177e-01,-7.9531443010e-02,4.8254091468e-02,-2.4720512560e-02,4.6976869509e-03,7.3345170763e-02,9.9950523922e-01,-4.0106499540e-04,3.8485113933e-03,-3.1213857109e-02,6.0356369211e-01,-1.0225710502e-01,5.0746637206e-02,-2.2020289763e-02,4.4745894023e-03,6.9815210544e-02,9.9808690930e-01,-1.3143244914e-02,-4.2725563761e-02,-4.2711857772e-02,1.0000000000e+00,1.0000203494e-04,1.0000246964e-04,1.0000208524e-04,6.0812314900e-09,6.0852630028e-09,6.0790427686e-09,1.1202623308e-08,4.9024887827e-09,1.6976504373e-08
2.4200000000e+00,1.4145672203e+00,-1.9109603698e-01,6.7840680011e+00,-4.1662138586e-02,-2.5772195660e-01,9.5683245980e-03,5.0333503908e-01,-7.9509995151e-02,4.8565549610e-02,-2.2339112432e-02,4.5150404468e-03,6.2836983360e-02,9.9950827782e-01,-5.2318968190e-04,3.2056932190e-03,-3.1187375137e-02,6.0344397351e-01,-1.0223468929e-01,5.1117071553e-02,-2.0614066318e-02,4.2902201529e-03,5.9835908134e-02,9.9805746179e-01,-1.3275900074e-02,-4.3391515521e-02,-4.2687583845e-02,1.0000000000e+00,1.0000203515e-04,1.0000246943e-04,1.0000208545e-04,6.0813552835e-09,6.0854705736e-09,6.0790368584e-09,1.1203249531e-08,4.9179112591e-09,1.6980532127e-08
2.4250000000e+00,1.2927183000e+00,-1.6140094856e-01,7.0942800262e+00,-3.4013997843e-02,-2.5326479726e-01,9.9294236584e-03,5.0323662949e-01,-7.9489646037e-02,4.8828449337e-02,-1.9635948533e-02,4.3328016244e-03,5.3105018228e-02,9.9951080812e-01,-6.2889998373e-04,2.5783148609e-03,-3.1162497278e-02,6.0333576279e-01,-1.0221320107e-01,5.1432502456e-02,-1.8720830481e-02,4.2080337306e-03,5.0592431203e-02,9.9802891812e-01,-1.3388989756e-02,-4.4035592488e-02,-4.2660053313e-02,1.0000000000e+00,1.0000203537e-04,1.0000246922e-04,1.0000208567e-04,6.0815295688e-09,6.0857295196e-09,6.0790274115e-09,1.1202885567e-08,4.9331041586e-09,1.6984780436e-08
2.4300000000e+00,1.2075776976e+00,-1.1876194650e-01,7.3019515963e+00,-3.3163512884e-02,-2.3648382361e-01,1.7999019092e-02,5.0314770117e-01,-7.9472031881e-02,4.9050798887e-02,-1.7775021309e-02,3.7612861035e-03,4.4984098708e-02,9.9951339575e-01,-7.2631842269e-04,1.9892690505e-03,-3.1120523552e-02,6.0323731902e-01,-1.0219658192e-01,5.1700994987e-02,-1.7058935620e-02,3.9416312076e-03,4.2421647899e-02,9.9800257936e-01,-1.3489134046e-02,-4.4635390057e-02,-4.2621318748e-02,1.0000000000e+00,1.0000203559e-04,1.0000246901e-04,1.0000208588e-04,6.0816842670e-09,6.0859500577e-09,6.0790200482e-09,1.1201803647e-08,4.9480821951e-09,1.6989191041e-08
2.4350000000e+00,1.1094472377e+00,-1.4283264843e-01,7.5612176294e+00,-2.6916275701e-02,-2.1849958436e-01,1.6824446827e-02,5.0307069126e-01,-7.9455430086e-02,4.9234762454e-02,-1.5409112568e-02,3.5699456960e-03,3.7294440331e-02,9.9951558595e-01,-8.1347205601e-04,1.4472093835e-03,-3.1077922981e-02,6.0315044146e-01,-1.0217963627e-01,5.1925327882e-02,-1.5225580011e-02,3.7095647919e-03,3.5034394219e-02,9.9797851468e-01,-1.3575263532e-02,-4.5182420178e-02,-4.2581044606e-02,1.0000000000e+00,1.0000203580e-04,1.0000246880e-04,1.0000208608e-04,6.0818679937e-09,6.0861946943e-09,6.0790131689e-09,1.1199835821e-08,4.9628239078e-09,1.6993813905e-08
2.4400000000e+00,9.1534514210e-01,-1.8820695071e-01,7.8450903956e+00,-2.3001088709e-02,-1.9582277398e-01,1.4823028562e-02,5.0300591595e-01,-7.9439318776e-02,4.9383903749e-02,-1.2968294425e-02,3.5067339036e-03,3.0316773255e-02,9.9951726779e-01,-8.8925881458e-04,9.5822499340e-04,-3.1040657415e-02,6.0307712500e-01,-1.0216081054e-01,5.2108546606e-02,-1.3473407175e-02,3.5443906964e-03,2.8418356561e-02,9.9795742254e-01,-1.3655903982e-02,-4.5661479850e-02,-4.2538551240e-02,1.0000000000e+00,1.0000203602e-04,1.0000246861e-04,1.0000208629e-04,6.0820774534e-09,6.0863840450e-09,6.0790053330e-09,1.1197076931e-08,4.9773053333e-09,1.6999031853e-08
2.4450000000e+00,8.1472160931e-01,-5.6426423645e-02,8.0827826736e+00,-1.9682523115e-02,-1.7201825941e-01,1.3375888633e-02,5.0295295251e-01,-7.9423111302e-02,4.9502188166e-02,-1.0604743074e-02,3.5743608909e-03,2.4132155783e-02,9.9951851160e-01,-9.5502507143e-04,5.2766089434e-04,-3.1008941909e-02,6.0301474120e-01,-1.0214526832e-01,5.2255300948e-02,-1.1579290814e-02,3.8119734596e-03,2.2504574396e-02,9.9793906513e-01,-1.3719803057e-02,-4.6073649075e-02,-4.2504213293e-02,1.0000000000e+00,1.0000203624e-04,1.0000246841e-04,1.0000208649e-04,6.0822544531e-09,6.0866112621e-09,6.0790027206e-09,1.1193536914e-08,4.9915434047e-09,1.7004698846e-08
2.4500000000e+00,7.4264881944e-01,-5.3765565315e-02,8.2832933766e+00,-2.2946878989e-02,-1.4641861670e-01,2.3141919364e-02,5.0290921016e-01,-7.9407215637e-02,4.9594872908e-02,-8.7828283042e-03,3.4445737216e-03,1.9004439576e-02,9.9952042248e-01,-1.0278458925e-03,1.6476077145e-04,-3.0949013423e-02,6.0296224638e-01,-1.0213110539e-01,5.2371181462e-02,-9.9173749065e-03,3.8695912577e-03,1.7446736953e-02,9.9792444353e-01,-1.3783738278e-02,-4.6418247008e-02,-4.2451853954e-02,1.0000000000e+00,1.0000203645e-04,1.0000246822e-04,1.0000208669e-04,6.0824273638e-09,6.0868390455e-09,6.0790022033e-09,1.1189293876e-08,5.0055404122e-09,1.7010583703e-08
2.4550000000e+00,6.5774590130e-01,5.6803600078e-03,8.5684259514e+00,-2.9149372176e-02,-1.1918329133e-01,2.5591435534e-02,5.0287607766e-01,-7.9388868493e-02,4.9664774032e-02,-6.6654081432e-03,3.9323648838e-03,1.4435132132e-02,9.9952231067e-01,-1.1103587658e-03,-1.3030243459e-04,-3.0885281274e-02,6.0292040974e-01,-1.0211584990e-01,5.2458438985e-02,-8.1955073937e-03,4.3389743533e-03,1.3223837755e-02,9.9791334375e-01,-1.3862421393e-02,-4.6686517168e-02,-4.2392932940e-02,1.0000000000e+00,1.0000203667e-04,1.0000246802e-04,1.0000208689e-04,6.0826352719e-09,6.0871529265e-09,6.0790039815e-09,1.1184047145e-08,5.0192599002e-09,1.7016622795e-08
2.4600000000e+00,5.2015879209e-01,-6.1912689500e-02,8.8281719749e+00,-3.2739408900e-02,-9.4199440804e-02,2.3866491721e-02,5.0285284239e-01,-7.9367457646e-02,4.9715534050e-02,-4.6805618186e-03,4.5811546298e-03,1.0592959998e-02,9.9952393780e-01,-1.2031103949e-03,-3.6032084431e-04,-3.0827268256e-02,6.0289026954e-01,-1.0209480512e-01,5.2521280446e-02,-6.6479831304e-03,4.8275412144e-03,9.7166983198e-03,9.9790542480e-01,-1.3955490727e-02,-4.6883043219e-02,-4.2331875715e-02,1.0000000000e+00,1.0000203689e-04,1.0000246783e-04,1.0000208708e-04,6.0828646812e-09,6.0874222994e-09,6.0790052318e-09,1.1177902426e-08,5.0326785738e-09,1.7022989902e-08
2.4650000000e+00,3.8727118194e-01,-2.1683413149e-02,8.9431781848e+00,-3.8540644950e-02,-6.8957410751e-02,2.0187282221e-02,5.0283792595e-01,-7.9343484817e-02,4.9751022717e-02,-3.0064090424e-03,5.1508631622e-03,7.5253155837e-03,9.9952527344e-01,-1.3039892634e-03,-5.3063118384e-04,-3.0777358415e-02,6.0286958766e-01,-1.0207203444e-01,5.2564944566e-02,-5.3022672923e-03,5.4762543952e-03,6.6743003008e-03,9.9790013212e-01,-1.4058184655e-02,-4.7009481126e-02,-4.2282412951e-02,1.0000000000e+00,1.0000203711e-04,1.0000246765e-04,1.0000208727e-04,6.0830108045e-09,6.0875272269e-09,6.0790099708e-09,1.1171391359e-08,5.0458946798e-09,1.7029958987e-08
2.4700000000e+00,3.1465568095e-01,4.3754965957e-03,9.1675348467e+00,-4.9089173546e-02,-4.6488419665e-02,3.3027398745e-02,5.0282809948e-01,-7.9319402726e-02,4.9773575407e-02,-2.0074121989e-03,5.0680616167e-03,4.9299437177e-03,9.9952760929e-01,-1.4313130497e-03,-6.4341050798e-04,-3.0693576314e-02,6.0285491976e-01,-1.0205162846e-01,5.2591350847e-02,-4.3491280353e-03,5.7600382433e-03,4.3263693133e-03,9.9789823029e-01,-1.4172265249e-02,-4.7077307908e-02,-4.2213693993e-02,1.0000000000e+00,1.0000203733e-04,1.0000246747e-04,1.0000208746e-04,6.0831916637e-09,6.0877507526e-09,6.0790157560e-09,1.1164261843e-08,5.0588396985e-09,1.7037168769e-08
2.4750000000e+00,2.0742420808e-01,-1.3517199595e-01,9.3924713632e+00,-5.6812603191e-02,-2.6022075539e-02,3.3952929241e-02,5.0282413218e-01,-7.9294221785e-02,4.9786217336e-02,-8.3714495804e-04,5.2688141541e-03,2.9352731858e-03,9.9952993762e-01,-1.5749877160e-03,-7.0824037041e-04,-3.0609175390e-02,6.0284785356e-01,-1.0202551432e-01,5.2603276216e-02,-3.5385935402e-03,5.7572418126e-03,2.6184774740e-03,9.9789918401e-01,-1.4313849654e-02,-4.7085024396e-02,-4.2134697474e-02,1.0000000000e+00,1.0000203754e-04,1.0000246729e-04,1.0000208765e-04,6.0834130862e-09,6.0879861438e-09,6.0790200827e-09,1.1156372612e-08,5.0714817841e-09,1.7044645130e-08
2.4800000000e+00,1.3549423183e-01,-1.6735746619e-01,9.5004106194e+00,-6.0283243201e-02,-1.1822134575e-02,2.9703643554e-02,5.0282503711e-01,-7.9267934414e-02,4.9791700327e-02,1.4466857880e-04,5.5201195054e-03,1.4910509878e-03,9.9953189607e-01,-1.7264080627e-03,-7.3321149200e-04,-3.0536382340e-02,6.0284669684e-01,-1.0199652114e-01,5.2605304477e-02,-2.7885127324e-03,5.8701548699e-03,1.2695528881e-03,9.9790164754e-01,-1.4469080268e-02,-4.7051464621e-02,-4.2060756453e-02,1.0000000000e+00,1.0000203776e-04,1.0000246712e-04,1.0000208783e-04,6.0835718836e-09,6.0881330546e-09,6.0790257738e-09,1.1148023121e-08,5.0839023279e-09,1.7052398745e-08
2.4850000000e+00,5.5496640045e-02,-2.1083968144e-02,9.5268058563e+00,-5.8387006317e-02,1.0157494192e-03,2.5445550659e-02,5.0282932116e-01,-7.9240985979e-02,4.9792335308e-02,8.3174686663e-04,5.7095489056e-03,5.1109853351e-04,9.9953343585e-01,-1.8785001101e-03,-7.2563128217e-04,-3.0477127779e-02,6.0284909955e-01,-1.0197141280e-01,5.2600242714e-02,-2.2110257722e-03,6.3348273711e-03,1.7445601111e-04,9.9790510716e-01,-1.4606551496e-02,-4.6984048469e-02,-4.2006486887e-02,1.0000000000e+00,1.0000203798e-04,1.0000246697e-04,1.0000208801e-04,6.0836270432e-09,6.0881509787e-09,6.0790338983e-09,1.1139664066e-08,5.0962253207e-09,1.7060649850e-08
2.4900000000e+00,4.9143098134e-02,-6.1798775703e-02,9.6540611329e+00,-7.0922400137e-02,1.2250154723e-02,3.8549080043e-02,5.0283348065e-01,-7.9216401873e-02,4.9786912326e-02,7.8993557007e-04,5.1120288970e-03,-7.0779182246e-04,9.9953591589e-01,-2.0547648110e-03,-6.8980218537e-04,-3.0385110823e-02,6.0285227374e-01,-1.0194961391e-01,5.2588565369e-02,-2.0498212095e-03,6.0876258087e-03,-7.4669059949e-04,9.9791032223e-01,-1.4760821374e-02,-4.6891185480e-02,-4.1932370217e-02,1.0000000000e+00,1.0000203820e-04,1.0000246680e-04,1.0000208819e-04,6.0837378903e-09,6.0882976464e-09,6.0790378504e-09,1.1130992653e-08,5.1083615794e-09,1.7068894215e-08
2.4950000000e+00,-5.8310272345e-03,-1.0707655031e-01,9.7966187819e+00,-7.3610140796e-02,2.0341832311e-02,3.8770020504e-02,5.0283981046e-01,-7.9192458910e-02,4.9777725738e-02,1.2229095849e-03,4.9510483240e-03,-1.4710022749e-03,9.9953830825e-01,-2.2414625345e-03,-6.3284704411e-04,-3.0294317675e-02,6.0285800970e-01,-1.0192694930e-01,5.2570313186e-02,-1.8595739752e-03,5.8284670844e-03,-1.3014247418e-03,9.9791675058e-01,-1.4926108120e-02,-4.6772294318e-02,-4.1853586354e-02,1.0000000000e+00,1.0000203842e-04,1.0000246664e-04,1.0000208837e-04,6.0838782176e-09,6.0884692768e-09,6.0790424362e-09,1.1121794269e-08,5.1202967908e-09,1.7077249870e-08
2.5000000000e+00,-8.1073046736e-02,-2.1193433892e-01,9.8321602252e+00,-7.3082464624e-02,2.7464321183e-02,3.1235883535e-02,5.0284819281e-01,-7.9168726361e-02,4.9766686760e-02,1.6403214280e-03,4.9272071184e-03,-1.8509579621e-03,9.9954026916e-01,-2.4279188925e-03,-5.6002306749e-04,-3.0216583345e-02,6.0286708514e-01,-1.0190041330e-01,5.2548573542e-02,-1.6962097975e-03,5.5288173650e-03,-1.6888409880e-03,9.9792375733e-01,-1.5101331221e-02,-4.6629633884e-02,-4.1782790743e-02,1.0000000000e+00,1.0000203864e-04,1.0000246649e-04,1.0000208855e-04,6.0839749369e-09,6.0885050248e-09,6.0790479928e-09,1.1112447627e-08,5.1320960964e-09,1.7085906253e-08
2.5050000000e+00,-6.3120870259e-02,-2.2544835000e-02,9.8519611415e+00,-7.3179635477e-02,3.1193237879e-02,2.5457814663e-02,5.0285767368e-01,-7.9145418758e-02,4.9755277919e-02,1.8703070014e-03,4.8886679501e-03,-1.9316453546e-03,9.9954177973e-01,-2.6060434934e-03,-4.7582494398e-04,-3.0153154236e-02,6.0287585456e-01,-1.0188017226e-01,5.2525069096e-02,-1.4238124739e-03,5.7617968434e-03,-1.8570603752e-03,9.9793026091e-01,-1.5263635377e-02,-4.6478831486e-02,-4.1736483024e-02,1.0000000000e+00,1.0000203886e-04,1.0000246633e-04,1.0000208872e-04,6.0840013448e-09,6.0885649245e-09,6.0790511847e-09,1.1102998473e-08,5.1438388410e-09,1.7094677109e-08
2.5100000000e+00,-8.3909781057e-02,-4.3075139244e-02,9.9183349728e+00,-7.9251925243e-02,3.6029728671e-02,3.6437367579e-02,5.0286305720e-01,-7.9126944722e-02,4.9740670862e-02,1.0361835663e-03,3.7968319825e-03,-2.5763950312e-03,9.9954402300e-01,-2.8036759010e-03,-3.8453322762e-04,-3.0062228991e-02,6.0288239589e-01,-1.0186692416e-01,5.2500173306e-02,-1.8743751480e-03,5.1617487013e-03,-2.1878308668e-03,9.9793743263e-01,-1.5420116584e-02,-4.6323822805e-02,-4.1679779366e-02,1.0000000000e+00,1.0000203908e-04,1.0000246618e-04,1.0000208890e-04,6.0840623504e-09,6.0886468909e-09,6.0790541720e-09,1.1093490313e-08,5.1554535102e-09,1.7103395943e-08
2.5150000000e+00,-9.4353197277e-02,-1.2358047469e-01,1.0010496574e+01,-8.1911948368e-02,3.4853049154e-02,3.7558071999e-02,5.0286871984e-01,-7.9110782432e-02,4.9725174624e-02,1.0897333307e-03,3.2890450934e-03,-2.7613920387e-03,9.9954619765e-01,-3.0048597125e-03,-2.8962396960e-04,-2.9971414593e-02,6.0288864410e-01,-1.0185334362e-01,5.2472200521e-02,-2.0620016993e-03,4.4746976748e-03,-2.2473626660e-03,9.9794485541e-01,-1.5591939496e-02,-4.6165732661e-02,-4.1613484822e-02,1.0000000000e+00,1.0000203930e-04,1.0000246602e-04,1.0000208907e-04,6.0841630810e-09,6.0887763341e-09,6.0790551129e-09,1.1083558024e-08,5.1669234411e-09,1.7112115462e-08
2.5200000000e+00,-1.2945410203e-01,-2.4225375839e-01,1.0013297982e+01,-7.6738666495e-02,3.6526559707e-02,3.1911743116e-02,5.0287539219e-01,-7.9096279359e-02,4.9710032751e-02,1.2960277228e-03,2.9549226045e-03,-2.6958838764e-03,9.9954803908e-01,-3.1974998807e-03,-1.9305673638e-04,-2.9890739279e-02,6.0289645356e-01,-1.0183680853e-01,5.2443597697e-02,-2.0917231440e-03,3.7835647894e-03,-2.2249693741e-03,9.9795260949e-01,-1.5766280508e-02,-4.5998089758e-02,-4.1547434859e-02,1.0000000000e+00,1.0000203952e-04,1.0000246587e-04,1.0000208925e-04,6.0842295362e-09,6.0887938230e-09,6.0790568210e-09,1.1073512131e-08,5.1783021579e-09,1.7120968874e-08
2.5250000000e+00,-1.3175941777e-01,9.1843758374e-02,9.9074896840e+00,-7.3492566466e-02,3.6266323922e-02,3.2941365587e-02,5.0288105977e-01,-7.9088499164e-02,4.9698523321e-02,1.0923145534e-03,1.5809958947e-03,-1.9706472449e-03,9.9954989732e-01,-3.3757028938e-03,-9.4904321425e-05,-2.9809367337e-02,6.0290058741e-01,-1.0183887307e-01,5.2416855563e-02,-2.1511786562e-03,3.3268317991e-03,-1.9995891294e-03,9.9795969311e-01,-1.5893124808e-02,-4.5835589850e-02,-4.1508531782e-02,1.0000000000e+00,1.0000203974e-04,1.0000246573e-04,1.0000208942e-04,6.0841409035e-09,6.0886817698e-09,6.0790615825e-09,1.1063899583e-08,5.1897510832e-09,1.7130182505e-08
2.5300000000e+00,-7.3676402330e-02,-4.2414729505e-03,9.8934569950e+00,-8.0718542871e-02,3.5033031405e-02,3.8571960555e-02,5.0288214961e-01,-7.9081320341e-02,4.9687913308e-02,1.6295898395e-04,1.3777405103e-03,-1.7900799987e-03,9.9955204410e-01,-3.5755803664e-03,-3.3497109657e-06,-2.9714076466e-02,6.0290251346e-01,-1.0183966710e-01,5.2393498381e-02,-2.6339352286e-03,2.8315085605e-03,-1.8126363824e-03,9.9796657112e-01,-1.6048543264e-02,-4.5683795505e-02,-4.1450669530e-02,1.0000000000e+00,1.0000203997e-04,1.0000246559e-04,1.0000208960e-04,6.0841243854e-09,6.0886699175e-09,6.0790583949e-09,1.1054470265e-08,5.2012338956e-09,1.7139157632e-08
2.5350000000e+00,-7.1073227686e-02,-1.1716855189e-01,9.9021729825e+00,-8.2429240956e-02,3.2169474441e-02,3.7681730362e-02,5.0288190441e-01,-7.9074303353e-02,4.9679173851e-02,-1.0708204789e-04,1.3133060165e-03,-1.4148023720e-03,9.9955409780e-01,-3.7788997117e-03,8.0762817997e-05,-2.9619570573e-02,6.0290365657e-01,-1.0183669984e-01,5.2371449797e-02,-2.9962083373e-03,2.3844478925e-03,-1.4871080866e-03,9.9797329208e-01,-1.6224766455e-02,-4.5536038093e-02,-4.1382780129e-02,1.0000000000e+00,1.0000204018e-04,1.0000246544e-04,1.0000208977e-04,6.0841470749e-09,6.0886737168e-09,6.0790542747e-09,1.1044999279e-08,5.2126893182e-09,1.7148084834e-08
2.5400000000e+00,-1.0163890349e-01,-2.0395168814e-01,9.9035104298e+00,-7.8813863519e-02,2.8584941152e-02,3.6567221659e-02,5.0288103308e-01,-7.9067834367e-02,4.9672985292e-02,-2.2989352938e-04,1.1969354866e-03,-9.0150802149e-04,9.9955601070e-01,-3.9727166710e-03,1.5728457316e-04,-2.9529210261e-02,6.0290482588e-01,-1.0183088730e-01,5.2351089219e-02,-3.2806471857e-03,1.9811404905e-03,-1.0450543998e-03,9.9797999948e-01,-1.6405223776e-02,-4.5393345741e-02,-4.1306578621e-02,1.0000000000e+00,1.0000204040e-04,1.0000246530e-04,1.0000208995e-04,6.0841760263e-09,6.0886458093e-09,6.0790536404e-09,1.1035564569e-08,5.2241008196e-09,1.7157129191e-08
2.5450000000e+00,2.2711806863e-02,1.5416628736e-01,9.8254888296e+00,-7.2761937658e-02,2.5468866264e-02,4.5260313237e-02,5.0287798181e-01,-7.9067065622e-02,4.9671374044e-02,-6.7232039811e-04,5.2449733189e-06,2.4960630998e-05,9.9955862365e-01,-4.1501734502e-03,2.2860562296e-04,-2.9415670652e-02,6.0289939889e-01,-1.0184388907e-01,5.2334833890e-02,-3.3414741051e-03,1.7765276918e-03,-4.5819933737e-04,9.9798633031e-01,-1.6528078710e-02,-4.5268287572e-02,-4.1241838798e-02,1.0000000000e+00,1.0000204063e-04,1.0000246515e-04,1.0000209013e-04,6.0840994396e-09,6.0886635226e-09,6.0790533137e-09,1.1026216239e-08,5.2355706892e-09,1.7165945406e-08
2.5500000000e+00,-1.8645569163e-02,-6.3842057351e-03,9.8214429360e+00,-8.0576680014e-02,2.1454896316e-02,4.7804483331e-02,5.0287461308e-01,-7.9065406606e-02,4.9669342540e-02,-7.3426471293e-04,1.6410776522e-04,-6.5301362196e-05,9.9956130378e-01,-4.3483956999e-03,2.9002257032e-04,-2.9295175722e-02,6.0289545294e-01,-1.0185088033e-01,5.2320537965e-02,-3.5040302298e-03,1.4911988787e-03,-2.8893270959e-04,9.9799246790e-01,-1.6690075892e-02,-4.5149794830e-02,-4.1157883828e-02,1.0000000000e+00,1.0000204085e-04,1.0000246501e-04,1.0000209030e-04,6.0840943247e-09,6.0886221783e-09,6.0790515076e-09,1.1016977836e-08,5.2470631298e-09,1.7174826318e-08
2.5550000000e+00,1.4151115548e-03,-4.8289174509e-02,9.8633716448e+00,-8.2167945125e-02,1.9016248809e-02,5.0517290672e-02,5.0287093320e-01,-7.9064720307e-02,4.9668723739e-02,-7.9565223879e-04,-5.7024521600e-05,2.1716051208e-04,9.9956408349e-01,-4.5520887465e-03,3.4469885118e-04,-2.9168521901e-02,6.0289106207e-01,-1.0185758904e-01,5.2306974324e-02,-3.5754229230e-03,1.1690820091e-03,3.7195092693e-05,9.9799859305e-01,-1.6860925678e-02,-4.5036496714e-02,-4.1063748303e-02,1.0000000000e+00,1.0000204107e-04,1.0000246486e-04,1.0000209048e-04,6.0841327936e-09,6.0886713375e-09,6.0790487087e-09,1.1007607866e-08,5.2584906170e-09,1.7183622526e-08
2.5600000000e+00,-1.9633181028e-02,-7.9126894718e-02,9.8284132899e+00,-8.0903071047e-02,1.8073579068e-02,5.2229654330e-02,5.0286663711e-01,-7.9066216098e-02,4.9669945501e-02,-9.1924835059e-04,-5.2642764333e-04,5.8987207705e-04,9.9956694405e-01,-4.7504335662e-03,3.9439102130e-04,-2.9037943960e-02,6.0288644824e-01,-1.0186573617e-01,5.2295419334e-02,-3.7138734092e-03,7.0423519808e-04,3.2167122115e-04,9.9800484172e-01,-1.7029044069e-02,-4.4925039750e-02,-4.0964476932e-02,1.0000000000e+00,1.0000204129e-04,1.0000246472e-04,1.0000209066e-04,6.0841355465e-09,6.0886272981e-09,6.0790478741e-09,1.0998379062e-08,5.2698958703e-09,1.7192538535e-08
2.5650000000e+00,5.8461297664e-02,1.0107128890e-01,9.8111188995e+00,-7.5933805478e-02,1.5862231546e-02,5.1012696385e-02,5.0286155478e-01,-7.9070528579e-02,4.9672708233e-02,-1.0782285482e-03,-1.1276073720e-03,9.0649351575e-04,9.9956984524e-01,-4.9362760120e-03,4.4006211957e-04,-2.8906124119e-02,6.0287876745e-01,-1.0188316188e-01,5.2285799581e-02,-3.6762342340e-03,4.9986561767e-04,5.9542604030e-04,9.9801038443e-01,-1.7166921636e-02,-4.4824523115e-02,-4.0881921488e-02,1.0000000000e+00,1.0000204151e-04,1.0000246457e-04,1.0000209084e-04,6.0841130856e-09,6.0886634394e-09,6.0790489584e-09,1.0989123394e-08,5.2813125958e-09,1.7201270704e-08
2.5700000000e+00,7.8843274133e-02,3.5571482176e-02,9.7168645885e+00,-7.9661967763e-02,1.4458616724e-02,4.2840306561e-02,5.0285526639e-01,-7.9073997002e-02,4.9678094463e-02,-1.3139898062e-03,-9.0796464589e-04,1.4284486994e-03,9.9957198375e-01,-5.1311881669e-03,4.8186001180e-04,-2.8797361388e-02,6.0287111839e-01,-1.0189743056e-01,5.2279922736e-02,-3.7556991997e-03,4.2086242981e-04,8.4372215787e-04,9.9801474320e-01,-1.7324542364e-02,-4.4729883564e-02,-4.0812621953e-02,1.0000000000e+00,1.0000204174e-04,1.0000246442e-04,1.0000209101e-04,6.0840617022e-09,6.0885802798e-09,6.0790458034e-09,1.0980153744e-08,5.2928097210e-09,1.7209944181e-08
2.5750000000e+00,1.0025936565e-01,-1.2224372266e-02,9.6612053365e+00,-7.9175816371e-02,1.3842406734e-02,4.1374320843e-02,5.0284811868e-01,-7.9078309017e-02,4.9685129023e-02,-1.4862815785e-03,-1.0694426912e-03,1.7626465303e-03,9.9957387865e-01,-5.3253820860e-03,5.2221830761e-04,-2.8695447615e-02,6.0286278118e-01,-1.0191113313e-01,5.2276421895e-02,-3.8444326480e-03,1.9677832475e-04,1.0423602910e-03,9.9801883169e-01,-1.7483281378e-02,-4.4638428084e-02,-4.0745026622e-02,1.0000000000e+00,1.0000204196e-04,1.0000246428e-04,1.0000209119e-04,6.0840207701e-09,6.0884982095e-09,6.0790415088e-09,1.0971448030e-08,5.3043508292e-09,1.7218605767e-08
2.5800000000e+00,1.2649879646e-01,-6.5441071349e-02,9.6864330117e+00,-7.6309604007e-02,1.5283423532e-02,3.8915503776e-02,5.0284068326e-01,-7.9084392117e-02,4.9692548483e-02,-1.5474586945e-03,-1.4407594917e-03,1.8482469282e-03,9.9957571908e-01,-5.5125948256e-03,5.6234684278e-04,-2.8595050137e-02,6.0285398615e-01,-1.0192513046e-01,5.2273653247e-02,-3.8747143886e-03,-2.1702803232e-04,1.2294805318e-03,9.9802293062e-01,-1.7636476723e-02,-4.4544372740e-02,-4.0681488561e-02,1.0000000000e+00,1.0000204218e-04,1.0000246413e-04,1.0000209137e-04,6.0840363115e-09,6.0885164600e-09,6.0790371199e-09,1.0962707243e-08,5.3158534752e-09,1.7227147305e-08
2.5850000000e+00,2.5022520813e-01,-9.2166207398e-02,9.7491736919e+00,-7.0766364394e-02,1.3107961574e-02,3.8866063472e-02,5.0283357342e-01,-7.9092652066e-02,4.9699201834e-02,-1.4877229334e-03,-1.9055212450e-03,1.7058841161e-03,9.9957753786e-01,-5.6887674837e-03,6.0283400673e-04,-2.8495970254e-02,6.0284400630e-01,-1.0194086137e-01,5.2271348468e-02,-3.6210428564e-03,-7.2290347088e-04,1.3623751059e-03,9.9802680707e-01,-1.7776988073e-02,-4.4460393668e-02,-4.0617046353e-02,1.0000000000e+00,1.0000204240e-04,1.0000246396e-04,1.0000209155e-04,6.0841011782e-09,6.0887091161e-09,6.0790296058e-09,1.0953468361e-08,5.3272506494e-09,1.7235055214e-08
2.5900000000e+00,2.4317297366e-01,-7.1515126443e-02,9.5098626280e+00,-6.2468427671e-02,1.8046699281e-02,3.2951109932e-02,5.0282627087e-01,-7.9102374888e-02,4.9714069463e-02,-1.5214523241e-03,-2.1303137939e-03,3.3613550086e-03,9.9957897030e-01,-5.8430546014e-03,6.5115000422e-04,-2.8413321676e-02,6.0283462595e-01,-1.0195827208e-01,5.2275560208e-02,-3.5082478474e-03,-1.0294729904e-03,1.9513355982e-03,9.9803089582e-01,-1.7897720634e-02,-4.4367167861e-02,-4.0565465572e-02,1.0000000000e+00,1.0000204262e-04,1.0000246381e-04,1.0000209173e-04,6.0839783171e-09,6.0884923002e-09,6.0790266984e-09,1.0944880321e-08,5.3388133575e-09,1.7243091653e-08
2.5950000000e+00,2.3084507293e-01,-3.6762470960e-02,9.4535276054e+00,-5.3462139903e-02,2.1090207089e-02,3.3487958869e-02,5.0281717221e-01,-7.9116107514e-02,4.9730922455e-02,-1.8869439541e-03,-2.9410411487e-03,3.7794883870e-03,9.9958048539e-01,-5.9771623803e-03,7.0464643171e-04,-2.8330729609e-02,6.0282402601e-01,-1.0198155389e-01,5.2283418151e-02,-3.6916286647e-03,-1.5734099467e-03,2.3222497212e-03,9.9803541331e-01,-1.7984402109e-02,-4.4271692204e-02,-4.0520270487e-02,1.0000000000e+00,1.0000204284e-04,1.0000246366e-04,1.0000209192e-04,6.0838961427e-09,6.0883299332e-09,6.0790268699e-09,1.0936832944e-08,5.3504656090e-09,1.7251307991e-08
2.6000000000e+00,2.5658834853e-01,3.5832857012e-02,9.4627388939e+00,-4.9028478573e-02,2.0550129286e-02,3.2261682605e-02,5.0280760065e-01,-7.9133514772e-02,4.9745703703e-02,-1.9930496444e-03,-3.7269502907e-03,3.3880321947e-03,9.9958209964e-01,-6.0969011377e-03,7.6164184098e-04,-2.8246659558e-02,6.0281162966e-01,-1.0201135208e-01,5.2291513338e-02,-3.7642294324e-03,-2.1235032495e-03,2.2477842698e-03,9.9803972424e-01,-1.8050303159e-02,-4.4179703889e-02,-4.0485172174e-02,1.0000000000e+00,1.0000204306e-04,1.0000246352e-04,1.0000209210e-04,6.0838686357e-09,6.0883013219e-09,6.0790285724e-09,1.0928904664e-08,5.3621385215e-09,1.7259543100e-08
2.6050000000e+00,3.8612245340e-01,-3.1580403643e-01,9.5615115092e+00,-4.4444164849e-02,2.2623411810e-02,3.2852176370e-02,5.0279937310e-01,-7.9153906138e-02,4.9755938821e-02,-1.7380485396e-03,-4.3910474075e-03,2.4999044924e-03,9.9958369037e-01,-6.2063025641e-03,8.2117094763e-04,-2.8164755078e-02,6.0280045881e-01,-1.0203338713e-01,5.2297624798e-02,-3.4556477111e-03,-3.4381160433e-03,1.9165923171e-03,9.9804485962e-01,-1.8131898711e-02,-4.4083142045e-02,-4.0427330066e-02,1.0000000000e+00,1.0000204328e-04,1.0000246334e-04,1.0000209228e-04,6.0839869946e-09,6.0885143938e-09,6.0790160283e-09,1.0920353922e-08,5.3736490579e-09,1.7267027690e-08
2.6100000000e+00,2.3320641323e-01,-1.3465420969e-01,9.4446487337e+00,-1.9578294965e-02,2.9315331863e-02,2.2262125800e-02,5.0279944221e-01,-7.9177130553e-02,4.9771730499e-02,-6.2651782982e-05,-4.8455358012e-03,3.6194506736e-03,9.9958495422e-01,-6.2532030331e-03,8.9467235998e-04,-2.8107228842e-02,6.0279532855e-01,-1.0206127798e-01,5.2303011563e-02,-2.5599751418e-03,-3.8585302818e-03,2.2010830950e-03,9.9805159745e-01,-1.8151218480e-02,-4.3956052816e-02,-4.0390685916e-02,1.0000000000e+00,1.0000204350e-04,1.0000246320e-04,1.0000209247e-04,6.0839278676e-09,6.0883221520e-09,6.0790199332e-09,1.0912137069e-08,5.3852331292e-09,1.7275329729e-08
2.6150000000e+00,2.0520998245e-01,-1.6866265221e-02,9.4691337062e+00,-7.5511426278e-03,3.5058289384e-02,2.1107876753e-02,5.0280078279e-01,-7.9204879849e-02,4.9786976170e-02,1.8726176340e-04,-5.7527325458e-03,3.5321208145e-03,9.9958621921e-01,-6.2664315400e-03,9.8025377098e-04,-2.8056394904e-02,6.0279217470e-01,-1.0209842525e-01,5.2309271200e-02,-2.0921481194e-03,-4.3391922495e-03,2.2952114552e-03,9.9805889132e-01,-1.8121241623e-02,-4.3821301403e-02,-4.0370330679e-02,1.0000000000e+00,1.0000204372e-04,1.0000246307e-04,1.0000209265e-04,6.0839075602e-09,6.0882527521e-09,6.0790254408e-09,1.0904240127e-08,5.3968164773e-09,1.7283935910e-08
2.6200000000e+00,1.7656052002e-01,1.0111919096e-01,9.5833919996e+00,2.4030267157e-03,3.7343520968e-02,1.8346347893e-02,5.0280277773e-01,-7.9236961964e-02,4.9797457978e-02,3.0434805495e-04,-6.6832340650e-03,2.6032803680e-03,9.9958743156e-01,-6.2632066776e-03,1.0742427118e-03,-2.8010442929e-02,6.0278966048e-01,-1.0214473713e-01,5.2312856085e-02,-1.8887985053e-03,-4.8519650016e-03,1.9783715910e-03,9.9806623009e-01,-1.8048408856e-02,-4.3684923845e-02,-4.0369329066e-02,1.0000000000e+00,1.0000204395e-04,1.0000246293e-04,1.0000209284e-04,6.0839625332e-09,6.0883352402e-09,6.0790341020e-09,1.0896193451e-08,5.4083007293e-09,1.7292669748e-08
2.6250000000e+00,4.9761784095e-01,-3.4269826019e-02,1.0290318450e+01,2.6819237036e-03,4.1196384565e-02,1.4836732848e-02,5.0280676037e-01,-7.9272660513e-02,4.9800755146e-02,6.8265950549e-04,-7.4893997582e-03,1.1870148002e-03,9.9958844531e-01,-6.2519391658e-03,1.1731783632e-03,-2.7972788892e-02,6.0278597575e-01,-1.0219243901e-01,5.2307357571e-02,-1.0901989869e-03,-5.8053441296e-03,2.4377485109e-03,9.9807322361e-01,-1.7977359079e-02,-4.3547826247e-02,-4.0376251619e-02,1.0000000000e+00,1.0000204416e-04,1.0000246270e-04,1.0000209301e-04,6.0844894971e-09,6.0895167107e-09,6.0790238651e-09,1.0884939458e-08,5.4190187929e-09,1.7299126195e-08
2.6300000000e+00,-1.6075101241e-01,4.3668346864e-02,1.0532805796e+01,6.4001723288e-03,6.1607378905e-02,9.2790332722e-03,5.0284852333e-01,-7.9301785901e-02,4.9804361646e-02,8.2863235641e-03,-5.9820929919e-03,1.1950392967e-03,9.9958908286e-01,-6.2306078842e-03,1.3280504528e-03,-2.7947830427e-02,6.0281145566e-01,-1.0222821165e-01,5.2285876176e-02,2.5469819083e-03,-4.9903525971e-03,2.9777897022e-03,9.9808662143e-01,-1.7940093046e-02,-4.3270991908e-02,-4.0359267169e-02,1.0000000000e+00,1.0000204438e-04,1.0000246254e-04,1.0000209319e-04,6.0848194588e-09,6.0896634448e-09,6.0790515728e-09,1.0872124592e-08,5.4293195428e-09,1.7308311164e-08
2.6350000000e+00,-4.3991306382e-01,-4.7448800431e-02,1.0503434603e+01,-2.6745543176e-03,8.6027850622e-02,1.0011733990e-02,5.0290561293e-01,-7.9328953126e-02,4.9810644367e-02,1.1370453013e-02,-5.5324910245e-03,1.7116112663e-03,9.9958944084e-01,-6.2293019600e-03,1.5433403997e-03,-2.7924248736e-02,6.0285719334e-01,-1.0225883044e-01,5.2266171925e-02,5.3065988356e-03,-4.5363913178e-03,3.4054616345e-03,9.9810268305e-01,-1.7924724185e-02,-4.2924475864e-02,-4.0338910785e-02,1.0000000000e+00,1.0000204460e-04,1.0000246245e-04,1.0000209337e-04,6.0849309063e-09,6.0894415635e-09,6.0790813263e-09,1.0860053943e-08,5.4394230993e-09,1.7319197010e-08
2.6400000000e+00,-6.6240538743e-01,-9.9120860224e-02,1.0489425805e+01,-9.0118328061e-03,1.0195074168e-01,9.9729547484e-03,5.0296629706e-01,-7.9358979720e-02,4.9816805029e-02,1.2093792758e-02,-6.1109893055e-03,1.6869631536e-03,9.9958964101e-01,-6.2448584264e-03,1.8006682603e-03,-2.7898188615e-02,6.0291393349e-01,-1.0229168590e-01,5.2249413776e-02,6.4026509640e-03,-4.7797499939e-03,3.4980900037e-03,9.9811958189e-01,-1.7909080865e-02,-4.2547282153e-02,-4.0327333886e-02,1.0000000000e+00,1.0000204483e-04,1.0000246238e-04,1.0000209355e-04,6.0849641479e-09,6.0891618210e-09,6.0791132545e-09,1.0849155768e-08,5.4494032602e-09,1.7331305415e-08
2.6450000000e+00,4.8621139742e-01,-3.7287687307e-01,1.2707240943e+01,-1.1327998730e-02,1.1003115461e-01,1.0580625630e-02,5.0302465231e-01,-7.9393516973e-02,4.9819225022e-02,1.1622923928e-02,-7.0396521994e-03,9.4865086473e-04,9.9958971429e-01,-6.2663424739e-03,2.0742742497e-03,-2.7871731795e-02,6.0296228971e-01,-1.0232604273e-01,5.2219051707e-02,8.3879063786e-03,-5.9833926181e-03,7.6285510938e-03,9.9813472754e-01,-1.7896529105e-02,-4.2202696832e-02,-4.0320122943e-02,1.0000000000e+00,1.0000204503e-04,1.0000246198e-04,1.0000209369e-04,6.0867740437e-09,6.0930491513e-09,6.0790478504e-09,1.0827838577e-08,5.4567909396e-09,1.7335746774e-08
2.6500000000e+00,-8.3964557417e-01,-3.5686319527e-01,1.2344885750e+01,-2.8206895776e-02,1.8056389657e-01,1.7688591316e-02,5.0315015047e-01,-7.9431662163e-02,4.9845787346e-02,2.5118832264e-02,-7.6207680467e-03,5.7175664835e-03,9.9958948031e-01,-6.3245661812e-03,2.5262178044e-03,-2.7829641455e-02,6.0306375985e-01,-1.0234985773e-01,5.2181531065e-02,1.4881887913e-02,-6.5989655914e-03,1.1218797071e-02,9.9816604155e-01,-1.7959164716e-02,-4.1496885469e-02,-4.0249601133e-02,1.0000000000e+00,1.0000204524e-04,1.0000246179e-04,1.0000209384e-04,6.0871414711e-09,6.0928216765e-09,6.0791259030e-09,1.0804964057e-08,5.4635876809e-09,1.7346053955e-08
2.6550000000e+00,-1.5122913327e+00,-2.3714808724e-01,1.1864751368e+01,-4.0638210939e-02,2.3522821462e-01,2.3963972749e-02,5.0329905582e-01,-7.9474151016e-02,4.9890350607e-02,2.9844965045e-02,-8.4454851537e-03,9.3271796362e-03,9.9958895318e-01,-6.4110393942e-03,3.1156502241e-03,-2.7768975076e-02,6.0319932414e-01,-1.0238218995e-01,5.2165839773e-02,1.9121061891e-02,-7.0406941601e-03,1.3770833762e-02,9.9820257997e-01,-1.8032282271e-02,-4.0648143834e-02,-4.0176791141e-02,1.0000000000e+00,1.0000204547e-04,1.0000246176e-04,1.0000209400e-04,6.0868271236e-09,6.0915279837e-09,6.0792460764e-09,1.0786449237e-08,5.4706942447e-09,1.7360526419e-08
2.6600000000e+00,-1.9488698830e+00,7.5583345460e-02,1.1186858957e+01,-4.8782032052e-02,2.6465177946e-01,2.6546508636e-02,5.0344777173e-01,-7.9518231691e-02,4.9944465692e-02,2.9839073773e-02,-8.7504734045e-03,1.1280437978e-02,9.9958781536e-01,-6.5115437097e-03,3.7836248692e-03,-2.7703490126e-02,6.0334785386e-01,-1.0242895725e-01,5.2174616194e-02,2.0120822103e-02,-6.7738124487e-03,1.4552815601e-02,9.9823921836e-01,-1.8092224667e-02,-3.9761003276e-02,-4.0127259508e-02,1.0000000000e+00,1.0000204571e-04,1.0000246184e-04,1.0000209416e-04,6.0861093423e-09,6.0899195243e-09,6.0793664303e-09,1.0773731797e-08,5.4787175049e-09,1.7377780008e-08
2.6650000000e+00,1.4239964215e+00,-1.3977966640e+00,1.7256664138e+01,-4.8806959383e-02,2.6184675609e-01,-3.9641229183e-02,5.0358802577e-01,-7.9528043027e-02,4.9993095604e-02,2.8257145664e-02,-1.7064510413e-03,1.0191755520e-02,9.9958157115e-01,-6.6187217245e-03,4.4437243827e-03,-2.7805187593e-02,6.0348118512e-01,-1.0238765959e-01,5.2158201251e-02,2.4990017436e-02,-5.2923707821e-03,2.6688730967e-02,9.9826453798e-01,-1.8402872842e-02,-3.9024220632e-02,-4.0079379878e-02,1.0000000000e+00,1.0000204585e-04,1.0000246087e-04,1.0000209423e-04,6.0918703137e-09,6.1017598373e-09,6.0790760367e-09,1.0728219693e-08,5.4791187701e-09,1.7370663266e-08
2.6700000000e+00,-2.4517722477e-01,-8.3660630574e-01,1.5662929860e+01,-7.9895492571e-02,4.3539258116e-01,5.0467018943e-03,5.0383960544e-01,-7.9556560910e-02,5.0165481856e-02,5.0622155474e-02,-5.6246750971e-03,3.5034160131e-02,9.9957506075e-01,-6.7907645858e-03,5.5383921582e-03,-2.7801252925e-02,6.0369246465e-01,-1.0236449055e-01,5.2175696868e-02,3.7655766458e-02,-5.8575841077e-03,4.3142997800e-02,9.9832312460e-01,-1.8668687026e-02,-3.7510140844e-02,-3.9942563187e-02,1.0000000000e+00,1.0000204603e-04,1.0000246023e-04,1.0000209432e-04,6.0924850373e-09,6.1022929905e-09,6.0791112649e-09,1.0676733357e-08,5.4782706220e-09,1.7370494634e-08
2.6750000000e+00,-7.2097621838e-01,-4.9143213966e-01,1.4404140368e+01,-1.0604985650e-01,5.9266669368e-01,4.9879545417e-02,5.0414585238e-01,-7.9586875298e-02,5.0446526881e-02,6.1623117620e-02,-6.1881281430e-03,5.6905167502e-02,9.9956741647e-01,-7.0140591559e-03,7.0258104412e-03,-2.7684307760e-02,6.0396281998e-01,-1.0236178043e-01,5.2299532103e-02,4.8708648242e-02,-5.7661037579e-03,6.0346045425e-02,9.9839527659e-01,-1.8946134668e-02,-3.5609905876e-02,-3.9747330266e-02,1.0000000000e+00,1.0000204624e-04,1.0000245981e-04,1.0000209443e-04,6.0912741947e-09,6.0996774389e-09,6.0791488748e-09,1.0633374967e-08,5.4790939626e-09,1.7375835251e-08
2.6800000000e+00,-5.9788593533e-01,-1.7957861537e-01,1.3318432635e+01,-1.2728552078e-01,7.3433022220e-01,7.7884886467e-02,5.0447900842e-01,-7.9611864262e-02,5.0824204381e-02,6.7039061320e-02,-5.2668851604e-03,7.6365053769e-02,9.9955592834e-01,-7.2765531179e-03,8.8690455275e-03,-2.7501598512e-02,6.0426816991e-01,-1.0237645158e-01,5.2542102482e-02,5.6868028186e-02,-4.6589732199e-03,7.6807629207e-02,9.9847258100e-01,-1.9227110153e-02,-3.3452795171e-02,-3.9544073206e-02,1.0000000000e+00,1.0000204645e-04,1.0000245949e-04,1.0000209454e-04,6.0897198731e-09,6.0970760445e-09,6.0791381054e-09,1.0598916441e-08,5.4821889250e-09,1.7382997938e-08
2.6850000000e+00,2.3107815368e+00,-1.5196645182e+00,1.7458333412e+01,-1.4413027265e-01,8.6549980029e-01,8.3817425263e-02,5.0482734495e-01,-7.9627673531e-02,5.1287220278e-02,7.0080499449e-02,-3.4998917986e-03,9.3533976545e-02,9.9953746939e-01,-7.5759562843e-03,1.1040423454e-02,-2.7304967117e-02,6.0458408981e-01,-1.0233609801e-01,5.2866557503e-02,6.6946234720e-02,-5.8513792249e-03,1.0228479516e-01,9.9855026149e-01,-1.9681222210e-02,-3.1154471297e-02,-3.9235490099e-02,1.0000000000e+00,1.0000204657e-04,1.0000245815e-04,1.0000209459e-04,6.0940149116e-09,6.1074666977e-09,6.0790272967e-09,1.0537868513e-08,5.4794050955e-09,1.7361952474e-08
2.6900000000e+00,1.4575356185e+00,-1.1716210115e+00,1.5715221642e+01,-1.0951174357e-01,1.1462056338e+00,1.2330361163e-01,5.0529158070e-01,-7.9678157777e-02,5.1921567842e-02,9.3268363034e-02,-1.0597425459e-02,1.2805145490e-01,9.9950799629e-01,-7.7640606985e-03,1.3916419069e-02,-2.7015143950e-02,6.0498140805e-01,-1.0233778737e-01,5.3308300161e-02,8.3773663383e-02,-9.9553317767e-03,1.2970829155e-01,9.9865467869e-01,-1.9893517383e-02,-2.7940098233e-02,-3.8889993541e-02,1.0000000000e+00,1.0000204672e-04,1.0000245701e-04,1.0000209466e-04,6.0936976376e-09,6.1072028843e-09,6.0790367485e-09,1.0474791790e-08,5.4767913427e-09,1.7343155550e-08
2.6950000000e+00,1.4032222870e+00,-7.2447081524e-01,1.4109309158e+01,-9.0576838209e-02,1.4211694139e+00,1.6538133042e-01,5.0583418320e-01,-7.9753921631e-02,5.2704674657e-02,1.0893583030e-01,-1.5723484259e-02,1.5801118218e-01,9.9946146296e-01,-7.8886271797e-03,1.7479282358e-02,-2.6627585353e-02,6.0545072653e-01,-1.0239291817e-01,5.3915532990e-02,1.0022219949e-01,-1.3932878257e-02,1.5548753188e-01,9.9876750469e-01,-1.9953283803e-02,-2.4094061953e-02,-3.8533287238e-02,1.0000000000e+00,1.0000204689e-04,1.0000245606e-04,1.0000209476e-04,6.0916940449e-09,6.1039394944e-09,6.0790230679e-09,1.0422026684e-08,5.4769361949e-09,1.7327893034e-08
2.7000000000e+00,1.5485613088e+00,-2.8442325395e-01,1.2775376200e+01,-9.2706183382e-02,1.6849898454e+00,2.0192686221e-01,5.0643822029e-01,-7.9847175714e-02,5.3613415231e-02,1.2119397813e-01,-1.9250704849e-02,1.8327874339e-01,9.9939055645e-01,-7.9970301807e-03,2.1697641943e-02,-2.6149101894e-02,6.0598240712e-01,-1.0249422882e-01,5.4680847219e-02,1.1479922961e-01,-1.6916528192e-02,1.7831751037e-01,9.9887826989e-01,-1.9937665748e-02,-1.9688691029e-02,-3.8171283374e-02,1.0000000000e+00,1.0000204707e-04,1.0000245524e-04,1.0000209488e-04,6.0895445589e-09,6.1006173623e-09,6.0790306994e-09,1.0380289102e-08,5.4800804228e-09,1.7315017458e-08
2.7050000000e+00,3.5378731330e+00,-4.3550043636e+00,1.4531062022e+01,-1.0936895489e-01,1.9298636172e+00,2.3653431404e-01,5.0709659765e-01,-7.9951336134e-02,5.4626052829e-02,1.3200615851e-01,-2.1435428859e-02,2.0413140266e-01,9.9928733947e-01,-8.1275027270e-03,2.6530036733e-02,-2.5591288263e-02,6.0659981953e-01,-1.0241677290e-01,5.5576850153e-02,1.3044948431e-01,-2.7471667740e-02,2.0383692752e-01,9.9898559785e-01,-2.0462354645e-02,-1.4777406550e-02,-3.7292031061e-02,1.0000000000e+00,1.0000204713e-04,1.0000245359e-04,1.0000209497e-04,6.0927847035e-09,6.1057559148e-09,6.0797582764e-09,1.0324589519e-08,5.4805157180e-09,1.7273437473e-08
2.7100000000e+00,2.1443914071e+00,-2.3333284717e+00,1.3232922124e+01,6.2462395749e-02,2.2764948695e+00,2.4751048822e-01,5.0789062210e-01,-8.0146027226e-02,5.5755604479e-02,1.5904613790e-01,-3.9613740754e-02,2.2783004281e-01,9.9913725715e-01,-7.8042911773e-03,3.2215137169e-02,-2.5020378832e-02,6.0730934590e-01,-1.0251378893e-01,5.6565759714e-02,1.5097779391e-01,-3.8625901164e-02,2.2541046427e-01,9.9908614289e-01,-2.0163606639e-02,-8.8440307413e-03,-3.6634562506e-02,1.0000000000e+00,1.0000204727e-04,1.0000245234e-04,1.0000209509e-04,6.0913872219e-09,6.1031718383e-09,6.0795794166e-09,1.0274122302e-08,5.4820529088e-09,1.7243269831e-08
2.7150000000e+00,3.0360973817e+01,1.5694038786e+00,-8.8604728394e+01,1.6992506980e-01,2.5743208422e+00,2.6929364172e-01,5.0877574138e-01,-8.0389278728e-02,5.6981942894e-02,1.7716526183e-01,-4.9358656025e-02,2.4742346524e-01,9.9892909296e-01,-7.1913688794e-03,3.8640285028e-02,-2.4410649823e-02,6.0806423487e-01,-1.0270691844e-01,5.7692812035e-02,3.1010321961e-01,-6.0001287660e-02,-2.6363775514e-01,9.9915528274e-01,-1.9508944105e-02,-2.4159571312e-03,-3.6087189099e-02,0.0000000000e+00,1.0000204772e-04,1.0000245341e-04,1.0000209548e-04,1.6345404970e-08,1.6652727242e-08,1.5651504452e-08,1.0292780102e-08,5.5007107088e-09,1.7261927631e-08
2.7200000000e+00,-1.6296157602e+01,-3.6553345255e-02,4.1402338525e+01,2.0657767556e-02,7.7276116776e+00,3.4031699688e-01,5.0996396593e-01,-8.0647251066e-02,5.6856182144e-02,2.3222978162e-01,-5.2029752491e-02,-2.2583795087e-02,9.9801729251e-01,-6.6158182045e-03,5.7933853493e-02,-2.3693531025e-02,6.0961931460e-01,-1.0302712436e-01,5.6794559107e-02,2.3111425704e-01,-5.0384944118e-02,-4.6533379623e-02,9.9905205653e-01,-1.8926905458e-02,1.6319904203e-02,-3.5642970188e-02,1.0000000000e+00,1.0000204796e-04,1.0000245310e-04,1.0000209612e-04,7.1527739032e-09,7.1585210702e-09,7.1400462359e-09,1.0267226290e-08,5.4850720229e-09,1.7271693121e-08
2.7250000000e+00,-1.2294328014e+01,-1.7296961650e+00,3.7546662547e+01,2.9332167909e-02,6.3326445881e+00,3.5436198840e-01,5.1096910393e-01,-8.0888358109e-02,5.7201622497e-02,1.9776794280e-01,-4.8762263359e-02,7.1766875714e-02,9.9699639042e-01,-6.1007082893e-03,7.3730558838e-02,-2.2908154271e-02,6.1084392800e-01,-1.0326309273e-01,5.6459186565e-02,1.8944479756e-01,-4.8365122686e-02,8.0208523211e-02,9.9869522044e-01,-1.8298820959e-02,3.2380855273e-02,-3.4992714009e-02,1.0000000000e+00,1.0000204815e-04,1.0000245245e-04,1.0000209649e-04,6.2496425902e-09,6.2557485142e-09,6.2360019632e-09,1.0230761624e-08,5.4812083877e-09,1.7285346798e-08
2.7300000000e+00,-1.0461884772e+01,-7.2516833890e-01,3.1149500010e+01,1.1058529368e-01,5.3085356565e+00,3.4181676128e-01,5.1190075515e-01,-8.1148571079e-02,5.7974280296e-02,1.8443848395e-01,-5.2803267803e-02,1.5752198713e-01,9.9595095776e-01,-5.4430945541e-03,8.6957641167e-02,-2.2145678997e-02,6.1188455949e-01,-1.0353106517e-01,5.6665754465e-02,1.7010275874e-01,-4.8988888135e-02,1.7017925308e-01,9.9818841446e-01,-1.7332384842e-02,4.6254789593e-02,-3.4350722166e-02,1.0000000000e+00,1.0000204836e-04,1.0000245176e-04,1.0000209641e-04,6.1388012668e-09,6.1538148225e-09,6.1052408360e-09,1.0120263732e-08,5.4449183673e-09,1.7299606583e-08
2.7350000000e+00,-8.1480076638e+00,-1.4581704324e-01,2.5554379862e+01,1.6401404818e-01,4.5323663413e+00,3.3255510068e-01,5.1276662481e-01,-8.1413515528e-02,5.9092546432e-02,1.7219337545e-01,-5.3823625546e-02,2.2682967424e-01,9.9492255561e-01,-4.6985264609e-03,9.8227921574e-02,-2.1408120100e-02,6.1280080499e-01,-1.0382557232e-01,5.7356226186e-02,1.6027131743e-01,-4.9566441620e-02,2.3671924501e-01,9.9760796964e-01,-1.6228304480e-02,5.8096615298e-02,-3.3760395851e-02,1.0000000000e+00,1.0000204857e-04,1.0000245109e-04,1.0000209623e-04,6.1194554216e-09,6.1357671518e-09,6.0846875887e-09,1.0005350576e-08,5.4087049370e-09,1.7309427476e-08
2.7400000000e+00,-5.8517011093e+00,2.8099329235e-01,2.0839531605e+01,1.9791458225e-01,3.9475065316e+00,3.2362107283e-01,5.1358746120e-01,-8.1676094802e-02,6.0479123080e-02,1.6377056880e-01,-5.3323763380e-02,2.8055489016e-01,9.9392379368e-01,-3.9070282139e-03,1.0803708352e-01,-2.0693382218e-02,6.1363782354e-01,-1.0413375112e-01,5.8441499663e-02,1.5589649878e-01,-4.9381485239e-02,2.8600061318e-01,9.9699972246e-01,-1.5093261386e-02,6.8267911240e-02,-3.3215044473e-02,1.0000000000e+00,1.0000204877e-04,1.0000245044e-04,1.0000209612e-04,6.1087441673e-09,6.1231979126e-09,6.0806805801e-09,9.9136390930e-09,5.3849636961e-09,1.7313474221e-08
2.7450000000e+00,-2.1717477003e+00,-6.9430837784e-01,2.1723748725e+01,2.1532933555e-01,3.5258468111e+00,3.1542239841e-01,5.1438740137e-01,-8.1933136480e-02,6.2064015878e-02,1.5993538436e-01,-5.2132303632e-02,3.2017757097e-01,9.9295091591e-01,-3.0956493558e-03,1.1678596844e-01,-1.9998328104e-02,6.1441194526e-01,-1.0440588555e-01,5.9822302351e-02,1.5989152056e-01,-5.1043065859e-02,3.3033952118e-01,9.9639498298e-01,-1.4124008077e-02,7.7018643839e-02,-3.2644736164e-02,1.0000000000e+00,1.0000204889e-04,1.0000244881e-04,1.0000209601e-04,6.1064569860e-09,6.1260885321e-09,6.0791835078e-09,9.8135575357e-09,5.3649955259e-09,1.7283433443e-08
2.7500000000e+00,-2.3361935652e+00,3.8694681480e-01,1.7636963593e+01,3.4163990247e-01,3.3597284371e+00,2.4916856823e-01,5.1531587736e-01,-8.2193368243e-02,6.3834254213e-02,1.8585984404e-01,-5.2808177429e-02,3.5772640072e-01,9.9194963695e-01,-1.9981003962e-03,1.2510687038e-01,-1.9498623987e-02,6.1525749497e-01,-1.0469953553e-01,6.1376022877e-02,1.7659597819e-01,-5.0269394268e-02,3.6258350464e-01,9.9571190299e-01,-1.2818536195e-02,8.5745621706e-02,-3.2267316730e-02,1.0000000000e+00,1.0000204905e-04,1.0000244761e-04,1.0000209601e-04,6.0998350796e-09,6.1169809333e-09,6.0790714447e-09,9.7314612385e-09,5.3543314854e-09,1.7261978301e-08
2.7550000000e+00,-1.6640074819e+00,7.7781247710e-01,1.4168450355e+01,4.1070100926e-01,3.2847312554e+00,1.9751825686e-01,5.1632837236e-01,-8.2442165653e-02,6.5740073190e-02,2.0276921286e-01,-5.0434449186e-02,3.8514190252e-01,9.9090097775e-01,-7.5255278004e-04,1.3322195984e-01,-1.9146680655e-02,6.1617983729e-01,-1.0499473077e-01,6.3132674189e-02,1.9419078071e-01,-4.8090325599e-02,3.8493095669e-01,9.9497388000e-01,-1.1358448089e-02,9.4184151900e-02,-3.2051666120e-02,1.0000000000e+00,1.0000204923e-04,1.0000244676e-04,1.0000209609e-04,6.0934167282e-09,6.1066835934e-09,6.0791225450e-09,9.6770308864e-09,5.3527898372e-09,1.7247580881e-08
2.7600000000e+00,-7.5926237687e-01,8.0501384928e-01,1.1286709730e+01,4.4208101511e-01,3.2594785863e+00,1.5985802555e-01,5.1740514102e-01,-8.2676918232e-02,6.7732316365e-02,2.1564967215e-01,-4.7460715528e-02,4.0253795638e-01,9.8979033548e-01,5.5895669565e-04,1.4127151567e-01,-1.8898100741e-02,6.1717320845e-01,-1.0527443426e-01,6.5048657398e-02,2.1004956647e-01,-4.5678060765e-02,3.9836353971e-01,9.9418193599e-01,-9.8480942595e-03,1.0239997419e-01,-3.1930212542e-02,1.0000000000e+00,1.0000204943e-04,1.0000244616e-04,1.0000209623e-04,6.0884506870e-09,6.0985277542e-09,6.0791850235e-09,9.6454846949e-09,5.3581485636e-09,1.7237816875e-08
2.7650000000e+00,8.7479374854e-01,5.0549207594e-01,1.6153827765e+01,4.5213106929e-01,3.2715435776e+00,1.3497480163e-01,5.1853869302e-01,-8.2899750285e-02,6.9766158117e-02,2.2696911747e-01,-4.4892992651e-02,4.1081228781e-01,9.8860703267e-01,1.8836181900e-03,1.4934018271e-01,-1.8710873129e-02,6.1821201048e-01,-1.0552082065e-01,6.7008208235e-02,2.2853858627e-01,-4.3916017852e-02,4.1732435579e-01,9.9333288209e-01,-8.3819889944e-03,1.1048422405e-01,-3.1823950889e-02,1.0000000000e+00,1.0000204955e-04,1.0000244453e-04,1.0000209631e-04,6.0907062630e-09,6.1079614652e-09,6.0795895005e-09,9.5953970861e-09,5.3594947305e-09,1.7197169587e-08
2.7700000000e+00,5.8767360990e-01,8.8040855692e-01,1.2559348364e+01,5.1442516201e-01,3.4798972347e+00,7.5632866458e-02,5.1986653612e-01,-8.3110198867e-02,7.1889140613e-02,2.6571825663e-01,-4.2500420668e-02,4.2940706321e-01,9.8727090550e-01,3.3514964552e-03,1.5790982063e-01,-1.8692650382e-02,6.1939215480e-01,-1.0576833638e-01,6.9055369986e-02,2.5780388268e-01,-4.1178230021e-02,4.2915772756e-01,9.9232267063e-01,-6.7406795999e-03,1.1929722625e-01,-3.1913200993e-02,1.0000000000e+00,1.0000204970e-04,1.0000244333e-04,1.0000209645e-04,6.0883390675e-09,6.1036552860e-09,6.0797052200e-09,9.5536856342e-09,5.3640690126e-09,1.7164871326e-08
2.7750000000e+00,2.8695869516e-01,8.4162914248e-01,9.8699310115e+00,5.2993901052e-01,3.6689175813e+00,3.3149837332e-02,5.2133464467e-01,-8.3306722287e-02,7.4056290273e-02,2.9361764515e-01,-3.9656167029e-02,4.3870895810e-01,9.8577718187e-01,4.8482382144e-03,1.6693466138e-01,-1.8779273706e-02,6.2072197514e-01,-1.0600249422e-01,7.1189732956e-02,2.8482455756e-01,-3.8537413013e-02,4.3435846021e-01,9.9117318351e-01,-5.0552581361e-03,1.2852511527e-01,-3.2116341586e-02,1.0000000000e+00,1.0000204988e-04,1.0000244262e-04,1.0000209663e-04,6.0854843426e-09,6.0965495761e-09,6.0795844402e-09,9.5295298885e-09,5.3728766454e-09,1.7146628483e-08
2.7800000000e+00,4.0616026242e-01,6.3072612282e-01,7.6209065177e+00,5.1961020879e-01,3.8340257571e+00,1.0356417859e-02,5.2290018314e-01,-8.3492449922e-02,7.6230736583e-02,3.1294393696e-01,-3.7353784431e-02,4.4036512647e-01,9.8412539083e-01,6.3173831963e-03,1.7635064071e-01,-1.8914473625e-02,6.2217440373e-01,-1.0621681250e-01,7.3383336492e-02,3.0657958445e-01,-3.6613135188e-02,4.3299764465e-01,9.8989060246e-01,-3.4000771756e-03,1.3805143065e-01,-3.2354862647e-02,1.0000000000e+00,1.0000205008e-04,1.0000244224e-04,1.0000209684e-04,6.0831174477e-09,6.0906692951e-09,6.0794527078e-09,9.5206827147e-09,5.3851397270e-09,1.7139100278e-08
2.7850000000e+00,-1.5893329630e+01,1.6093603112e+00,3.5830581318e+01,4.9486216673e-01,3.9645521514e+00,4.4389884609e-03,5.2453699933e-01,-8.3672670626e-02,7.8377820418e-02,3.2704260411e-01,-3.6091729788e-02,4.3486302428e-01,9.8232080264e-01,7.7301654859e-03,1.8607276055e-01,-1.9052900604e-02,6.2381074331e-01,-1.0642804654e-01,7.5127270673e-02,3.0866563668e-01,-3.1283524344e-02,4.9093762822e-01,9.8835838060e-01,-1.8347932815e-03,1.4860415008e-01,-3.2575322042e-02,1.0000000000e+00,1.0000205017e-04,1.0000244039e-04,1.0000209673e-04,6.1185672518e-09,6.1426335090e-09,6.0795403320e-09,9.3751688917e-09,5.3489352482e-09,1.7118230496e-08
2.7900000000e+00,-5.7687856720e+00,1.2899573312e+00,2.3194101454e+01,4.2060312918e-01,3.0740577986e+00,2.6741704366e-02,5.2619408816e-01,-8.3831008714e-02,8.0945509978e-02,3.3195279868e-01,-3.2115928735e-02,5.1971663570e-01,9.8085458647e-01,8.9257217224e-03,1.9359511039e-01,-1.9119229356e-02,6.2537936968e-01,-1.0664563322e-01,7.7436114624e-02,3.2561369498e-01,-2.8837231885e-02,5.3595253196e-01,9.8713572547e-01,-3.3895258719e-04,1.5648706351e-01,-3.2783281721e-02,1.0000000000e+00,1.0000205027e-04,1.0000243835e-04,1.0000209658e-04,6.1129539363e-09,6.1391929694e-09,6.0792595416e-09,9.2447619354e-09,5.3205914795e-09,1.7073234518e-08
2.7950000000e+00,5.7620380732e-01,9.6337387602e-01,1.5720603079e+01,3.7768132784e-01,2.5534589977e+00,4.0849190898e-02,5.2795602088e-01,-8.3975324119e-02,8.3712483739e-02,3.5321974229e-01,-2.9464971032e-02,5.5980663583e-01,9.7959228193e-01,9.9965081042e-03,1.9983160983e-01,-1.9140499353e-02,6.2700743816e-01,-1.0678981938e-01,8.0115877284e-02,3.5294465777e-01,-2.4971383611e-02,5.6071316954e-01,9.8611988363e-01,8.1836110565e-04,1.6275436795e-01,-3.2831708743e-02,0.0000000000e+00,1.0000205066e-04,1.0000243961e-04,1.0000209692e-04,1.5628246791e-08,1.5790596109e-08,1.5508822918e-08,9.2634197354e-09,5.3392492795e-09,1.7091892318e-08
2.8000000000e+00,4.5339152089e+00,6.6750538273e-01,1.1163724568e+01,3.4921420336e-01,2.2106882400e+00,5.3594003779e-02,5.2987628054e-01,-8.4112173446e-02,8.6538935744e-02,3.8488223649e-01,-2.7974261640e-02,5.7154892460e-01,9.7846590651e-01,1.0988484059e-02,2.0522630432e-01,-1.9128173523e-02,6.2877216144e-01,-1.0691467630e-01,8.2919443131e-02,3.9249563011e-01,-2.3789543536e-02,5.5721633915e-01,9.8520862994e-01,1.8825187329e-03,1.6817302671e-01,-3.2836636700e-02,0.0000000000e+00,1.0000205164e-04,1.0000244294e-04,1.0000209792e-04,2.5137519652e-08,2.5544425853e-08,2.4954256699e-08,9.2820775354e-09,5.3579070795e-09,1.7110550118e-08
2.8050000000e+00,-6.7311052280e+00,-1.4022927459e+00,2.8639137408e+01,3.2880793874e-01,1.9536319642e+00,6.3568879501e-02,5.3198754979e-01,-8.4247114812e-02,8.9334859548e-02,4.2292061449e-01,-2.7520738537e-02,5.6504897854e-01,9.7744580763e-01,1.1924016743e-02,2.0998389931e-01,-1.9085937443e-02,6.3073463960e-01,-1.0703362402e-01,8.5705524827e-02,4.0779148931e-01,-3.0742255156e-02,6.5446929996e-01,9.8437883781e-01,2.8794557719e-03,1.7295548851e-01,-3.2808709330e-02,0.0000000000e+00,1.0000205369e-04,1.0000244879e-04,1.0000210010e-04,3.4988875836e-08,3.5939279449e-08,3.4389563895e-08,9.3007353354e-09,5.3765648795e-09,1.7129207918e-08
2.8100000000e+00,6.4759267358e-01,-1.7035952212e+00,1.6872238799e+01,2.0524227960e-01,8.9785177204e-01,1.1704945655e-01,5.3423125303e-01,-8.4438458859e-02,9.2374632606e-02,4.4965822733e-01,-3.9208407301e-02,6.1386637039e-01,9.7697120896e-01,1.2534056074e-02,2.1216448631e-01,-1.8878163433e-02,6.3277359704e-01,-1.0718733529e-01,8.8977871327e-02,4.3897975818e-01,-4.0883320597e-02,6.8367722002e-01,9.8399608875e-01,3.5087921016e-03,1.7514690944e-01,-3.2602849756e-02,0.0000000000e+00,1.0000205744e-04,1.0000245825e-04,1.0000210384e-04,4.4746637242e-08,4.6276838809e-08,4.3845477714e-08,9.3193931354e-09,5.3952226795e-09,1.7147865718e-08
2.8150000000e+00,4.8469625922e+00,-1.8730388169e+00,1.0083304578e+01,1.3220550893e-01,3.2537265859e-01,1.4983202340e-01,5.3663907909e-01,-8.4687737121e-02,9.5466997963e-02,4.8236108382e-01,-5.0930661802e-02,6.2415442219e-01,9.7680133219e-01,1.2957310974e-02,2.1294681881e-01,-1.8571964939e-02,6.3496849583e-01,-1.0739175190e-01,9.2396257427e-02,4.7843019589e-01,-5.2677471015e-02,6.7363260144e-01,9.8386422309e-01,3.9261414282e-03,1.7593515306e-01,-3.2289283940e-02,0.0000000000e+00,1.0000206334e-04,1.0000247147e-04,1.0000210969e-04,5.4376292724e-08,5.6490529836e-08,5.3325852848e-08,9.3380509354e-09,5.4138804795e-09,1.7166523518e-08
2.8200000000e+00,7.1757613996e+00,-1.9428765792e+00,6.1692993902e+00,8.7361787966e-02,4.1541890519e-03,1.6791384055e-01,5.3922758730e-01,-8.4995074921e-02,9.8498624593e-02,5.1823777198e-01,-6.2514502205e-02,6.1159434753e-01,9.7680481366e-01,1.3263847306e-02,2.1294352912e-01,-1.8206585702e-02,6.3736064681e-01,-1.0765513925e-01,9.5764420434e-02,5.2205343188e-01,-6.5190120961e-02,6.4112380073e-01,9.8387498277e-01,4.2152115293e-03,1.7593665099e-01,-3.1914653536e-02,0.0000000000e+00,1.0000207185e-04,1.0000248871e-04,1.0000211816e-04,6.3911282321e-08,6.6618669140e-08,6.2832852090e-08,9.3567087354e-09,5.4325382795e-09,1.7185181318e-08
2.8250000000e+00,6.5487731798e+00,-4.9919077022e+00,1.2921984278e+01,5.4745430284e-02,-1.9334276942e-01,1.7862256157e-01,5.4200363882e-01,-8.5359995967e-02,1.0140255982e-01,5.5544778105e-01,-7.3915722255e-02,5.8556103911e-01,9.7691307121e-01,1.3488942769e-02,2.1246621574e-01,-1.7804687148e-02,6.3997091397e-01,-1.0798108986e-01,9.8970039438e-02,5.7344955517e-01,-9.3367147745e-02,6.4141014566e-01,9.8397347550e-01,4.4130066799e-03,1.7545479822e-01,-3.1501407454e-02,0.0000000000e+00,1.0000208343e-04,1.0000251034e-04,1.0000212975e-04,7.3688393379e-08,7.7364999252e-08,7.2390393428e-08,9.3753665354e-09,5.4511960795e-09,1.7203839118e-08
2.8300000000e+00,8.4411224210e+00,-4.6837414528e+00,6.1353810158e+00,-4.7931546408e-03,-1.0468235654e+00,2.3356423845e-01,5.4499684802e-01,-8.5853456948e-02,1.0423197650e-01,5.9851754508e-01,-9.9720418587e-02,5.7012053050e-01,9.7747630454e-01,1.3560410433e-02,2.0990006315e-01,-1.7267102522e-02,6.4283816175e-01,-1.0844792559e-01,1.0217709017e-01,6.2206855994e-01,-1.1989508529e-01,6.0661787877e-01,9.8444755993e-01,4.4212088392e-03,1.7287685466e-01,-3.0936188987e-02,0.0000000000e+00,1.0000209871e-04,1.0000253750e-04,1.0000214500e-04,8.3300202366e-08,8.7765679801e-08,8.1976504117e-08,9.3940243354e-09,5.4698538795e-09,1.7222496918e-08
2.8350000000e+00,8.9272264269e+00,-4.3423063184e+00,2.5417423741e+00,-5.5201989116e-02,-1.5103944460e+00,2.6423479139e-01,5.4818657241e-01,-8.6465054396e-02,1.0689941834e-01,6.3747004834e-01,-1.2329381167e-01,5.3723456502e-01,9.7827504562e-01,1.3503097835e-02,2.0620039773e-01,-1.6643239937e-02,6.4594850455e-01,-1.0904740102e-01,1.0521017956e-01,6.6691785497e-01,-1.4446133317e-01,5.5435439879e-01,9.8511414275e-01,4.2827035733e-03,1.6915968040e-01,-3.0278486329e-02,0.0000000000e+00,1.0000211812e-04,1.0000257025e-04,1.0000216437e-04,9.2822271782e-08,9.7944183389e-08,9.1581191501e-08,9.4126821354e-09,5.4885116795e-09,1.7241154718e-08
2.8400000000e+00,8.6570809029e+00,-4.0365327404e+00,7.9409299015e-01,-1.0057743835e-01,-1.7560754201e+00,2.8079989018e-01,5.5155328792e-01,-8.7186145532e-02,1.0936312679e-01,6.7259734895e-01,-1.4506242878e-01,4.9605100351e-01,9.7918584755e-01,1.3333726919e-02,2.0189699587e-01,-1.5965298012e-02,6.4928309382e-01,-1.0976970769e-01,1.0798195155e-01,7.0773567791e-01,-1.6719992176e-01,4.9464641263e-01,9.8586934818e-01,4.0207831192e-03,1.6483778753e-01,-2.9562906385e-02,0.0000000000e+00,1.0000214210e-04,1.0000260879e-04,1.0000218832e-04,1.0230882183e-07,1.0799805262e-07,1.0119637896e-07,9.4313399354e-09,5.5071694795e-09,1.7259812518e-08
2.8450000000e+00,2.0563654870e+01,-6.8876420616e+00,-5.0554565008e+00,-1.4130704230e-01,-1.8815999379e+00,2.8590081509e-01,5.5507881408e-01,-8.8009347643e-02,1.1160714394e-01,7.0417246681e-01,-1.6532253503e-01,4.5173968061e-01,9.8014051670e-01,1.3064079348e-02,1.9728459673e-01,-1.5254024125e-02,6.5282177221e-01,-1.1060570730e-01,1.1045518362e-01,7.9452417767e-01,-2.0698708929e-01,3.8831407251e-01,9.8665607184e-01,3.6512172913e-03,1.6020596947e-01,-2.8818602521e-02,0.0000000000e+00,1.0000217110e-04,1.0000265343e-04,1.0000221732e-04,1.1166448606e-07,1.1840164033e-07,1.1108750705e-07,9.4499977354e-09,5.5258272795e-09,1.7278470318e-08
2.8500000000e+00,1.6153188032e+01,-6.0846623808e+00,-5.3415883991e+00,-1.3340455708e-01,-2.6301639952e+00,3.1212770632e-01,5.5891169471e-01,-8.8993472545e-02,1.1341790294e-01,7.6526510400e-01,-1.9721003225e-01,3.6446027565e-01,9.8143248207e-01,1.2788684583e-02,1.9083022281e-01,-1.4510642382e-02,6.5679439310e-01,-1.1164064274e-01,1.1239675398e-01,8.6080665451e-01,-2.4141852712e-01,2.8843948676e-01,9.8771150460e-01,3.2575965650e-03,1.5372158997e-01,-2.8018645995e-02,0.0000000000e+00,1.0000220561e-04,1.0000270531e-04,1.0000225211e-04,1.2108709849e-07,1.2860221657e-07,1.2094923083e-07,9.4686555354e-09,5.5444850795e-09,1.7297128118e-08
2.8550000000e+00,1.2339159907e+01,-5.4735252262e+00,-4.5538382482e+00,-1.6287117279e-01,-3.0603603612e+00,3.2364792260e-01,5.6297851323e-01,-9.0122202925e-02,1.1484183653e-01,8.1190909145e-01,-2.2593044585e-01,2.8681965354e-01,9.8288138952e-01,1.2433226905e-02,1.8330531694e-01,-1.3738623797e-02,6.6109842637e-01,-1.1284773538e-01,1.1383895141e-01,9.1103757719e-01,-2.7175293402e-01,1.9901037242e-01,9.8888228471e-01,2.7653417255e-03,1.4616899240e-01,-2.7180977298e-02,0.0000000000e+00,1.0000224607e-04,1.0000276450e-04,1.0000229309e-04,1.3058051756e-07,1.3866471964e-07,1.3076241180e-07,9.4873133354e-09,5.5631428795e-09,1.7315785918e-08
2.8600000000e+00,9.0886337885e+00,-4.9523592786e+00,-3.2677786323e+00,-2.0297087924e-01,-3.2973509555e+00,3.2942978551e-01,5.6722132885e-01,-9.1382345429e-02,1.1593076360e-01,8.4712488837e-01,-2.5207822643e-01,2.1972440234e-01,9.8437558648e-01,1.1968114479e-02,1.7519689006e-01,-1.2942901574e-02,6.6565361426e-01,-1.1420650005e-01,1.1483400328e-01,9.4839970693e-01,-2.9866475104e-01,1.2123733358e-01,9.9007692417e-01,2.1597856557e-03,1.3802383621e-01,-2.6314258444e-02,0.0000000000e+00,1.0000229296e-04,1.0000283122e-04,1.0000234068e-04,1.4013367027e-07,1.4862596864e-07,1.4051954699e-07,9.5059711354e-09,5.5818006795e-09,1.7334443718e-08
2.8650000000e+00,3.3113431231e+01,-6.1776163991e+00,-2.3826001759e+01,-2.4927295562e-01,-3.4012034490e+00,3.2925277820e-01,5.7159377030e-01,-9.2762614128e-02,1.1673524507e-01,8.7315854290e-01,-2.7601367444e-01,1.6283025551e-01,9.8584708017e-01,1.1385340446e-02,1.6681976194e-01,-1.2127471788e-02,6.7039561279e-01,-1.1569982380e-01,1.1544018994e-01,1.0732556986e+00,-3.3666330200e-01,-8.7580020012e-02,9.9123721416e-01,1.4325782784e-03,1.2961486397e-01,-2.5430690650e-02,0.0000000000e+00,1.0000234676e-04,1.0000290577e-04,1.0000239529e-04,1.4938952113e-07,1.5924734010e-07,1.5098486787e-07,9.5246289354e-09,5.6004584795e-09,1.7353101518e-08
2.8700000000e+00,2.2550994103e+01,-5.4237653013e+00,-1.5989506572e+01,-2.1562816805e-01,-4.0808959374e+00,3.0474380664e-01,5.7638366567e-01,-9.4285426651e-02,1.1676591523e-01,9.5709868334e-01,-3.0427917783e-01,8.5126356594e-03,9.8751269556e-01,1.0852269910e-02,1.5675047402e-01,-1.1410225472e-02,6.7576189129e-01,-1.1738314031e-01,1.1500228984e-01,1.1601616267e+00,-3.6863558687e-01,-2.4277075112e-01,9.9252768143e-01,7.3746690867e-04,1.1950801644e-01,-2.4618930741e-02,0.0000000000e+00,1.0000240768e-04,1.0000298930e-04,1.0000245794e-04,1.5894874915e-07,1.6987266047e-07,1.6127123844e-07,9.5432867354e-09,5.6191162795e-09,1.7371759318e-08
2.8750000000e+00,1.4498405099e+01,-4.8842547563e+00,-9.6918321839e+00,-2.2817498022e-01,-4.5138044691e+00,2.8696050106e-01,5.8146381010e-01,-9.5937540831e-02,1.1622549903e-01,1.0157214947e+00,-3.3014821099e-01,-1.0491373301e-01,9.8923248499e-01,1.0264582150e-02,1.4559613781e-01,-1.0746796819e-02,6.8156269942e-01,-1.1922631825e-01,1.1378843609e-01,1.2178031129e+00,-3.9620104494e-01,-3.5598762139e-01,9.9383071356e-01,-2.0816514959e-05,1.0831392101e-01,-2.3845478921e-02,0.0000000000e+00,1.0000247629e-04,1.0000308204e-04,1.0000252895e-04,1.6862718175e-07,1.8029912731e-07,1.7135407000e-07,9.5619445354e-09,5.6377740795e-09,1.7390417118e-08
2.8800000000e+00,8.2668026774e+00,-4.3467528636e+00,-4.4912073333e+00,-2.6304214161e-01,-4.7554383230e+00,2.7396176530e-01,5.8673420305e-01,-9.7706876374e-02,1.1527441641e-01,1.0542916947e+00,-3.5368675221e-01,-1.8627531578e-01,9.9090763124e-01,9.5785332323e-03,1.3382128811e-01,-1.0108457330e-02,6.8765171498e-01,-1.2120732347e-01,1.1200849798e-01,1.2522556417e+00,-4.1975430749e-01,-4.3575240346e-01,9.9506402073e-01,-8.8364755569e-04,9.6506941051e-02,-2.3091646543e-02,0.0000000000e+00,1.0000255316e-04,1.0000318431e-04,1.0000260867e-04,1.7833184452e-07,1.9045675342e-07,1.8123512576e-07,9.5806023354e-09,5.6564318795e-09,1.7409074918e-08
2.8850000000e+00,4.3084588496e+01,-2.9391134720e+00,-4.3840372199e+01,-3.0558673712e-01,-4.8566330977e+00,2.6721186670e-01,5.9211505107e-01,-9.9582090696e-02,1.1403837137e-01,1.0767785554e+00,-3.7496660519e-01,-2.4266675210e-01,9.9247304070e-01,8.7809337547e-03,1.2178016139e-01,-9.4736988199e-03,6.9391299319e-01,-1.2330609501e-01,1.0982973596e-01,1.4206541803e+00,-4.4377925237e-01,-7.4119505921e-01,9.9617663253e-01,-1.8596533748e-03,8.4436655885e-02,-2.2340761877e-02,0.0000000000e+00,1.0000263882e-04,1.0000329646e-04,1.0000269747e-04,1.8827269505e-07,2.0291075574e-07,1.9257302441e-07,9.5992601354e-09,5.6750896795e-09,1.7427732718e-08
2.8900000000e+00,2.6839541916e+01,-2.8048219184e+00,-2.4469869806e+01,-2.6481154645e-01,-5.1954370956e+00,1.6881784301e-01,5.9805022606e-01,-1.0153408174e-01,1.1175249498e-01,1.1900461457e+00,-3.9094602278e-01,-4.4950066334e-01,9.9398088269e-01,8.0442623293e-03,1.0887779043e-01,-9.1061212009e-03,7.0101626409e-01,-1.2552499127e-01,1.0612376067e-01,1.5315918650e+00,-4.6379636307e-01,-9.3330871470e-01,9.9719717724e-01,-2.7735068536e-03,7.1506514785e-02,-2.1838399899e-02,0.0000000000e+00,1.0000273315e-04,1.0000341973e-04,1.0000279674e-04,1.9839470053e-07,2.1514205920e-07,2.0345844384e-07,9.6179179354e-09,5.6937474795e-09,1.7446390518e-08
2.8950000000e+00,1.5105074855e+01,-2.5363199395e+00,-1.0615212741e+01,-2.6690072920e-01,-5.4845136597e+00,1.0437537128e-01,6.0435424824e-01,-1.0356009761e-01,1.0880827695e-01,1.2655391589e+00,-4.0646097532e-01,-5.7826970999e-01,9.9538783565e-01,7.2839528222e-03,9.5239585818e-02,-8.9118997254e-03,7.0867422342e-01,-1.2784397309e-01,1.0145721709e-01,1.5981498186e+00,-4.7991291206e-01,-1.0455431220e+00,9.9808744965e-01,-3.7193710536e-03,5.7842645627e-02,-2.1490404137e-02,0.0000000000e+00,1.0000283696e-04,1.0000355479e-04,1.0000290670e-04,2.0830373345e-07,2.2660298301e-07,2.1385309886e-07,9.6365757354e-09,5.7124052795e-09,1.7465048318e-08
2.9000000000e+00,6.4100519487e+00,-2.2358573093e+00,-6.0559257174e-01,-2.8588860525e-01,-5.6680118095e+00,6.0925527960e-02,6.1087837624e-01,-1.0565337238e-01,1.0548787498e-01,1.3105062162e+00,-4.2044265437e-01,-6.5135997892e-01,9.9664374702e-01,6.4626132395e-03,8.1127112521e-02,-8.8242715309e-03,7.1666497251e-01,-1.3024353765e-01,9.6229501484e-02,1.6291311381e+00,-4.9248521846e-01,-1.1011854743e+00,9.9880720142e-01,-4.7280268023e-03,4.3710294724e-02,-2.1242181672e-02,0.0000000000e+00,1.0000295092e-04,1.0000370213e-04,1.0000302759e-04,2.1793921317e-07,2.3717617799e-07,2.2378028822e-07,9.6552335354e-09,5.7310630795e-09,1.7483706118e-08
2.9050000000e+00,4.5834162774e+01,2.9450784892e+00,-5.2516563443e+01,-3.1084971589e-01,-5.7360324069e+00,3.8178189966e-02,6.1750174837e-01,-1.0780473197e-01,1.0199273506e-01,1.3306328728e+00,-4.3234391524e-01,-6.8503105177e-01,9.9771012066e-01,5.5693985109e-03,6.6829739288e-02,-8.7910679320e-03,7.2481062820e-01,-1.3270596374e-01,9.0723574112e-02,1.8348576897e+00,-4.8958547687e-01,-1.4319339167e+00,9.9932934161e-01,-5.8041422147e-03,2.9400261818e-02,-2.1042897628e-02,0.0000000000e+00,1.0000307566e-04,1.0000386205e-04,1.0000315969e-04,2.2903809277e-07,2.5339406408e-07,2.3625721913e-07,9.6738913354e-09,5.7497208795e-09,1.7502363918e-08
2.9100000000e+00,2.6569605276e+01,2.0897146794e+00,-2.2574552639e+01,-3.2248422498e-01,-5.6123472002e+00,-1.4917199402e-01,6.2480069205e-01,-1.0992183645e-01,9.7453465527e-02,1.4700422041e+00,-4.2779198914e-01,-8.8673486821e-01,9.9854994975e-01,4.6313915933e-03,5.2836191484e-02,-9.2133022407e-03,7.3398491665e-01,-1.3515389112e-01,8.3563904529e-02,1.9611341814e+00,-4.8594918438e-01,-1.6015619267e+00,9.9963055349e-01,-6.9154162182e-03,1.5391160116e-02,-2.1308349161e-02,0.0000000000e+00,1.0000321086e-04,1.0000403688e-04,1.0000330486e-04,2.3942687067e-07,2.6791428451e-07,2.4778591972e-07,9.6925491354e-09,5.7683786795e-09,1.7521021718e-08
2.9150000000e+00,1.2788953512e+01,1.6668247825e+00,-2.4152187860e+00,-3.2247804397e-01,-5.6695323133e+00,-2.8072718644e-01,6.3252247910e-01,-1.1201396215e-01,9.2402211078e-02,1.5567690844e+00,-4.2458267303e-01,-9.8376155845e-01,9.9919489911e-01,3.6816629106e-03,3.8686808093e-02,-9.9664352721e-03,7.4379058756e-01,-1.3758363704e-01,7.5556094895e-02,2.0249687015e+00,-4.8052018568e-01,-1.6647506319e+00,9.9972718781e-01,-8.0333999560e-03,1.2338130243e-03,-2.1897309187e-02,0.0000000000e+00,1.0000335746e-04,1.0000422740e-04,1.0000346313e-04,2.4890947391e-07,2.8025926914e-07,2.5832399383e-07,9.7112069354e-09,5.7870364795e-09,1.7539679518e-08
2.9200000000e+00,2.8526258598e+00,1.5113591725e+00,1.0893438419e+01,-3.1784420856e-01,-5.7403265851e+00,-3.7728959773e-01,6.4046281824e-01,-1.1408131702e-01,8.7195255905e-02,1.6009007917e+00,-4.2069206206e-01,-1.0116946005e+00,9.9963962276e-01,2.7347497601e-03,2.4354267277e-02,-1.0955154662e-02,7.5391543106e-01,-1.3998623797e-01,6.7232341736e-02,2.0397023467e+00,-4.7272444103e-01,-1.6594925929e+00,9.9961415345e-01,-9.1423300327e-03,-1.3102898070e-02,-2.2721709579e-02,0.0000000000e+00,1.0000351618e-04,1.0000443386e-04,1.0000363457e-04,2.5774461681e-07,2.9065234584e-07,2.6797576663e-07,9.7298647354e-09,5.8056942795e-09,1.7558337318e-08
2.9250000000e+00,2.0365919853e+01,9.0896739059e+00,-2.2544563613e+01,-3.1350938599e-01,-5.7502249438e+00,-4.4134531570e-01,6.4845627977e-01,-1.1611908703e-01,8.2063623965e-02,1.6107470641e+00,-4.1517001422e-01,-9.9542950366e-01,9.9987521351e-01,1.7988329867e-03,9.9919605617e-03,-1.2102988411e-02,7.6411394280e-01,-1.4234986018e-01,5.8934878771e-02,2.1463732769e+00,-4.3405932265e-01,-1.8193016854e+00,9.9928936155e-01,-1.0236990087e-02,-2.7463327371e-02,-2.3701088026e-02,0.0000000000e+00,1.0000368757e-04,1.0000465613e-04,1.0000381928e-04,2.6773459548e-07,3.0486137482e-07,2.7924527508e-07,9.7485225354e-09,5.8243520795e-09,1.7576995118e-08
2.9300000000e+00,6.2383239275e+00,6.1323512547e+00,2.6319660391e+00,-5.3418716719e-01,-4.9797707130e+00,-7.0911994293e-01,6.5676273941e-01,-1.1802141106e-01,7.6541159566e-02,1.6754037564e+00,-3.9182001017e-01,-1.0684623894e+00,9.9990041049e-01,3.4046386088e-04,-2.4365336207e-03,-1.3896636290e-02,7.7484580918e-01,-1.4452015679e-01,4.9838370345e-02,2.1782365175e+00,-4.0461202781e-01,-1.8540747008e+00,9.9881188163e-01,-1.1817026303e-02,-3.9887876132e-02,-2.5379919953e-02,0.0000000000e+00,1.0000387146e-04,1.0000489572e-04,1.0000401853e-04,2.7669581449e-07,3.1600751875e-07,2.8917985806e-07,9.7671803354e-09,5.8430098795e-09,1.7595652918e-08
2.9350000000e+00,-3.6105805634e+00,4.5127213659e+00,1.7652395473e+01,-6.0521239797e-01,-4.5905793209e+00,-8.9011771941e-01,6.6515251906e-01,-1.1981602330e-01,7.1008942945e-02,1.6918632108e+00,-3.7250271312e-01,-1.0682593577e+00,9.9977255533e-01,-1.2713472441e-03,-1.3886442481e-02,-1.6136542521e-02,7.8573699177e-01,-1.4654321693e-01,4.0567996841e-02,2.1544496954e+00,-3.7892332185e-01,-1.8171044835e+00,9.9821037381e-01,-1.3529908048e-02,-5.1335548454e-02,-2.7525491460e-02,0.0000000000e+00,1.0000406862e-04,1.0000515244e-04,1.0000423221e-04,2.8504564845e-07,3.2469153252e-07,2.9802934588e-07,9.7858381354e-09,5.8616676795e-09,1.7614310718e-08
2.9400000000e+00,-1.0468842383e+01,3.5705637342e+00,2.6022395137e+01,-6.0268298109e-01,-4.3539844946e+00,-1.0097661816e+00,6.7345006977e-01,-1.2151311633e-01,6.5684226359e-02,1.6719376028e+00,-3.5385925214e-01,-1.0270307367e+00,9.9951531795e-01,-2.8613372992e-03,-2.4746283675e-02,-1.8669851910e-02,7.9650924025e-01,-1.4843783354e-01,3.1482474423e-02,2.0902286264e+00,-3.5441815041e-01,-1.7426113058e+00,9.9749828252e-01,-1.5203045257e-02,-6.2190218881e-02,-2.9973662801e-02,0.0000000000e+00,1.0000427959e-04,1.0000542569e-04,1.0000446021e-04,2.9320978531e-07,3.3166956243e-07,3.0611165063e-07,9.8044959354e-09,5.8803254795e-09,1.7632968518e-08
2.9450000000e+00,-1.3727551552e+01,1.7958734461e+00,2.2410762045e+01,-5.6818588351e-01,-4.1627559328e+00,-1.0800322377e+00,6.8152448221e-01,-1.2311344642e-01,6.0677246618e-02,1.6252596848e+00,-3.3433079356e-01,-9.6548176186e-01,9.9914458004e-01,-4.3478572016e-03,-3.5130114605e-02,-2.1379414432e-02,8.0696038338e-01,-1.5020992429e-01,2.2769417894e-02,2.0089987409e+00,-3.3766815691e-01,-1.6893433181e+00,9.9668990570e-01,-1.6763045753e-02,-7.2565685972e-02,-3.2595297119e-02,0.0000000000e+00,1.0000450480e-04,1.0000571470e-04,1.0000470253e-04,3.0176152371e-07,3.3782273219e-07,3.1395788042e-07,9.8231537354e-09,5.8989832795e-09,1.7651626318e-08
2.9500000000e+00,-9.2236857737e+01,6.4651646951e+00,3.5807209525e+01,-7.4465263632e-01,-3.7735216758e+00,-1.0628032017e+00,6.8930616399e-01,-1.2466838997e-01,5.5898929861e-02,1.5648499094e+00,-3.2468880542e-01,-9.2248934897e-01,9.9869872729e-01,-6.2587435146e-03,-4.4528537740e-02,-2.4060124064e-02,8.1906697347e-01,-1.5650380392e-01,7.0513311885e-02,1.5639817857e+00,-3.2309850962e-01,-9.4418046004e-01,9.9515878475e-01,-1.9724804565e-02,-8.9075495742e-02,-3.6544237263e-02,1.0000000000e+00,1.0000284069e-04,1.0000350056e-04,1.0000290384e-04,9.6874409536e-09,9.7037409001e-09,9.6929765891e-09,9.9006068452e-09,5.7718213052e-09,1.6643583414e-08
2.9550000000e+00,-6.4252834473e+01,5.5789265574e+00,4.1026104060e+01,-4.5971056001e-01,1.0030849818e+00,-1.0931861568e+00,6.9507886596e-01,-1.2593668353e-01,5.1634714748e-02,1.1592416570e+00,-2.6372125302e-01,-8.3535845392e-01,9.9872998967e-01,-7.2061822499e-03,-4.2010668091e-02,-2.6862286500e-02,8.2540001140e-01,-1.5786704526e-01,6.6262593077e-02,1.1782618913e+00,-2.6383597969e-01,-8.4038300650e-01,9.9525844410e-01,-2.0604888005e-02,-8.6804090074e-02,-3.8744263825e-02,1.0000000000e+00,1.0000282472e-04,1.0000350884e-04,1.0000290001e-04,6.5788489045e-09,6.7103506068e-09,6.6306143882e-09,9.9038589497e-09,5.6666145150e-09,1.6006158919e-08
2.9600000000e+00,-7.8140765564e+01,1.0127169999e+01,9.8886544079e+01,-2.4958675800e-01,3.7943691739e+00,-1.0337953608e+00,6.9949828533e-01,-1.2697799991e-01,4.7942867932e-02,8.8496580045e-01,-2.1533908864e-01,-7.2927910411e-01,9.9900615312e-01,-7.4675699188e-03,-3.2531846462e-02,-2.9540148823e-02,8.3334056319e-01,-1.5906277124e-01,6.0810054645e-02,8.1678190635e-01,-1.9492238035e-01,-6.3346004285e-01,9.9546730211e-01,-2.1341827790e-02,-8.3775814506e-02,-3.9635712760e-02,1.0000000000e+00,1.0000281990e-04,1.0000348711e-04,1.0000289733e-04,6.3233278098e-09,6.6739502318e-09,6.4013730883e-09,9.9490786846e-09,5.1336612637e-09,1.4559560339e-08
2.9650000000e+00,-5.3779491266e+01,6.8915334301e+00,7.1981153856e+01,-3.7949940769e-02,3.7340706390e+00,-7.5195628503e-01,7.0242906629e-01,-1.2767522191e-01,4.5667848416e-02,5.8547631238e-01,-1.4309458133e-01,-4.5196095634e-01,9.9920832678e-01,-7.2255102034e-03,-2.3213893203e-02,-3.1490107406e-02,8.3796521334e-01,-1.6013860909e-01,5.7141571961e-02,5.5051111129e-01,-1.3515174206e-01,-4.2162157701e-01,9.9614162159e-01,-2.0857690986e-02,-7.4376141169e-02,-4.1653524312e-02,1.0000000000e+00,1.0000281788e-04,1.0000346746e-04,1.0000289091e-04,6.2646760256e-09,6.5301302256e-09,6.2995831696e-09,9.8848011227e-09,4.7073596217e-09,1.3740873272e-08
2.9700000000e+00,-3.8884458613e+01,3.3619319741e+00,5.3860409496e+01,9.2982050020e-02,3.3474940693e+00,-5.3987436570e-01,7.0447823584e-01,-1.2809037482e-01,4.4318982884e-02,4.0885638443e-01,-8.3809385334e-02,-2.6925836810e-01,9.9932575882e-01,-6.7037792318e-03,-1.4865271292e-02,-3.2895452894e-02,8.4092213593e-01,-1.6130776977e-01,5.4436599439e-02,3.7508223106e-01,-8.5680914976e-02,-2.5497534932e-01,9.9672331912e-01,-2.0528214326e-02,-6.4307491433e-02,-4.4561912942e-02,1.0000000000e+00,1.0000281706e-04,1.0000345703e-04,1.0000288597e-04,6.2046851927e-09,6.3631480658e-09,6.2113826955e-09,9.8083813664e-09,4.4566609614e-09,1.3380463960e-08
2.9750000000e+00,-2.7648513505e+01,1.5653851271e+00,4.0645792919e+01,1.5662504866e-01,2.8486027291e+00,-3.6849955443e-01,7.0587867435e-01,-1.2834733722e-01,4.3641233399e-02,2.7929306299e-01,-5.1286154359e-02,-1.3541528739e-01,9.9937789224e-01,-6.0663284060e-03,-7.7687766541e-03,-3.3862579072e-02,8.4293887614e-01,-1.6195494027e-01,5.2739515230e-02,2.5394898818e-01,-5.3111555089e-02,-1.2935794270e-01,9.9716860318e-01,-1.9994932847e-02,-5.5816558432e-02,-4.6254635433e-02,1.0000000000e+00,1.0000281684e-04,1.0000345249e-04,1.0000288294e-04,6.1587086158e-09,6.2435919468e-09,6.1514168488e-09,9.7510167386e-09,4.3209865201e-09,1.3245416337e-08
2.9800000000e+00,-1.9288219468e+01,6.5922740260e-01,3.0844345149e+01,1.8613113725e-01,2.3107116452e+00,-2.4280849930e-01,7.0680142691e-01,-1.2851404345e-01,4.3441090097e-02,1.8405589129e-01,-3.3069987620e-02,-3.9660414014e-02,9.9938809593e-01,-5.4034088432e-03,-2.0140751114e-03,-3.4498991062e-02,8.4431057256e-01,-1.6227461588e-01,5.1852510785e-02,1.6774035008e-01,-3.3468580638e-02,-3.8181202762e-02,9.9748802869e-01,-1.9325517502e-02,-4.9233197129e-02,-4.7119521288e-02,1.0000000000e+00,1.0000281691e-04,1.0000345084e-04,1.0000288124e-04,6.1281528113e-09,6.1711829145e-09,6.1163351029e-09,9.7129903213e-09,4.2523833078e-09,1.3208887253e-08
2.9850000000e+00,-1.3068977731e+01,4.5852316918e-01,2.3642305763e+01,1.9362964554e-01,1.7875790543e+00,-1.4879059982e-01,7.0737350716e-01,-1.2862698890e-01,4.3569947831e-02,1.1419470831e-01,-2.2384548554e-02,2.6422474245e-02,9.9937649961e-01,-4.7631129528e-03,2.4313977054e-03,-3.4900044271e-02,8.4520895868e-01,-1.6244684998e-01,5.1548760747e-02,1.0549712836e-01,-2.1478804934e-02,2.5413702629e-02,9.9770874478e-01,-1.8603570269e-02,-4.4383120037e-02,-4.7553195643e-02,1.0000000000e+00,1.0000281711e-04,1.0000345039e-04,1.0000288036e-04,6.1091828024e-09,6.1303827726e-09,6.0973382628e-09,9.6893265306e-09,4.2218897768e-09,1.3211836709e-08
2.9900000000e+00,-8.8578063857e+00,8.6051208896e-02,1.8594325817e+01,1.9330028309e-01,1.3015354785e+00,-1.2495151322e-01,7.0770976022e-01,-1.2869824770e-01,4.3899278394e-02,6.7304000707e-02,-1.4096631569e-02,6.6721573361e-02,9.9935442399e-01,-4.1725749590e-03,5.6669272668e-03,-3.5230821819e-02,8.4577143985e-01,-1.6255322508e-01,5.1623041547e-02,6.1941134144e-02,-1.3697718166e-02,6.6022508378e-02,9.9785043369e-01,-1.7959232650e-02,-4.0960149219e-02,-4.7898268382e-02,1.0000000000e+00,1.0000281735e-04,1.0000345036e-04,1.0000287994e-04,6.0978969438e-09,6.1088161602e-09,6.0878221154e-09,9.6751987913e-09,4.2122068154e-09,1.3228185582e-08
2.9950000000e+00,-5.6760863213e+00,-5.7640797179e-02,1.4811682725e+01,1.8132153051e-01,8.8415212435e-01,-9.3825680015e-02,7.0787098153e-01,-1.2874472598e-01,4.4354021485e-02,3.2462419726e-02,-9.2189857670e-03,9.1900372690e-02,9.9933289916e-01,-3.6465003019e-03,7.8550378061e-03,-3.5478980793e-02,8.4609331965e-01,-1.6262144278e-01,5.1939498661e-02,3.0654654979e-02,-8.8867932085e-03,9.0522802931e-02,9.9793853856e-01,-1.7385270767e-02,-3.8707290291e-02,-4.8147391393e-02,1.0000000000e+00,1.0000281759e-04,1.0000345041e-04,1.0000287978e-04,6.0911057865e-09,6.0972149832e-09,6.0830555847e-09,9.6679549627e-09,4.2140484554e-09,1.3247457463e-08
3.0000000000e+00,-3.2958057049e+00,-2.7000209325e-02,1.2031570825e+01,1.6425045841e-01,5.2945626586e-01,-6.4406579424e-02,7.0790608118e-01,-1.2877565264e-01,4.4877392736e-02,7.3182195230e-03,-6.1634220864e-03,1.0563673554e-01,9.9931715397e-01,-3.1892384721e-03,9.1664419586e-03,-3.5651519920e-02,8.4624115298e-01,-1.6267076152e-01,5.2401296811e-02,8.2683551091e-03,-5.7670280830e-03,1.0347278429e-01,9.9798840248e-01,-1.6885013033e-02,-3.7408308053e-02,-4.8318354048e-02,1.0000000000e+00,1.0000281783e-04,1.0000345042e-04,1.0000287977e-04,6.0869958243e-09,6.0910050240e-09,6.0807233688e-09,9.6654121777e-09,4.2223912117e-09,1.3265781611e-08
3.0050000000e+00,-1.5373382020e+00,1.6033154615e-02,1.0050178287e+01,1.4917927641e-01,2.4619114505e-01,-4.1942229178e-02,7.0785383036e-01,-1.2879604887e-01,4.5427504013e-02,-1.0130292697e-02,-4.0810385997e-03,1.1094408035e-01,9.9930862360e-01,-2.7987459792e-03,9.7679397893e-03,-3.5763517427e-02,8.4626543718e-01,-1.6270869739e-01,5.2940340332e-02,-7.3462868461e-03,-3.6903197381e-03,1.0818736041e-01,9.9801089170e-01,-1.6452118940e-02,-3.6849924002e-02,-4.8432126981e-02,1.0000000000e+00,1.0000281807e-04,1.0000345034e-04,1.0000287985e-04,6.0845153180e-09,6.0877773780e-09,6.0796406516e-09,9.6659209649e-09,4.2343680280e-09,1.3281879261e-08
3.0100000000e+00,-3.1586842102e-01,9.7296187623e-02,8.6424312697e+00,1.3192910509e-01,2.8282130640e-02,-2.9511957496e-02,7.0774071679e-01,-1.2881278794e-01,4.5978335288e-02,-2.2319973693e-02,-3.3221378428e-03,1.1102007530e-01,9.9930623893e-01,-2.4674098693e-03,9.8253650269e-03,-3.5838734941e-02,8.4620292911e-01,-1.6274407844e-01,5.3510790729e-02,-1.8267549548e-02,-2.6029335042e-03,1.0751241851e-01,9.9801267997e-01,-1.6075079816e-02,-3.6851718103e-02,-4.8520442018e-02,1.0000000000e+00,1.0000281829e-04,1.0000345018e-04,1.0000287998e-04,6.0829978271e-09,6.0861199680e-09,6.0791929930e-09,9.6685289813e-09,4.2483493655e-09,1.3295655549e-08
3.0150000000e+00,5.1838986376e-01,9.3684722690e-02,7.6937253674e+00,1.1751273178e-01,-1.3646209893e-01,-1.7673286429e-02,7.0759302779e-01,-1.2882500008e-01,4.6505861644e-02,-2.9274275333e-02,-2.3895912098e-03,1.0629056119e-01,9.9930872591e-01,-2.1886700767e-03,9.4714938289e-03,-3.5882737345e-02,8.4608477840e-01,-1.6277286614e-01,5.4079465794e-02,-2.5020911154e-02,-1.8515366759e-03,1.0264281006e-01,9.9799972923e-01,-1.5761514055e-02,-3.7264192849e-02,-4.8574633933e-02,1.0000000000e+00,1.0000281850e-04,1.0000344996e-04,1.0000288015e-04,6.0820821184e-09,6.0852948674e-09,6.0790396506e-09,9.6724294134e-09,4.2634412217e-09,1.3307519230e-08
3.0200000000e+00,1.0238515714e+00,9.2572616478e-02,7.2345286336e+00,1.0197069222e-01,-2.5615537726e-01,-7.1873756542e-03,7.0742957837e-01,-1.2883263527e-01,4.6995539682e-02,-3.2471939674e-02,-1.4510501274e-03,9.8659371840e-02,9.9931440353e-01,-1.9560158783e-03,8.8244156927e-03,-3.5903016496e-02,8.4593540395e-01,-1.6279468986e-01,5.4621683108e-02,-2.8576230338e-02,-1.1234872390e-03,9.5272992259e-02,9.9797610936e-01,-1.5510811141e-02,-3.7967979952e-02,-4.8595600534e-02,1.0000000000e+00,1.0000281871e-04,1.0000344968e-04,1.0000288033e-04,6.0815937686e-09,6.0850016045e-09,6.0790100644e-09,9.6768377395e-09,4.2790678423e-09,1.3317917125e-08
3.0250000000e+00,1.3142832386e+00,1.1898108168e-01,7.0294367674e+00,8.8034419555e-02,-3.3130873822e-01,-5.6169835495e-04,7.0726362078e-01,-1.2883605228e-01,4.7439386227e-02,-3.3015675351e-02,-5.8891436351e-04,8.9440514891e-02,9.9932174139e-01,-1.7643746865e-03,7.9863001000e-03,-3.5904918674e-02,8.4577194058e-01,-1.6281093861e-01,5.5123477189e-02,-2.9720752943e-02,-3.3687828006e-04,8.6422734834e-02,9.9794528905e-01,-1.5309445460e-02,-3.8849781495e-02,-4.8595425960e-02,1.0000000000e+00,1.0000281892e-04,1.0000344936e-04,1.0000288052e-04,6.0813491634e-09,6.0849585503e-09,6.0790204778e-09,9.6812957805e-09,4.2949281853e-09,1.3327296551e-08
3.0300000000e+00,1.4473965026e+00,1.1229768599e-01,6.8931455394e+00,7.6609186774e-02,-3.7205170997e-01,4.0513933188e-03,7.0710260985e-01,-1.2883842125e-01,4.7838216089e-02,-3.2079413259e-02,-3.6378501925e-04,8.0392074971e-02,9.9932956906e-01,-1.6065286757e-03,7.0504799007e-03,-3.5890419317e-02,8.4560534348e-01,-1.6282556424e-01,5.5579951086e-02,-2.9346887893e-02,5.6680548147e-05,7.7209659719e-02,9.9790986054e-01,-1.5138702908e-02,-3.9825613928e-02,-4.8586524778e-02,1.0000000000e+00,1.0000281912e-04,1.0000344903e-04,1.0000288072e-04,6.0812168838e-09,6.0849338883e-09,6.0790347150e-09,9.6857944450e-09,4.3108956710e-09,1.3336154944e-08
3.0350000000e+00,1.4061135799e+00,7.2443457740e-02,6.9515518369e+00,6.4752241699e-02,-3.8912039789e-01,9.8179288992e-03,7.0695317053e-01,-1.2883860782e-01,4.8189021511e-02,-2.9803013574e-02,8.5266495981e-05,7.0749823395e-02,9.9933699436e-01,-1.4771024552e-03,6.0759615134e-03,-3.5867430500e-02,8.4544602441e-01,-1.6283527937e-01,5.5986444862e-02,-2.7939797750e-02,4.1494019088e-04,6.7848862214e-02,9.9787257381e-01,-1.5006198218e-02,-4.0831429028e-02,-4.8558571419e-02,1.0000000000e+00,1.0000281931e-04,1.0000344870e-04,1.0000288092e-04,6.0811963044e-09,6.0849348277e-09,6.0790377397e-09,9.6901616318e-09,4.3268736126e-09,1.3344997243e-08
3.0400000000e+00,1.3165411926e+00,-8.2404337818e-03,7.1009358409e+00,5.5129774061e-02,-3.8494242619e-01,9.6818443380e-03,7.0681847283e-01,-1.2883680182e-01,4.8491677283e-02,-2.6878391665e-02,4.9724367070e-04,6.1087310327e-02,9.9934355077e-01,-1.3713118437e-03,5.1063077718e-03,-3.5840098370e-02,8.4529925836e-01,-1.6283899435e-01,5.6341734647e-02,-2.5850787148e-02,6.7351852887e-04,5.8589311205e-02,9.9783501760e-01,-1.4905283765e-02,-4.1814513880e-02,-4.8524803926e-02,1.0000000000e+00,1.0000281951e-04,1.0000344837e-04,1.0000288113e-04,6.0812557871e-09,6.0849799065e-09,6.0790313351e-09,9.6942425823e-09,4.3427861669e-09,1.3354030853e-08
3.0450000000e+00,1.2856139659e+00,-7.9482920292e-03,7.3974070917e+00,4.7822321603e-02,-3.7119832422e-01,1.1746307198e-02,7.0669980380e-01,-1.2883338980e-01,4.8748353755e-02,-2.3684883491e-02,8.3306517488e-04,5.1862243154e-02,9.9934907841e-01,-1.2862777535e-03,4.1730293622e-03,-3.5809926002e-02,8.4516639450e-01,-1.6284011671e-01,5.6646025021e-02,-2.3225563165e-02,1.0038867852e-03,4.9927301032e-02,9.9779836243e-01,-1.4823766033e-02,-4.2754490690e-02,-4.8484403919e-02,1.0000000000e+00,1.0000281971e-04,1.0000344802e-04,1.0000288133e-04,6.0813994606e-09,6.0852255711e-09,6.0790265749e-09,9.6975774201e-09,4.3585293257e-09,1.3362989504e-08
3.0500000000e+00,1.2400976237e+00,1.7503668225e-02,7.5080757789e+00,4.0833744493e-02,-3.4696020909e-01,1.5494728282e-02,7.0659205725e-01,-1.2883139410e-01,4.8969080974e-02,-2.1540387617e-02,5.2864517883e-04,4.4651113557e-02,9.9935388893e-01,-1.2198855498e-03,3.3047931844e-03,-3.5768630258e-02,8.4504514766e-01,-1.6284523025e-01,5.6908518449e-02,-2.1022157726e-02,1.0124638580e-03,4.2356821855e-02,9.9776331451e-01,-1.4746883597e-02,-4.3634712708e-02,-4.8444912002e-02,1.0000000000e+00,1.0000281991e-04,1.0000344767e-04,1.0000288153e-04,6.0815024010e-09,6.0853774528e-09,6.0790231783e-09,9.7005237943e-09,4.3741396313e-09,1.3371929524e-08
3.0550000000e+00,1.1148627657e+00,-1.1134966842e-02,7.7335838653e+00,3.2397384884e-02,-3.1602144930e-01,1.3713321865e-02,7.0649896573e-01,-1.2882871730e-01,4.9154387820e-02,-1.8626394286e-02,6.6693280835e-04,3.7544197560e-02,9.9935769741e-01,-1.1684035933e-03,2.5128684269e-03,-3.5728321412e-02,8.4493874272e-01,-1.6284787877e-01,5.7130020305e-02,-1.8699455320e-02,1.0817214398e-03,3.5490096762e-02,9.9773093449e-01,-1.4691514248e-02,-4.4428166275e-02,-4.8407435458e-02,1.0000000000e+00,1.0000282010e-04,1.0000344733e-04,1.0000288173e-04,6.0816397080e-09,6.0855290723e-09,6.0790163970e-09,9.7029412626e-09,4.3895955776e-09,1.3381108845e-08
3.0600000000e+00,9.6707253650e-01,-7.7145449868e-02,7.9646774350e+00,2.6493939539e-02,-2.8202229977e-01,1.3249939462e-02,7.0642157966e-01,-1.2882486453e-01,4.9306885135e-02,-1.5485890769e-02,9.2005366201e-04,3.0958654376e-02,9.9936050572e-01,-1.1283544438e-03,1.8049962273e-03,-3.5693814667e-02,8.4484871838e-01,-1.6284584684e-01,5.7313403320e-02,-1.6242837825e-02,1.1768802836e-03,2.9223845006e-02,9.9770221973e-01,-1.4654727348e-02,-4.5125459665e-02,-4.8365407158e-02,1.0000000000e+00,1.0000282030e-04,1.0000344700e-04,1.0000288193e-04,6.0817996522e-09,6.0856699872e-09,6.0790085554e-09,9.7048272190e-09,4.4048755457e-09,1.3390650852e-08
3.0650000000e+00,8.8869000266e-01,-7.7374868053e-02,8.2198038262e+00,2.3343717189e-02,-2.4835272066e-01,1.0820276959e-02,7.0635938926e-01,-1.2881989428e-01,4.9430072291e-02,-1.2436932244e-02,1.1699396864e-03,2.5073281264e-02,9.9936247034e-01,-1.0971003432e-03,1.1850189934e-03,-3.5665739513e-02,8.4477387662e-01,-1.6284174093e-01,5.7462088595e-02,-1.3644397064e-02,1.3972586959e-03,2.3673689892e-02,9.9767690872e-01,-1.4624420827e-02,-4.5731051442e-02,-4.8327870307e-02,1.0000000000e+00,1.0000282050e-04,1.0000344666e-04,1.0000288212e-04,6.0819776101e-09,6.0858940986e-09,6.0790046897e-09,9.7060326714e-09,4.4199474720e-09,1.3400359005e-08
3.0700000000e+00,8.2725638941e-01,9.4878809910e-03,8.3165382477e+00,1.6189555892e-02,-2.0936176073e-01,1.7381640526e-02,7.0630669452e-01,-1.2881545424e-01,4.9533100140e-02,-1.0567407368e-02,1.0220523601e-03,2.1028663801e-02,9.9936464272e-01,-1.0771522668e-03,6.6037187024e-04,-3.5619019299e-02,8.4470992262e-01,-1.6284276273e-01,5.7584881645e-02,-1.1628633755e-02,1.5804167137e-03,1.9212507207e-02,9.9765587372e-01,-1.4596009824e-02,-4.6240594256e-02,-4.8285831999e-02,1.0000000000e+00,1.0000282070e-04,1.0000344633e-04,1.0000288231e-04,6.0820842030e-09,6.0860225066e-09,6.0790047315e-09,9.7069390504e-09,4.4348780795e-09,1.3410206203e-08
3.0750000000e+00,7.2426247532e-01,3.2073990884e-02,8.4483048281e+00,1.0051996130e-02,-1.7067984855e-01,1.8460981732e-02,7.0626570580e-01,-1.2880875250e-01,4.9615613329e-02,-8.2296177903e-03,1.4763125164e-03,1.6908232325e-02,9.9936646024e-01,-1.0689901624e-03,2.2752886040e-04,-3.5573636963e-02,8.4465833765e-01,-1.6284167035e-01,5.7683463705e-02,-9.6527719420e-03,2.0003565783e-03,1.5195724730e-02,9.9763935815e-01,-1.4580549501e-02,-4.6646771943e-02,-4.8241033432e-02,1.0000000000e+00,1.0000282090e-04,1.0000344601e-04,1.0000288250e-04,6.0821852167e-09,6.0861111374e-09,6.0790052847e-09,9.7075454169e-09,4.4496893341e-09,1.3420364195e-08
3.0800000000e+00,6.2973940315e-01,-8.8347345666e-03,8.6292692804e+00,1.3203027551e-03,-1.3673234840e-01,1.3942290369e-02,7.0623646185e-01,-1.2879839129e-01,4.9678869993e-02,-5.8685754540e-03,2.2359122044e-03,1.3037928560e-02,9.9936784099e-01,-1.0758256807e-03,-1.1691567986e-04,-3.5535156144e-02,8.4461967548e-01,-1.6283444243e-01,5.7759332505e-02,-7.6798716141e-03,2.5771028654e-03,1.1605458816e-02,9.9762633972e-01,-1.4590001909e-02,-4.6960332984e-02,-4.8203166590e-02,1.0000000000e+00,1.0000282110e-04,1.0000344569e-04,1.0000288269e-04,6.0823160955e-09,6.0862384638e-09,6.0790051543e-09,9.7077452716e-09,4.4643487875e-09,1.3430782421e-08
3.0850000000e+00,5.0487914404e-01,-1.7310432491e-02,8.8295145860e+00,-5.8882783047e-03,-1.0550122458e-01,1.1067894603e-02,7.0621767816e-01,-1.2878457091e-01,4.9725396541e-02,-3.7561703493e-03,2.9688298323e-03,9.6733648320e-03,9.9936886197e-01,-1.0981321780e-03,-3.7974006433e-04,-3.5503910171e-02,8.4459317593e-01,-1.6282280175e-01,5.7814478109e-02,-5.9128246239e-03,3.2696850454e-03,8.5200050607e-03,9.9761669514e-01,-1.4616299604e-02,-4.7188860798e-02,-4.8171618016e-02,1.0000000000e+00,1.0000282130e-04,1.0000344539e-04,1.0000288288e-04,6.0824643547e-09,6.0863807082e-09,6.0790067799e-09,9.7075161216e-09,4.4788290011e-09,1.3441500292e-08
3.0900000000e+00,4.0886106718e-01,-7.7010071971e-02,8.9988323386e+00,-1.4788405656e-02,-7.3947486132e-02,2.5405095114e-02,7.0620581340e-01,-1.2876934449e-01,4.9760556478e-02,-2.3953977450e-03,3.1950091316e-03,7.3915855253e-03,9.9937098603e-01,-1.1418796442e-03,-5.6261192968e-04,-3.5440257677e-02,8.4457577417e-01,-1.6280884713e-01,5.7853529086e-02,-4.6292145020e-03,3.5924647534e-03,6.2380410158e-03,9.9761220987e-01,-1.4660142989e-02,-4.7334986732e-02,-4.8107774378e-02,1.0000000000e+00,1.0000282149e-04,1.0000344508e-04,1.0000288306e-04,6.0826149627e-09,6.0865233161e-09,6.0790087227e-09,9.7069121792e-09,4.4931156037e-09,1.3452431408e-08
3.0950000000e+00,3.1915864590e-01,-1.2519825346e-01,9.1405275677e+00,-2.1189597442e-02,-4.8101757264e-02,2.5805299561e-02,7.0620052850e-01,-1.2875217354e-01,4.9785594560e-02,-1.0774187237e-03,3.5830914101e-03,5.3549384219e-03,9.9937316406e-01,-1.2012664719e-03,-6.8033041152e-04,-3.5374751878e-02,8.4456661515e-01,-1.6279090350e-01,5.7879509683e-02,-3.5387827821e-03,3.8890077679e-03,4.3668602602e-03,9.9761093216e-01,-1.4721415640e-02,-4.7411139688e-02,-4.8040522280e-02,1.0000000000e+00,1.0000282170e-04,1.0000344479e-04,1.0000288324e-04,6.0827537677e-09,6.0866472683e-09,6.0790118609e-09,9.7059541112e-09,4.5072286387e-09,1.3463588935e-08
3.1000000000e+00,2.2053488192e-01,-1.8669885979e-01,9.2756245404e+00,-2.6215360942e-02,-2.6628099047e-02,2.2196507374e-02,7.0620049807e-01,-1.2873331866e-01,4.9802289464e-02,-1.1807240044e-05,3.9512256244e-03,3.6736385258e-03,9.9937500424e-01,-1.2709583311e-03,-7.4523802911e-04,-3.5318977569e-02,8.4456479931e-01,-1.6276860262e-01,5.7894524193e-02,-2.6937263177e-03,4.1389570450e-03,2.8589369040e-03,9.9761194527e-01,-1.4797764812e-02,-4.7428583101e-02,-4.7978769408e-02,1.0000000000e+00,1.0000282190e-04,1.0000344450e-04,1.0000288342e-04,6.0828875340e-09,6.0867524980e-09,6.0790165274e-09,9.7046934032e-09,4.5211730820e-09,1.3474986476e-08
3.1050000000e+00,1.6761247085e-01,-1.0287226601e-01,9.3589256003e+00,-2.8562933074e-02,-1.0318809092e-02,1.8461289095e-02,7.0620419661e-01,-1.2871335768e-01,4.9812457100e-02,7.5402893181e-04,4.2218760133e-03,2.3568505956e-03,9.9937643472e-01,-1.3461872046e-03,-7.6791085346e-04,-3.5275201277e-02,8.4456703050e-01,-1.6274795276e-01,5.7900902542e-02,-1.9992858019e-03,4.5827529044e-03,1.6156066258e-03,9.9761430434e-01,-1.4871685971e-02,-4.7403702486e-02,-4.7931427237e-02,1.0000000000e+00,1.0000282210e-04,1.0000344422e-04,1.0000288360e-04,6.0829753127e-09,6.0868411854e-09,6.0790215499e-09,9.7032228729e-09,4.5349933085e-09,1.3486582346e-08
3.1100000000e+00,1.2642637654e-01,-2.9028999118e-01,9.4092246531e+00,-3.6174668567e-02,4.9203686852e-03,3.2094196373e-02,7.0621142652e-01,-1.2869304266e-01,4.9816488918e-02,1.4417730583e-03,4.2313800417e-03,1.1250854533e-03,9.9937910880e-01,-1.4374591443e-03,-7.5051896360e-04,-3.5196126719e-02,8.4457431008e-01,-1.6272106473e-01,5.7900436834e-02,-1.4325111091e-03,4.4109987164e-03,4.7896601359e-04,9.9762015125e-01,-1.4972108261e-02,-4.7336441056e-02,-4.7844865406e-02,1.0000000000e+00,1.0000282230e-04,1.0000344394e-04,1.0000288378e-04,6.0830692165e-09,6.0868895515e-09,6.0790250250e-09,9.7015963490e-09,4.5486906938e-09,1.3498287103e-08
3.1150000000e+00,6.9333784025e-02,-1.5520542812e-01,9.5709588571e+00,-3.3847744480e-02,1.8317044774e-02,3.4782415993e-02,7.0622133486e-01,-1.2867471003e-01,4.9815505808e-02,1.9783243368e-03,3.8316525561e-03,1.1563346396e-04,9.9938196721e-01,-1.5202491368e-03,-7.0044694216e-04,-3.5112417185e-02,8.4458372887e-01,-1.6270129937e-01,5.7891842759e-02,-9.9607760691e-04,4.3882889000e-03,-2.8203436884e-04,9.9762780458e-01,-1.5052473245e-02,-4.7234432021e-02,-4.7760810493e-02,1.0000000000e+00,1.0000282250e-04,1.0000344367e-04,1.0000288395e-04,6.0831746702e-09,6.0870363281e-09,6.0790296356e-09,9.6996169843e-09,4.5622301145e-09,1.3510116548e-08
3.1200000000e+00,-2.6686680212e-02,-2.0568827870e-01,9.5979927217e+00,-3.7296761187e-02,2.4757932639e-02,2.9750107260e-02,7.0623193302e-01,-1.2865502567e-01,4.9812223728e-02,2.1260033939e-03,4.1324430847e-03,-3.4901730545e-04,9.9938442890e-01,-1.6104048526e-03,-6.3137354023e-04,-3.5039566586e-02,8.4459655572e-01,-1.6267801375e-01,5.7879786900e-02,-9.3206648274e-04,4.4863962339e-03,-8.2529372890e-04,9.9763572540e-01,-1.5147552893e-02,-4.7113640611e-02,-4.7684545949e-02,1.0000000000e+00,1.0000282271e-04,1.0000344340e-04,1.0000288413e-04,6.0832400880e-09,6.0870498653e-09,6.0790362164e-09,9.6976119781e-09,4.5756849388e-09,1.3522200795e-08
3.1250000000e+00,1.5513743583e-02,-9.6703803654e-02,9.5966517221e+00,-3.6734917219e-02,3.0479302507e-02,2.5166843383e-02,7.0624212752e-01,-1.2863475596e-01,4.9807831541e-02,2.0579685661e-03,4.2997662702e-03,-5.7393659765e-04,9.9938641641e-01,-1.7024591899e-03,-5.5005099751e-04,-3.4979848202e-02,8.4460800706e-01,-1.6265800251e-01,5.7865833552e-02,-8.4093376798e-04,4.8340954676e-03,-1.1748416994e-03,9.9764346722e-01,-1.5232393308e-02,-4.6981496449e-02,-4.7625891124e-02,1.0000000000e+00,1.0000282291e-04,1.0000344314e-04,1.0000288430e-04,6.0832592622e-09,6.0870912363e-09,6.0790371506e-09,9.6955586822e-09,4.5890987299e-09,1.3534304827e-08
3.1300000000e+00,-5.5195040642e-02,-1.5118326784e-01,9.7103915469e+00,-4.4283635511e-02,3.4545679022e-02,3.6376385919e-02,7.0625139325e-01,-1.2861466315e-01,4.9800497122e-02,1.8534269651e-03,4.1952978113e-03,-1.1609571929e-03,9.9938946705e-01,-1.8125511359e-03,-4.5898481398e-04,-3.4888352455e-02,8.4461992308e-01,-1.6263759900e-01,5.7848271875e-02,-1.0926551336e-03,4.8240635704e-03,-1.4568554134e-03,9.9765270176e-01,-1.5333905897e-02,-4.6837101702e-02,-4.7542022583e-02,1.0000000000e+00,1.0000282312e-04,1.0000344288e-04,1.0000288447e-04,6.0833396852e-09,6.0871721246e-09,6.0790413973e-09,9.6933184705e-09,4.6023946220e-09,1.3546505409e-08
3.1350000000e+00,-6.8627389135e-02,-2.0460817614e-01,9.7722487770e+00,-5.0052727464e-02,3.5910771677e-02,3.7840263668e-02,7.0626011247e-01,-1.2859464514e-01,4.9792068705e-02,1.7411942083e-03,4.1712041456e-03,-1.3800008085e-03,9.9939250132e-01,-1.9313885489e-03,-3.6374749593e-04,-3.4796059269e-02,8.4463153837e-01,-1.6261534173e-01,5.7828572404e-02,-1.3011014947e-03,4.7116189895e-03,-1.5791542230e-03,9.9766220521e-01,-1.5453564016e-02,-4.6686279037e-02,-4.7452112767e-02,1.0000000000e+00,1.0000282332e-04,1.0000344262e-04,1.0000288464e-04,6.0834201166e-09,6.0872585455e-09,6.0790439203e-09,9.6908482396e-09,4.6155796534e-09,1.3558736496e-08
3.1400000000e+00,-6.4131342751e-02,-1.9724570844e-01,9.7914202560e+00,-4.7962128075e-02,3.7327112327e-02,3.3554474157e-02,7.0626788382e-01,-1.2857491167e-01,4.9783704610e-02,1.5557809164e-03,4.1390318902e-03,-1.3662799155e-03,9.9939514725e-01,-2.0514310713e-03,-2.6791629661e-04,-3.4713967113e-02,8.4464215048e-01,-1.6259339857e-01,5.7808332209e-02,-1.4828542653e-03,4.6669758288e-03,-1.5803614527e-03,9.9767143279e-01,-1.5567762457e-02,-4.6531963738e-02,-4.7372284259e-02,1.0000000000e+00,1.0000282352e-04,1.0000344235e-04,1.0000288481e-04,6.0834693826e-09,6.0873182837e-09,6.0790447862e-09,9.6882348699e-09,4.6286907165e-09,1.3570964269e-08
3.1450000000e+00,-6.0027593033e-02,-4.4392774578e-02,9.7435030093e+00,-4.8197886835e-02,3.6162113038e-02,2.8868538251e-02,7.0627425994e-01,-1.2855569534e-01,4.9776214875e-02,1.2836543949e-03,4.0800809515e-03,-1.1886727995e-03,9.9939735325e-01,-2.1668430903e-03,-1.7410684434e-04,-3.4643972026e-02,8.4465015349e-01,-1.6257745188e-01,5.7788633708e-02,-1.6682702012e-03,4.9109551389e-03,-1.5730309888e-03,9.9767959993e-01,-1.5670253833e-02,-4.6382509971e-02,-4.7313019355e-02,1.0000000000e+00,1.0000282373e-04,1.0000344209e-04,1.0000288498e-04,6.0834480610e-09,6.0873020583e-09,6.0790455799e-09,9.6857050516e-09,4.6418075971e-09,1.3583278024e-08
3.1500000000e+00,-1.9414090174e-02,-1.1519847476e-01,9.8020962853e+00,-5.3246968009e-02,3.3480684064e-02,3.7490472986e-02,7.0627718779e-01,-1.2853806276e-01,4.9766997886e-02,5.7753485554e-04,3.6836393527e-03,-1.5305118692e-03,9.9940042303e-01,-2.2987076462e-03,-8.5323979022e-05,-3.4547114437e-02,8.4465523975e-01,-1.6256265552e-01,5.7768601628e-02,-2.1095521966e-03,4.6274164841e-03,-1.6519929412e-03,9.9768790814e-01,-1.5781576689e-02,-4.6243920362e-02,-4.7236422653e-02,1.0000000000e+00,1.0000282394e-04,1.0000344183e-04,1.0000288515e-04,6.0834928414e-09,6.0873866837e-09,6.0790434627e-09,9.6830244818e-09,4.6548501147e-09,1.3595416733e-08
3.1550000000e+00,-3.8912312940e-02,-1.7690836736e-01,9.8407085871e+00,-5.4691152215e-02,3.2536133570e-02,3.7914620830e-02,7.0627912333e-01,-1.2852120273e-01,4.9757531202e-02,3.7535803308e-04,3.5095747589e-03,-1.5786326379e-03,9.9940343017e-01,-2.4362533521e-03,-2.8192437777e-06,-3.4450666466e-02,8.4465957280e-01,-1.6254623428e-01,5.7747573636e-02,-2.4561146042e-03,4.3005486781e-03,-1.6367386664e-03,9.9769633451e-01,-1.5902893640e-02,-4.6104346800e-02,-4.7154122628e-02,1.0000000000e+00,1.0000282414e-04,1.0000344156e-04,1.0000288532e-04,6.0835473288e-09,6.0874457818e-09,6.0790432591e-09,9.6801619112e-09,4.6678161859e-09,1.3607550880e-08
3.1600000000e+00,-6.4870394535e-02,-1.7725393943e-01,9.9107923503e+00,-5.5165260222e-02,2.8055738561e-02,3.6310895557e-02,7.0628061515e-01,-1.2850492427e-01,4.9748857982e-02,2.8906983969e-04,3.4078903784e-03,-1.4173536670e-03,9.9940606377e-01,-2.5712577718e-03,7.3325620059e-05,-3.4364268726e-02,8.4466342690e-01,-1.6252978220e-01,5.7725720637e-02,-2.7015819028e-03,4.1240161808e-03,-1.4002256949e-03,9.9770422738e-01,-1.6029116850e-02,-4.5972568943e-02,-4.7072975152e-02,1.0000000000e+00,1.0000282434e-04,1.0000344129e-04,1.0000288549e-04,6.0836145195e-09,6.0875252109e-09,6.0790449810e-09,9.6770746562e-09,4.6806876626e-09,1.3619724274e-08
3.1650000000e+00,-7.5642891061e-02,-8.7082406786e-03,9.7824472338e+00,-5.1363687722e-02,2.4717779800e-02,2.9605049067e-02,7.0628149382e-01,-1.2848935115e-01,4.9741642164e-02,1.7140700837e-04,3.3008198403e-03,-1.1214917570e-03,9.9940830420e-01,-2.6977738638e-03,1.4334145365e-04,-3.4289108519e-02,8.4466496753e-01,-1.6251970872e-01,5.7705789820e-02,-2.8307920180e-03,4.3151310718e-03,-1.3887030949e-03,9.9771085051e-01,-1.6134126312e-02,-4.5849875043e-02,-4.7016355749e-02,1.0000000000e+00,1.0000282455e-04,1.0000344104e-04,1.0000288566e-04,6.0835518743e-09,6.0874203239e-09,6.0790474400e-09,9.6742730407e-09,4.6936184843e-09,1.3632116753e-08
3.1700000000e+00,-1.5384022164e-03,-5.6857271212e-02,9.8727121850e+00,-5.8273607282e-02,2.2255213056e-02,3.9160246447e-02,7.0627853508e-01,-1.2847628034e-01,4.9732718790e-02,-6.0779158340e-04,2.7188700095e-03,-1.4602835029e-03,9.9941119752e-01,-2.8403549331e-03,2.0470496429e-04,-3.4192817141e-02,8.4466285023e-01,-1.6251287962e-01,5.7685515394e-02,-3.2316694256e-03,3.9385672520e-03,-1.3975656685e-03,9.9771749564e-01,-1.6248813414e-02,-4.5739672296e-02,-4.6943128716e-02,1.0000000000e+00,1.0000282476e-04,1.0000344077e-04,1.0000288583e-04,6.0835977511e-09,6.0875290964e-09,6.0790444783e-09,9.6712864334e-09,4.7064702971e-09,1.3644254161e-08
3.1750000000e+00,-1.2021766720e-02,-1.5405410793e-01,9.9006133405e+00,-5.9210145864e-02,1.9212722516e-02,3.9196549087e-02,7.0627524933e-01,-1.2846451237e-01,4.9723640610e-02,-6.7594093884e-04,2.4280180366e-03,-1.4899470100e-03,9.9941404430e-01,-2.9873942464e-03,2.5834277759e-04,-3.4096580249e-02,8.4466054870e-01,-1.6250377722e-01,5.7664606166e-02,-3.4690130326e-03,3.4330084908e-03,-1.3609045773e-03,9.9772406082e-01,-1.6374807662e-02,-4.5633208207e-02,-4.6863359261e-02,1.0000000000e+00,1.0000282496e-04,1.0000344049e-04,1.0000288600e-04,6.0836517437e-09,6.0875918509e-09,6.0790424666e-09,9.6680976850e-09,4.7192468459e-09,1.3656352393e-08
3.1800000000e+00,-5.1876412640e-02,-1.5297915585e-01,9.9217004834e+00,-5.7754636908e-02,1.7884880734e-02,3.4831532024e-02,7.0627250543e-01,-1.2845360707e-01,4.9715448962e-02,-5.6568180551e-04,2.2554321294e-03,-1.3103876610e-03,9.9941658535e-01,-3.1301229941e-03,3.0578162240e-04,-3.4008789517e-02,8.4465878233e-01,-1.6249473422e-01,5.7643327869e-02,-3.5713750797e-03,3.1455175617e-03,-1.2031933742e-03,9.9773029810e-01,-1.6501914793e-02,-4.5525912238e-02,-4.6790280818e-02,1.0000000000e+00,1.0000282516e-04,1.0000344023e-04,1.0000288617e-04,6.0836901833e-09,6.0876102673e-09,6.0790440664e-09,9.6648242345e-09,4.7319654429e-09,1.3668565142e-08
3.1850000000e+00,-6.6733069076e-02,1.3382533888e-02,9.8816906361e+00,-5.3534918273e-02,1.5955253836e-02,3.2717911304e-02,7.0627010680e-01,-1.2844365910e-01,4.9708717765e-02,-4.9289026024e-04,2.0804763590e-03,-1.0140562464e-03,9.9941880782e-01,-3.2623995282e-03,3.4840823367e-04,-3.3930545849e-02,8.4465573837e-01,-1.6249227515e-01,5.7622737829e-02,-3.5537940473e-03,3.2546850282e-03,-1.0509688451e-03,9.9773605997e-01,-1.6607807526e-02,-4.5423222516e-02,-4.6729714619e-02,1.0000000000e+00,1.0000282537e-04,1.0000343997e-04,1.0000288634e-04,6.0836667752e-09,6.0875701334e-09,6.0790479646e-09,9.6616654308e-09,4.7446961040e-09,1.3680958698e-08
3.1900000000e+00,1.7333053687e-02,-3.9122553954e-02,9.8764358273e+00,-6.0435270625e-02,1.2053635924e-02,3.5789917602e-02,7.0626267238e-01,-1.2843621721e-01,4.9701852990e-02,-1.5082839011e-03,1.5153700705e-03,-1.0387442403e-03,9.9942129145e-01,-3.4121124037e-03,3.8213339187e-04,-3.3842187622e-02,8.4464884628e-01,-1.6249287881e-01,5.7604575244e-02,-4.0061793616e-03,2.8393695236e-03,-9.9819385314e-04,9.9774078684e-01,-1.6723975324e-02,-4.5340113904e-02,-4.6668029600e-02,1.0000000000e+00,1.0000282558e-04,1.0000343971e-04,1.0000288651e-04,6.0836747631e-09,6.0876107066e-09,6.0790442350e-09,9.6585300078e-09,4.7573970287e-09,1.3693096830e-08
3.1950000000e+00,4.2554273999e-02,-2.5266683335e-02,9.8143534625e+00,-6.1422078625e-02,9.0280819084e-03,4.1821646457e-02,7.0625348762e-01,-1.2843383012e-01,4.9698407392e-02,-1.8678643093e-03,4.2765485209e-04,-3.5100904068e-04,9.9942431394e-01,-3.5693883764e-03,4.1083241124e-04,-3.3736202910e-02,8.4463855116e-01,-1.6250044224e-01,5.7587980807e-02,-4.3364105364e-03,2.0368149129e-03,-6.7664675710e-04,9.9774563711e-01,-1.6832973620e-02,-4.5264667908e-02,-4.6598331197e-02,1.0000000000e+00,1.0000282578e-04,1.0000343944e-04,1.0000288668e-04,6.0836497392e-09,6.0875808679e-09,6.0790416302e-09,9.6554647501e-09,4.7701033968e-09,1.3705214329e-08
3.2000000000e+00,3.9381890160e-02,-7.0992020029e-02,9.8816429037e+00,-6.1202494969e-02,6.9049835033e-03,3.5642294221e-02,7.0624516037e-01,-1.2843095124e-01,4.9694193128e-02,-1.6965877312e-03,5.1954840469e-04,-5.0029347719e-04,9.9942676147e-01,-3.7213094450e-03,4.3427254167e-04,-3.3646867807e-02,8.4462936032e-01,-1.6250442914e-01,5.7571461920e-02,-4.3847405086e-03,1.6992852712e-03,-5.0784186662e-04,9.9774996121e-01,-1.6957475285e-02,-4.5190200252e-02,-4.6532834963e-02,1.0000000000e+00,1.0000282599e-04,1.0000343917e-04,1.0000288685e-04,6.0836917865e-09,6.0876374239e-09,6.0790401111e-09,9.6522112715e-09,4.7827640907e-09,1.3717304791e-08
3.2050000000e+00,-1.8764147120e-02,9.8808706368e-02,9.8278707752e+00,-5.4828776607e-02,6.3487775441e-03,3.0322074647e-02,7.0623814475e-01,-1.2842801255e-01,4.9690232799e-02,-1.4320098473e-03,5.3530759018e-04,-4.4334670463e-04,9.9942893386e-01,-3.8616785004e-03,4.5502094574e-04,-3.3566151877e-02,8.4462026349e-01,-1.6251361214e-01,5.7555024367e-02,-4.3118586402e-03,1.9183204520e-03,-5.3210195250e-04,9.9775387767e-01,-1.7058407835e-02,-4.5114752091e-02,-4.6485153033e-02,1.0000000000e+00,1.0000282619e-04,1.0000343892e-04,1.0000288702e-04,6.0836611813e-09,6.0875645531e-09,6.0790469277e-09,9.6491213713e-09,4.7954535389e-09,1.3729660600e-08
3.2100000000e+00,-4.3774563611e-03,1.8736066563e-02,9.8055985564e+00,-6.8012835900e-02,4.5231373381e-03,3.7727842805e-02,7.0623187301e-01,-1.2842145475e-01,4.9688658413e-02,-1.2816092924e-03,1.2418950246e-03,3.2340152798e-05,9.9943147669e-01,-4.0293941752e-03,4.7109484927e-04,-3.3470366668e-02,8.4461272019e-01,-1.6251601786e-01,5.7540200979e-02,-4.1717094462e-03,2.2777011112e-03,-2.8856666941e-04,9.9775807802e-01,-1.7205551346e-02,-4.5040833858e-02,-4.6412390892e-02,1.0000000000e+00,1.0000282640e-04,1.0000343867e-04,1.0000288719e-04,6.0836541555e-09,6.0875217263e-09,6.0790464675e-09,9.6461376812e-09,4.8081550225e-09,1.3742080993e-08
3.2150000000e+00,4.6522599157e-03,-4.0171406374e-02,9.7235685885e+00,-7.4507832274e-02,2.6988901649e-03,5.2684584646e-02,7.0622382280e-01,-1.2841838989e-01,4.9690742001e-02,-1.6403174055e-03,4.7185087265e-04,7.7176587092e-04,9.9943512111e-01,-4.2108451899e-03,4.8698227294e-04,-3.3338721018e-02,8.4460360468e-01,-1.6252201419e-01,5.7528562712e-02,-4.3112115682e-03,1.8324395017e-03,1.0149400344e-04,9.9776316951e-01,-1.7358545626e-02,-4.4974235455e-02,-4.6310437298e-02,1.0000000000e+00,1.0000282661e-04,1.0000343843e-04,1.0000288737e-04,6.0836188170e-09,6.0874245136e-09,6.0790436990e-09,9.6434453906e-09,4.8208645833e-09,1.3754559892e-08
3.2200000000e+00,5.1844009410e-02,-1.3454473671e-02,9.6507311441e+00,-7.3759014050e-02,2.6572949767e-03,6.2569460431e-02,7.0621421672e-01,-1.2841934431e-01,4.9695259673e-02,-1.9546519775e-03,-4.1140838088e-04,1.2702688167e-03,9.9943940838e-01,-4.3957130733e-03,5.0305122827e-04,-3.3185744270e-02,8.4459200733e-01,-1.6253406165e-01,5.7520111946e-02,-4.4452591353e-03,1.1641458393e-03,4.2223511632e-04,9.9776911410e-01,-1.7502463223e-02,-4.4911049478e-02,-4.6189353305e-02,1.0000000000e+00,1.0000282681e-04,1.0000343819e-04,1.0000288754e-04,6.0835704782e-09,6.0873463296e-09,6.0790408170e-09,9.6409827222e-09,4.8336124396e-09,1.3767015685e-08
3.2250000000e+00,1.2136888925e-01,1.8195690914e-01,9.6542799233e+00,-7.1577881756e-02,4.1515746917e-03,6.5833028156e-02,7.0620361060e-01,-1.2842434050e-01,4.9700927241e-02,-2.1582013698e-03,-1.3035766493e-03,1.5147026413e-03,9.9944400788e-01,-4.5768218904e-03,5.1954295702e-04,-3.3022081900e-02,8.4457678793e-01,-1.6255815134e-01,5.7513032496e-02,-4.4488350487e-03,7.3297137336e-04,7.0422683116e-04,9.9777514811e-01,-1.7622947468e-02,-4.4848959329e-02,-4.6073380500e-02,1.0000000000e+00,1.0000282702e-04,1.0000343794e-04,1.0000288771e-04,6.0835448728e-09,6.0873762931e-09,6.0790437600e-09,9.6384852660e-09,4.8463765658e-09,1.3779318301e-08
3.2300000000e+00,1.0655685144e-01,5.6574207124e-02,9.6448256065e+00,-8.3577294637e-02,1.6312935190e-03,5.8673654534e-02,7.0619559856e-01,-1.2842581449e-01,4.9705897529e-02,-1.6322170474e-03,-5.5345127198e-04,1.3667678903e-03,9.9944785496e-01,-4.7819627728e-03,5.3389188901e-04,-3.2876024841e-02,8.4456535916e-01,-1.6257245019e-01,5.7507003100e-02,-4.1778605086e-03,7.8306877803e-04,7.1127452231e-04,9.9778009778e-01,-1.7798913118e-02,-4.4786362950e-02,-4.5959295760e-02,1.0000000000e+00,1.0000282723e-04,1.0000343770e-04,1.0000288789e-04,6.0835486679e-09,6.0873645753e-09,6.0790408825e-09,9.6359589677e-09,4.8591553677e-09,1.3791645019e-08
3.2350000000e+00,7.4004352341e-02,1.4330918460e-02,9.6278984395e+00,-8.6854425479e-02,2.8746608034e-03,5.8484944377e-02,7.0618811209e-01,-1.2842733183e-01,4.9710857903e-02,-1.5247929777e-03,-5.6865610713e-04,1.3656945191e-03,9.9945149518e-01,-4.9984654423e-03,5.5000741971e-04,-3.2732577341e-02,8.4455552665e-01,-1.6258545945e-01,5.7501288816e-02,-4.0718407498e-03,7.2200560091e-04,6.7705055795e-04,9.9778502902e-01,-1.7984846397e-02,-4.4720024107e-02,-4.5844308415e-02,1.0000000000e+00,1.0000282744e-04,1.0000343746e-04,1.0000288806e-04,6.0835501063e-09,6.0873178565e-09,6.0790396862e-09,9.6335580755e-09,4.8719156853e-09,1.3804077647e-08
3.2400000000e+00,9.8606558207e-02,-4.8672527635e-03,9.6449945637e+00,-8.7748409948e-02,3.7042431700e-03,5.7419120939e-02,7.0618063256e-01,-1.2843085420e-01,4.9715594906e-02,-1.5235818196e-03,-1.0055279771e-03,1.3274201954e-03,9.9945510295e-01,-5.2164207399e-03,5.6931673543e-04,-3.2587758617e-02,8.4454540302e-01,-1.6260057393e-01,5.7495357655e-02,-3.9855152950e-03,3.9852363305e-04,6.7924380432e-04,9.9778972885e-01,-1.8168665527e-02,-4.4653205244e-02,-4.5734536876e-02,1.0000000000e+00,1.0000282764e-04,1.0000343722e-04,1.0000288824e-04,6.0835713418e-09,6.0873355963e-09,6.0790377589e-09,9.6311354025e-09,4.8846260651e-09,1.3816481774e-08
3.2450000000e+00,2.0687346888e-01,-2.6340037540e-02,9.6920830129e+00,-8.6705211567e-02,4.0045663274e-03,5.6950463525e-02,7.0617333726e-01,-1.2843733566e-01,4.9719571646e-02,-1.4887255237e-03,-1.6482245515e-03,1.1850978033e-03,9.9945868545e-01,-5.4282430655e-03,5.9210967265e-04,-3.2442559402e-02,8.4453413210e-01,-1.6261891879e-01,5.7489369559e-02,-3.7294405876e-03,-1.6974361779e-04,7.0601292528e-04,9.9779416176e-01,-1.8346287651e-02,-4.4590064787e-02,-4.5628397043e-02,1.0000000000e+00,1.0000282785e-04,1.0000343696e-04,1.0000288841e-04,6.0836232099e-09,6.0874718246e-09,6.0790321062e-09,9.6284101622e-09,4.8972502216e-09,1.3828549390e-08
3.2500000000e+00,1.6238963027e-01,-1.3065245440e-01,9.5866896765e+00,-8.0590054798e-02,9.1873848625e-03,4.7742639697e-02,7.0616911902e-01,-1.2844375121e-01,4.9727714123e-02,-8.6856289953e-04,-1.5334336224e-03,2.0145361784e-03,9.9946139365e-01,-5.6318034682e-03,6.2377083159e-04,-3.2323618207e-02,8.4452712111e-01,-1.6263179714e-01,5.7486021135e-02,-3.3364401642e-03,-5.1929563278e-04,1.0137260710e-03,9.9779885418e-01,-1.8524618279e-02,-4.4509453164e-02,-4.5532336894e-02,1.0000000000e+00,1.0000282805e-04,1.0000343671e-04,1.0000288859e-04,6.0835993055e-09,6.0873795877e-09,6.0790286078e-09,9.6258513870e-09,4.9099069944e-09,1.3840741831e-08
3.2550000000e+00,1.6922818849e-01,-4.8827360287e-02,9.5598923849e+00,-7.6606203178e-02,1.1759605157e-02,4.9602135162e-02,7.0616420759e-01,-1.2845419936e-01,4.9736861367e-02,-1.0090728189e-03,-2.3317291533e-03,2.2239352505e-03,9.9946412575e-01,-5.8208027823e-03,6.6350702282e-04,-3.2204647846e-02,8.4451948095e-01,-1.6265244475e-01,5.7484673209e-02,-3.2320915124e-03,-9.7965688385e-04,1.2053885049e-03,9.9780378901e-01,-1.8679909398e-02,-4.4427974810e-02,-4.5440231953e-02,1.0000000000e+00,1.0000282826e-04,1.0000343647e-04,1.0000288876e-04,6.0835720869e-09,6.0873233514e-09,6.0790290426e-09,9.6234979781e-09,4.9225714030e-09,1.3852964115e-08
3.2600000000e+00,1.2320870765e-01,-5.4638392498e-02,9.5961560967e+00,-7.1848364012e-02,1.7105403076e-02,5.1587344741e-02,7.0615871169e-01,-1.2846913696e-01,4.9744692673e-02,-1.1309105082e-03,-3.2729290158e-03,1.9741329838e-03,9.9946705750e-01,-5.9947701345e-03,7.0972780269e-04,-3.2080523630e-02,8.4451180079e-01,-1.6267839302e-01,5.7482805396e-02,-3.3587338813e-03,-1.7275022252e-03,1.1917317701e-03,9.9780965100e-01,-1.8816333549e-02,-4.4333920136e-02,-4.5346989793e-02,1.0000000000e+00,1.0000282847e-04,1.0000343624e-04,1.0000288894e-04,6.0835874668e-09,6.0873061268e-09,6.0790312090e-09,9.6212050965e-09,4.9351937050e-09,1.3865317389e-08
3.2650000000e+00,3.0007277622e-01,-3.2795986675e-01,9.6618114612e+00,-6.4734321998e-02,1.7722733735e-02,4.9846978104e-02,7.0615375417e-01,-1.2848834040e-01,4.9749543876e-02,-1.0305555269e-03,-4.1918491371e-03,1.3928331985e-03,9.9947011471e-01,-6.1531980611e-03,7.6059018420e-04,-3.1953864622e-02,8.4450403153e-01,-1.6269992972e-01,5.7480679707e-02,-3.0604280252e-03,-3.1321633248e-03,1.0103705837e-03,9.9781575634e-01,-1.8952065934e-02,-4.4242392886e-02,-4.5245400612e-02,1.0000000000e+00,1.0000282867e-04,1.0000343596e-04,1.0000288911e-04,6.0836865301e-09,6.0874935404e-09,6.0790205461e-09,9.6184496204e-09,4.9476842691e-09,1.3877124761e-08
3.2700000000e+00,1.4398369002e-01,-1.6918558082e-01,9.6340982828e+00,-4.0680412757e-02,2.5336065203e-02,4.0521765897e-02,7.0615785894e-01,-1.2851193272e-01,4.9759644328e-02,7.8999103341e-04,-4.9492208012e-03,2.4430967478e-03,9.9947264359e-01,-6.2512005729e-03,8.3011081114e-04,-3.1853855581e-02,8.4450272519e-01,-1.6272820804e-01,5.7476831081e-02,-2.1021570707e-03,-3.8038225272e-03,1.4858562716e-03,9.9782359633e-01,-1.9026030972e-02,-4.4117793071e-02,-4.5163050107e-02,1.0000000000e+00,1.0000282888e-04,1.0000343572e-04,1.0000288929e-04,6.0836843769e-09,6.0874264380e-09,6.0790247111e-09,9.6156796550e-09,4.9601620441e-09,1.3889419187e-08
3.2750000000e+00,1.1187778092e-01,-2.0199478148e-02,9.6619358888e+00,-2.6240276034e-02,3.1730550433e-02,3.9566079560e-02,7.0616302215e-01,-1.2854204758e-01,4.9769998874e-02,9.9840060979e-04,-6.2588861961e-03,2.5095759280e-03,9.9947540152e-01,-6.3101766084e-03,9.1508998043e-04,-3.1753205173e-02,8.4450270889e-01,-1.6276981851e-01,5.7474365502e-02,-1.6356509895e-03,-4.5635784861e-03,1.7517938700e-03,9.9783216153e-01,-1.9041781002e-02,-4.3984784110e-02,-4.5096859711e-02,1.0000000000e+00,1.0000282909e-04,1.0000343549e-04,1.0000288947e-04,6.0836859037e-09,6.0874105059e-09,6.0790307404e-09,9.6130484211e-09,4.9726063673e-09,1.3901881971e-08
3.2800000000e+00,7.2240930868e-02,3.9066142776e-02,9.7504403700e+00,-1.4683289698e-02,3.7940768026e-02,4.2158134401e-02,7.0616825791e-01,-1.2857829098e-01,4.9777091056e-02,1.0030607312e-03,-7.5566154949e-03,1.8771342263e-03,9.9947842897e-01,-6.3450203904e-03,1.0108732083e-03,-3.1647888850e-02,8.4450322491e-01,-1.6282115266e-01,5.7470533490e-02,-1.5264398998e-03,-5.5210817385e-03,1.6338333045e-03,9.9784195060e-01,-1.9015510112e-02,-4.3840300636e-02,-4.5031989094e-02,1.0000000000e+00,1.0000282930e-04,1.0000343525e-04,1.0000288965e-04,6.0837382229e-09,6.0874710926e-09,6.0790377484e-09,9.6103258557e-09,4.9849616979e-09,1.3914449743e-08
3.2850000000e+00,6.5262234360e-01,-5.1400820082e-02,1.0718920345e+01,-8.1877984069e-03,4.0572776283e-02,4.2363347542e-02,7.0617497644e-01,-1.2861993848e-01,4.9778920058e-02,1.2833230200e-03,-8.7299957719e-03,8.4396569544e-04,9.9948159485e-01,-6.3637808275e-03,1.1132736213e-03,-3.1540521089e-02,8.4449887643e-01,-1.6287846104e-01,5.7457959687e-02,-3.5908259750e-04,-6.8088832209e-03,2.9574268628e-03,9.9785141677e-01,-1.8970908167e-02,-4.3707239796e-02,-4.4970344557e-02,1.0000000000e+00,1.0000282949e-04,1.0000343483e-04,1.0000288981e-04,6.0844094874e-09,6.0890087750e-09,6.0790206784e-09,9.6039368872e-09,4.9964229922e-09,1.3924526335e-08
3.2900000000e+00,-2.8008912311e-01,-9.1889191594e-02,1.0834268198e+01,-1.5490083805e-02,7.3735362998e-02,4.0778590276e-02,7.0622819878e-01,-1.2865920242e-01,4.9784052489e-02,1.0622062883e-02,-8.0373333766e-03,1.4447884428e-03,9.9948451053e-01,-6.3958876114e-03,1.2964830574e-03,-3.1434454975e-02,8.4453362495e-01,-1.6292007546e-01,5.7430442080e-02,3.9477779962e-03,-6.8005313582e-03,3.9076618630e-03,9.9786947319e-01,-1.8987818278e-02,-4.3384119787e-02,-4.4875331653e-02,1.0000000000e+00,1.0000282969e-04,1.0000343456e-04,1.0000288998e-04,6.0847096947e-09,6.0890159132e-09,6.0790509468e-09,9.5964152817e-09,5.0075118448e-09,1.3937275542e-08
3.2950000000e+00,-6.5690749485e-01,-1.8322293262e-01,1.0759493938e+01,-2.3526165664e-02,1.0152623006e-01,5.2171030948e-02,7.0629855517e-01,-1.2870202623e-01,4.9792851315e-02,1.4065215836e-02,-8.6894992367e-03,2.1642894121e-03,9.9948789392e-01,-6.4513014299e-03,1.5530247477e-03,-3.1303653619e-02,8.4459216289e-01,-1.6296189773e-01,5.7406608080e-02,7.0068533259e-03,-7.3134955801e-03,4.5145125412e-03,9.9789176225e-01,-1.9019891764e-02,-4.2982830544e-02,-4.4752104226e-02,1.0000000000e+00,1.0000282990e-04,1.0000343437e-04,1.0000289014e-04,6.0847747691e-09,6.0886748453e-09,6.0790935429e-09,9.5898910448e-09,5.0184526711e-09,1.3951570932e-08
3.3000000000e+00,-8.5163701203e-01,-2.0483630994e-01,1.0693127931e+01,-3.0341745915e-02,1.2030042925e-01,6.2717480079e-02,7.0637197753e-01,-1.2875184439e-01,4.9802654778e-02,1.4680368055e-02,-1.0099128203e-02,2.3753680695e-03,9.9949187104e-01,-6.5191315318e-03,1.8582198118e-03,-3.1145588323e-02,8.4466156228e-01,-1.6301170813e-01,5.7388173027e-02,8.2242513010e-03,-8.3864811264e-03,4.7218803564e-03,9.9791607388e-01,-1.9053677923e-02,-4.2548014603e-02,-4.4610910222e-02,1.0000000000e+00,1.0000283011e-04,1.0000343422e-04,1.0000289031e-04,6.0847550729e-09,6.0883564094e-09,6.0791319132e-09,9.5845422836e-09,5.0293444591e-09,1.3966686997e-08
3.3050000000e+00,1.0433216889e+00,-1.1641252787e+00,1.3922778679e+01,-3.1014824364e-02,1.2806733134e-01,6.8651001856e-02,7.0644159369e-01,-1.2880806430e-01,4.9810023126e-02,1.3908918682e-02,-1.1410237538e-02,1.9116836133e-03,9.9949616470e-01,-6.5847581074e-03,2.1818891406e-03,-3.0972521080e-02,8.4471946721e-01,-1.6304611676e-01,5.7354431516e-02,1.1235963730e-02,-1.1532739236e-02,1.1213599889e-02,9.9793864946e-01,-1.9134047992e-02,-4.2167355785e-02,-4.4432580613e-02,1.0000000000e+00,1.0000283025e-04,1.0000343340e-04,1.0000289042e-04,6.0874422967e-09,6.0937415857e-09,6.0790423628e-09,9.5661276625e-09,5.0368085545e-09,1.3972843838e-08
3.3100000000e+00,-6.8367291733e-01,-7.5598051499e-01,1.3073705972e+01,-5.8461965442e-02,2.2355279009e-01,1.0630420241e-01,7.0659164677e-01,-1.2889474072e-01,4.9862396172e-02,3.0030686726e-02,-1.7379042200e-02,1.0898461161e-02,9.9950205007e-01,-6.7105798435e-03,2.7496098539e-03,-3.0709276653e-02,8.4484009558e-01,-1.6310426121e-01,5.7321392148e-02,1.9105501958e-02,-1.5374018103e-02,1.7248909255e-02,9.9798402816e-01,-1.9234975059e-02,-4.1333469744e-02,-4.4152457977e-02,1.0000000000e+00,1.0000283043e-04,1.0000343294e-04,1.0000289055e-04,6.0876811935e-09,6.0933336958e-09,6.0791129970e-09,9.5466294354e-09,5.0437376841e-09,1.3984502676e-08
3.3150000000e+00,-1.6994014141e+00,-3.9510825030e-02,1.1943211439e+01,-7.2461499870e-02,2.9959770738e-01,1.3718048509e-01,7.0677121414e-01,-1.2899920808e-01,4.9945125762e-02,3.5949796756e-02,-2.0926089911e-02,1.7031929958e-02,9.9950900385e-01,-6.8683326299e-03,3.5048658437e-03,-3.0369279773e-02,8.4499933023e-01,-1.6320650387e-01,5.7326845890e-02,2.4159853124e-02,-1.7560742391e-02,2.0927897891e-02,9.9803848822e-01,-1.9315305158e-02,-4.0301434039e-02,-4.3839359329e-02,1.0000000000e+00,1.0000283066e-04,1.0000343282e-04,1.0000289070e-04,6.0866611057e-09,6.0909878277e-09,6.0792414813e-09,9.5337589413e-09,5.0518383789e-09,1.4001074276e-08
3.3200000000e+00,-2.3170692973e+00,-2.6756345819e-02,1.1231288867e+01,-7.9056966328e-02,3.2519916580e-01,6.5570477340e-02,7.0696055513e-01,-1.2906624766e-01,5.0033896569e-02,3.8077535391e-02,-1.3319675141e-02,1.8242347952e-02,9.9950951576e-01,-7.0403292735e-03,4.3255207255e-03,-3.0206812933e-02,8.4519164524e-01,-1.6326870832e-01,5.7365680599e-02,2.6390154312e-02,-1.3714264767e-02,2.1626979166e-02,9.9808501941e-01,-1.9548277206e-02,-3.9224998126e-02,-4.3652702244e-02,1.0000000000e+00,1.0000283089e-04,1.0000343286e-04,1.0000289086e-04,6.0857480593e-09,6.0890352527e-09,6.0794043786e-09,9.5267453533e-09,5.0612886126e-09,1.4020013095e-08
3.3250000000e+00,1.4806078273e+00,-2.1489646102e+00,1.7603029880e+01,-7.6188516453e-02,3.2330876598e-01,3.6077651133e-02,7.0713425459e-01,-1.2909222493e-01,5.0129844793e-02,3.5043147593e-02,-5.0727762716e-03,1.9688250372e-02,9.9950712058e-01,-7.2073092381e-03,5.1376360883e-03,-3.0119350743e-02,8.4537361043e-01,-1.6319873756e-01,5.7394524601e-02,3.1527358962e-02,-1.1407084390e-02,3.5978617083e-02,9.9812285128e-01,-2.0037079732e-02,-3.8323153728e-02,-4.3366174228e-02,1.0000000000e+00,1.0000283098e-04,1.0000343154e-04,1.0000289090e-04,6.0915622677e-09,6.0999455678e-09,6.0791351887e-09,9.4928629198e-09,5.0637337398e-09,1.4020872168e-08
3.3300000000e+00,1.3732521653e-01,-1.5683764916e+00,1.5710566211e+01,-8.5073432813e-02,5.1962202568e-01,1.1455431227e-01,7.0741067290e-01,-1.2916043407e-01,5.0374706966e-02,5.5650628870e-02,-1.3892820883e-02,4.9648482872e-02,9.9950669874e-01,-7.3767017456e-03,6.4435825607e-03,-2.9839968124e-02,8.4561990737e-01,-1.6318029846e-01,5.7476071241e-02,4.3923593018e-02,-1.4657047418e-02,5.5878601516e-02,9.9819797474e-01,-2.0329551595e-02,-3.6649458772e-02,-4.2945660167e-02,1.0000000000e+00,1.0000283110e-04,1.0000343050e-04,1.0000289097e-04,6.0920667073e-09,6.1006053802e-09,6.0791560451e-09,9.4541502544e-09,5.0650815186e-09,1.4024895989e-08
3.3350000000e+00,3.0835246880e-02,-1.1934487471e+00,1.4536692125e+01,-9.3921508052e-02,6.9802749085e-01,2.0510519691e-01,7.0774535824e-01,-1.2924203304e-01,5.0749117229e-02,6.7327797072e-02,-1.6857599881e-02,7.5733947367e-02,9.9950734023e-01,-7.5508401766e-03,8.1981376523e-03,-2.9340282634e-02,8.4592240563e-01,-1.6319221257e-01,5.7683130369e-02,5.6005994498e-02,-1.7074919981e-02,7.7210304605e-02,9.9829349021e-01,-2.0608498140e-02,-3.4541796003e-02,-4.2335110024e-02,1.0000000000e+00,1.0000283126e-04,1.0000342964e-04,1.0000289106e-04,6.0909745727e-09,6.0988326898e-09,6.0791241499e-09,9.4203462463e-09,5.0678312502e-09,1.4030794024e-08
3.3400000000e+00,4.2548230253e-01,-7.2232043486e-01,1.3471758957e+01,-1.1131042109e-01,8.7438776247e-01,2.6154210172e-01,7.0811593404e-01,-1.2933430146e-01,5.1244895701e-02,7.4502961555e-02,-1.9157814745e-02,1.0015588774e-01,9.9950389103e-01,-7.7552062608e-03,1.0396813331e-02,-2.8700781447e-02,8.4625829726e-01,-1.6325176776e-01,5.8030764930e-02,6.6204643513e-02,-1.8654062024e-02,9.8366737125e-02,9.9839823209e-01,-2.0852315156e-02,-3.2092520805e-02,-4.1667988036e-02,1.0000000000e+00,1.0000283142e-04,1.0000342884e-04,1.0000289116e-04,6.0894814595e-09,6.0969476940e-09,6.0790493291e-09,9.3925915493e-09,5.0725075191e-09,1.4036583630e-08
3.3450000000e+00,2.8449125591e+00,-2.2337346769e+00,1.6294765690e+01,-1.3568911906e-01,1.0522268892e+00,2.9437299826e-01,7.0851596663e-01,-1.2943401186e-01,5.1851014841e-02,8.0369992800e-02,-2.0729359305e-02,1.2231710909e-01,9.9949123729e-01,-8.0073317408e-03,1.3039917184e-02,-2.7984098720e-02,8.4662170124e-01,-1.6326819168e-01,5.8495538829e-02,7.8011260563e-02,-2.3299935384e-02,1.2608452756e-01,9.9850734609e-01,-2.1267602172e-02,-2.9348882654e-02,-4.0858438327e-02,1.0000000000e+00,1.0000283147e-04,1.0000342702e-04,1.0000289121e-04,6.0923458548e-09,6.1038215614e-09,6.0791482477e-09,9.3495230611e-09,5.0737226299e-09,1.4024607719e-08
3.3500000000e+00,2.1406436124e+00,-1.2656444820e+00,1.4600476070e+01,-1.0665028334e-01,1.3527483950e+00,3.4082975920e-01,7.0902430881e-01,-1.2959525999e-01,5.2615500261e-02,1.0206272868e-01,-3.3172245402e-02,1.5418026409e-01,9.9946279726e-01,-8.1643744988e-03,1.6435116826e-02,-2.7154130875e-02,8.4705061190e-01,-1.6340348164e-01,5.9085480951e-02,9.4994326377e-02,-3.0832792671e-02,1.5283132007e-01,9.9863651580e-01,-2.1348205718e-02,-2.5731401555e-02,-4.0090627184e-02,1.0000000000e+00,1.0000283157e-04,1.0000342545e-04,1.0000289129e-04,6.0913648435e-09,6.1028599641e-09,6.0791204344e-09,9.3079610302e-09,5.0757520493e-09,1.4014956565e-08
3.3550000000e+00,2.4113099651e+00,-2.9710480546e+00,1.2548636028e+01,-9.3916138666e-02,1.6386599515e+00,3.8309701517e-01,7.0961223965e-01,-1.2979335954e-01,5.3510342108e-02,1.1796809566e-01,-4.0603318247e-02,1.8039841155e-01,9.9941081787e-01,-8.2617409031e-03,2.0545625674e-02,-2.6222853320e-02,8.4758270148e-01,-1.6347178547e-01,5.9851521927e-02,1.1198838852e-01,-4.1830908487e-02,1.7539137680e-01,9.9877365716e-01,-2.1606630589e-02,-2.1448025956e-02,-3.9042508266e-02,1.0000000000e+00,1.0000283164e-04,1.0000342399e-04,1.0000289139e-04,6.0899970402e-09,6.0994117018e-09,6.0794081792e-09,9.2746958769e-09,5.0803880411e-09,1.4003933225e-08
3.3600000000e+00,2.1295406640e+00,-8.4191644333e-01,1.1373231695e+01,1.6415724327e-02,1.9126102427e+00,4.2103386554e-01,7.1027239441e-01,-1.3005702402e-01,5.4502356904e-02,1.3235160852e-01,-5.3726118883e-02,1.9991949784e-01,9.9932862001e-01,-8.0660734627e-03,2.5334221237e-02,-2.5207636184e-02,8.4815921269e-01,-1.6373536614e-01,6.0733121180e-02,1.2748442742e-01,-5.0039061874e-02,1.9357803181e-01,9.9890782037e-01,-2.1276024656e-02,-1.6553288804e-02,-3.8163933459e-02,1.0000000000e+00,1.0000283179e-04,1.0000342287e-04,1.0000289153e-04,6.0874759143e-09,6.0961312545e-09,6.0791953121e-09,9.2512586701e-09,5.0875615123e-09,1.3998653980e-08
3.3650000000e+00,4.5033841225e+00,-5.0792936389e+00,1.1544154249e+01,3.9213236764e-02,2.1604321238e+00,4.5965154155e-01,7.1099310842e-01,-1.3034489044e-01,5.5567634882e-02,1.4436847097e-01,-5.8571752121e-02,2.1460981922e-01,9.9920657640e-01,-7.7942702758e-03,3.0733048814e-02,-2.4102836772e-02,8.4883196693e-01,-1.6381745212e-01,6.1747774872e-02,1.4507476757e-01,-6.4788350355e-02,2.1045527886e-01,9.9903091594e-01,-2.1355069819e-02,-1.1160073309e-02,-3.6832631652e-02,1.0000000000e+00,1.0000283178e-04,1.0000342086e-04,1.0000289163e-04,6.0893181985e-09,6.0982381062e-09,6.0803550410e-09,9.2225152343e-09,5.0944556077e-09,1.3973507255e-08
3.3700000000e+00,2.5662927471e+01,1.5823316974e+00,-7.4580349639e+01,3.3874377460e-01,2.5329160956e+00,4.2571868167e-01,7.1186313280e-01,-1.3072580821e-01,5.6696071501e-02,1.7408391726e-01,-7.7208828345e-02,2.2750313302e-01,9.9902362364e-01,-6.7518308046e-03,3.7046486318e-02,-2.3103463793e-02,8.4955734077e-01,-1.6414139387e-01,6.2800051266e-02,2.8132384294e-01,-8.2505202594e-02,-2.0833146114e-01,9.9913791596e-01,-2.0287233341e-02,-4.8421936215e-03,-3.5894375860e-02,0.0000000000e+00,1.0000283227e-04,1.0000342202e-04,1.0000289204e-04,1.6051352424e-08,1.6251567291e-08,1.5611762083e-08,9.2411730343e-09,5.1131134077e-09,1.3992165055e-08
3.3750000000e+00,-1.4640525973e+01,1.9196799311e+00,3.8598268607e+01,9.3230302773e-02,7.0671381159e+00,4.1902696829e-01,7.1300008897e-01,-1.3111627807e-01,5.6668952704e-02,2.2295349465e-01,-7.8924322603e-02,-3.1779955089e-03,9.9823885697e-01,-6.0465988119e-03,5.4691750433e-02,-2.2168344790e-02,8.5100185873e-01,-1.6464742812e-01,6.2092656710e-02,2.1854256058e-01,-7.3474312319e-02,-2.1074942656e-02,9.9910700457e-01,-1.9614597243e-02,1.2353936237e-02,-3.5324796649e-02,1.0000000000e+00,1.0000283255e-04,1.0000342153e-04,1.0000289278e-04,7.1450313125e-09,7.1480956194e-09,7.1391031335e-09,9.2433937536e-09,5.1148006885e-09,1.4003649540e-08
3.3800000000e+00,-1.2214304250e+01,1.3687583782e+00,3.2452579916e+01,8.3548217754e-02,5.8477666101e+00,4.2883016163e-01,7.1398106567e-01,-1.3145201698e-01,5.7068480844e-02,1.9349640679e-01,-6.8084996795e-02,8.2319370154e-02,9.9735750006e-01,-5.4335561771e-03,6.9279070881e-02,-2.1187351636e-02,8.5217425099e-01,-1.6508803014e-01,6.1885083903e-02,1.8180119588e-01,-6.3585118667e-02,8.6393267734e-02,9.9885308489e-01,-1.8704855546e-02,2.7289743385e-02,-3.4610881242e-02,1.0000000000e+00,1.0000283281e-04,1.0000342109e-04,1.0000289317e-04,6.2461348152e-09,6.2504719314e-09,6.2363054826e-09,9.2249930317e-09,5.1177453316e-09,1.4024284871e-08
3.3850000000e+00,-8.1322464091e+00,-1.4252824827e-01,3.1006927254e+01,6.8736917229e-02,4.8831210257e+00,4.3001529389e-01,7.1483715348e-01,-1.3175258038e-01,5.7818380792e-02,1.6967661707e-01,-6.1051368572e-02,1.5247539661e-01,9.9646082099e-01,-4.9117178587e-03,8.1450255048e-02,-2.0188194965e-02,8.5313044092e-01,-1.6542442325e-01,6.2178982689e-02,1.6200233684e-01,-5.9068189283e-02,1.6875563109e-01,9.9847782836e-01,-1.8033321541e-02,3.9698631052e-02,-3.3776386390e-02,1.0000000000e+00,1.0000283295e-04,1.0000341969e-04,1.0000289304e-04,6.1341553141e-09,6.1484241805e-09,6.1045500543e-09,9.1404314087e-09,5.0932745800e-09,1.4033943221e-08
3.3900000000e+00,-7.2406425773e+00,4.2621921510e-01,2.5669247590e+01,1.3289608808e-01,4.2417127512e+00,3.8953849629e-01,7.1569919221e-01,-1.3204622893e-01,5.8897785731e-02,1.7159600272e-01,-5.9825832136e-02,2.1878201828e-01,9.9556192831e-01,-4.2728627404e-03,9.2011539058e-02,-1.9289018327e-02,8.5401668067e-01,-1.6577042893e-01,6.2833657512e-02,1.5792866368e-01,-5.6073047979e-02,2.3115277770e-01,9.9801167713e-01,-1.7130208175e-02,5.0862401869e-02,-3.3049422800e-02,1.0000000000e+00,1.0000283309e-04,1.0000341846e-04,1.0000289284e-04,6.1160734736e-09,6.1317291167e-09,6.0842303362e-09,9.0442162743e-09,5.0664232532e-09,1.4045338522e-08
3.3950000000e+00,-5.6283847271e+00,6.8277964012e-01,2.1041309470e+01,1.7275419416e-01,3.7738746152e+00,3.5621397638e-01,7.1655136318e-01,-1.3232618401e-01,6.0239490534e-02,1.7010654891e-01,-5.7093014343e-02,2.7150752400e-01,9.9466818888e-01,-3.5656358243e-03,1.0139533011e-01,-1.8478834100e-02,8.5486223456e-01,-1.6611193212e-01,6.3850952199e-02,1.5876916522e-01,-5.3367760942e-02,2.7853655883e-01,9.9749668579e-01,-1.6147588549e-02,6.0739301665e-02,-3.2409172465e-02,1.0000000000e+00,1.0000283325e-04,1.0000341743e-04,1.0000289270e-04,6.1067059775e-09,6.1201686715e-09,6.0805977844e-09,8.9674571774e-09,5.0487024247e-09,1.4055153185e-08
3.4000000000e+00,-3.9292166103e+00,8.2490364736e-01,1.7110257136e+01,1.9629814961e-01,3.4385939618e+00,3.2591254977e-01,7.1739738719e-01,-1.3259065008e-01,6.1778815575e-02,1.6918039686e-01,-5.3897218742e-02,3.1114896950e-01,9.9377627012e-01,-2.8234352235e-03,1.0993614022e-01,-1.7742554487e-02,8.5568658642e-01,-1.6644087083e-01,6.5168216698e-02,1.6170442056e-01,-5.0636482904e-02,3.1328221376e-01,9.9695263424e-01,-1.5149068544e-02,6.9585273667e-02,-3.1840862104e-02,1.0000000000e+00,1.0000283341e-04,1.0000341657e-04,1.0000289265e-04,6.0987279444e-09,6.1095176989e-09,6.0796289572e-09,8.9145641335e-09,5.0414666465e-09,1.4062784049e-08
3.4050000000e+00,-6.0331269941e-01,-2.0783617733e-01,1.9195855742e+01,2.0837115297e-01,3.2087858327e+00,3.0372839258e-01,7.1824855525e-01,-1.3284014110e-01,6.3456999819e-02,1.7037331583e-01,-5.0753216480e-02,3.3891189608e-01,9.9287734645e-01,-2.0693291289e-03,1.1789446794e-01,-1.7064208758e-02,8.5648871060e-01,-1.6670652185e-01,6.6696782331e-02,1.7103512854e-01,-5.0069604655e-02,3.4705897054e-01,9.9639573237e-01,-1.4292762485e-02,7.7551834258e-02,-3.1256590632e-02,1.0000000000e+00,1.0000283347e-04,1.0000341454e-04,1.0000289260e-04,6.0980784677e-09,6.1136491324e-09,6.0790834908e-09,8.8542964833e-09,5.0350412860e-09,1.4047868437e-08
3.4100000000e+00,-1.2626350523e+00,5.8929898645e-01,1.5618201208e+01,3.3936718661e-01,3.1981909126e+00,2.2326093284e-01,7.1925216968e-01,-1.3308571218e-01,6.5279910923e-02,2.0095462123e-01,-4.9916101047e-02,3.6840271153e-01,9.9191456101e-01,-1.0176143883e-03,1.2581030184e-01,-1.6620350899e-02,8.5739085708e-01,-1.6698809785e-01,6.8350378394e-02,1.9164644722e-01,-4.7949667065e-02,3.7138064436e-01,9.9574504125e-01,-1.3076989252e-02,8.5816888070e-02,-3.0923565538e-02,1.0000000000e+00,1.0000283357e-04,1.0000341305e-04,1.0000289264e-04,6.0938410330e-09,6.1072317896e-09,6.0791350745e-09,8.8053905221e-09,5.0340953532e-09,1.4039894069e-08
3.4150000000e+00,-9.7580326368e-01,9.3690984134e-01,1.2632932133e+01,4.0784992913e-01,3.2339189381e+00,1.6358526292e-01,7.2035459035e-01,-1.3331589397e-01,6.7205457440e-02,2.2073410897e-01,-4.6679775270e-02,3.8927831553e-01,9.9087254684e-01,1.9059984912e-04,1.3380715931e-01,-1.6346366719e-02,8.5838929793e-01,-1.6726979148e-01,7.0161893261e-02,2.1183249019e-01,-4.4718698077e-02,3.8768852873e-01,9.9501978071e-01,-1.1681769776e-02,9.4084915957e-02,-3.0776628134e-02,1.0000000000e+00,1.0000283372e-04,1.0000341203e-04,1.0000289274e-04,6.0894747762e-09,6.0996341521e-09,6.0792020038e-09,8.7748329243e-09,5.0389336922e-09,1.4037546791e-08
3.4200000000e+00,-3.8901765375e-01,9.3365002578e-01,1.0169709226e+01,4.3661445571e-01,3.2914110314e+00,1.2404136225e-01,7.2152952424e-01,-1.3352826003e-01,6.9191281362e-02,2.3520556084e-01,-4.2911352926e-02,4.0147765430e-01,9.8974206144e-01,1.4534293110e-03,1.4193915953e-01,-1.6180678565e-02,8.5947209756e-01,-1.6753218617e-01,7.2096517746e-02,2.2915828598e-01,-4.1404111969e-02,3.9650635929e-01,9.9421983919e-01,-1.0225924341e-02,1.0236203386e-01,-3.0730373647e-02,1.0000000000e+00,1.0000283389e-04,1.0000341134e-04,1.0000289289e-04,6.0860191446e-09,6.0935966677e-09,6.0792448184e-09,8.7595406007e-09,5.0482673524e-09,1.4038804918e-08
3.4250000000e+00,-5.1639370636e+00,2.0109552054e+00,1.6503668162e+01,4.3938959175e-01,3.3589384004e+00,9.8367475793e-02,7.2276330096e-01,-1.3372600816e-01,7.1198471480e-02,2.4690432467e-01,-3.9784106877e-02,4.0572498642e-01,9.8851765555e-01,2.7136430336e-03,1.5022345240e-01,-1.6074674280e-02,8.6065714959e-01,-1.6781733582e-01,7.3961732607e-02,2.3692085093e-01,-3.5405368878e-02,4.1650048624e-01,9.9330962135e-01,-8.6918281095e-03,1.1095861264e-01,-3.0799911361e-02,1.0000000000e+00,1.0000283407e-04,1.0000341057e-04,1.0000289302e-04,6.0906413767e-09,6.0987437535e-09,6.0793596703e-09,8.7300957832e-09,5.0522060537e-09,1.4044662868e-08
3.4300000000e+00,-1.7987923150e-01,2.1444073065e+00,1.1815118558e+01,4.7011732135e-01,3.5762095251e+00,4.1252242520e-02,7.2406183823e-01,-1.3387625564e-01,7.3329634166e-02,2.5987453109e-01,-3.0352527410e-02,4.3141584573e-01,9.8713274164e-01,4.0381712039e-03,1.5903741511e-01,-1.6116580194e-02,8.6184679760e-01,-1.6806351896e-01,7.6031658595e-02,2.5590717224e-01,-2.7887576801e-02,4.2890221460e-01,9.9227788560e-01,-7.0800394513e-03,1.1988517836e-01,-3.1016363299e-02,1.0000000000e+00,1.0000283423e-04,1.0000340954e-04,1.0000289312e-04,6.0876950073e-09,6.0963017471e-09,6.0795770652e-09,8.7085877184e-09,5.0598436054e-09,1.4041967929e-08
3.4350000000e+00,3.5668099855e+00,2.1051289256e+00,1.0558439800e+01,4.7918869039e-01,3.7188938612e+00,4.0189260760e-03,7.2547423245e-01,-1.3398169997e-01,7.5489916145e-02,2.8253706450e-01,-2.1338818120e-02,4.3764099325e-01,9.8560594358e-01,5.3769829023e-03,1.6818976992e-01,-1.6254639943e-02,8.6310656732e-01,-1.6824607108e-01,7.8206466270e-02,2.8405025157e-01,-2.0101932658e-02,4.3333886861e-01,9.9113689849e-01,-5.4949500520e-03,1.2899231125e-01,-3.1279987400e-02,1.0000000000e+00,1.0000283433e-04,1.0000340786e-04,1.0000289324e-04,6.0851216797e-09,6.0971553026e-09,6.0804633073e-09,8.6909549480e-09,5.0694002977e-09,1.4021760786e-08
3.4400000000e+00,2.9597189603e+00,1.9297292894e+00,1.0506448352e+01,4.7934816961e-01,3.6748582281e+00,-1.6823625250e-02,7.2705641298e-01,-1.3404734365e-01,7.7630913429e-02,3.1637818643e-01,-1.3281704441e-02,4.3376560357e-01,9.8401183300e-01,6.7030465480e-03,1.7721580431e-01,-1.6442030885e-02,8.6452815894e-01,-1.6837384223e-01,8.0372345678e-02,3.1480526174e-01,-1.2495060398e-02,4.3272360095e-01,9.8991089842e-01,-3.9711708630e-03,1.3807116293e-01,-3.1575258787e-02,1.0000000000e+00,1.0000283441e-04,1.0000340617e-04,1.0000289339e-04,6.0842140121e-09,6.0972450086e-09,6.0808404546e-09,8.6742538575e-09,5.0794940982e-09,1.3998127609e-08
3.4450000000e+00,-1.2980055073e+01,1.6008605390e+00,3.7093675317e+01,4.7228571783e-01,3.5230841639e+00,-2.0452843925e-02,7.2878782655e-01,-1.3407791906e-01,7.9749494163e-02,3.4617423737e-01,-6.1651239758e-03,4.2907567640e-01,9.8240357893e-01,8.0038396365e-03,1.8585558377e-01,-1.6638769141e-02,8.6623389980e-01,-1.6834446514e-01,8.2066709772e-02,3.2972078319e-01,-3.9023561397e-03,4.8810971755e-01,9.8851057727e-01,-2.8948665495e-03,1.4776023987e-01,-3.1707568297e-02,1.0000000000e+00,1.0000283425e-04,1.0000340209e-04,1.0000289320e-04,6.1183752619e-09,6.1490283629e-09,6.0794689744e-09,8.5262550691e-09,5.0471488598e-09,1.3961878165e-08
3.4500000000e+00,-3.2689158120e+00,9.2388930252e-01,2.2995879339e+01,3.6836377426e-01,2.3142937778e+00,1.1772305915e-02,7.3059642626e-01,-1.3409553122e-01,8.2268526913e-02,3.6242896725e-01,-3.9080274099e-03,5.0956171570e-01,9.8130412192e-01,9.0114569487e-03,1.9152276636e-01,-1.6734512858e-02,8.6788250371e-01,-1.6836397692e-01,8.4507258360e-02,3.4801787708e-01,1.3269595566e-03,5.5371841468e-01,9.8764231511e-01,-1.7966941656e-03,1.5344781658e-01,-3.1830753537e-02,0.0000000000e+00,1.0000283466e-04,1.0000340366e-04,1.0000289354e-04,1.5709599109e-08,1.5907741472e-08,1.5507459924e-08,8.5449128691e-09,5.0658066598e-09,1.3980535965e-08
3.4550000000e+00,2.6350867895e+00,5.5329990488e-01,1.4762476508e+01,3.1432834946e-01,1.6378225337e+00,2.8038081462e-02,7.3254904090e-01,-1.3411042609e-01,8.4954932174e-02,3.9142138978e-01,-3.4944762190e-03,5.4306973224e-01,9.8050613087e-01,9.8676516932e-03,1.9552216641e-01,-1.6776150273e-02,8.6962259310e-01,-1.6835734212e-01,8.7275850433e-02,3.8309977207e-01,2.7930739503e-03,5.7097546218e-01,9.8700907280e-01,-8.7948248697e-04,1.5746554064e-01,-3.1889186807e-02,0.0000000000e+00,1.0000283572e-04,1.0000340776e-04,1.0000289449e-04,2.5290678211e-08,2.5751567862e-08,2.4946709715e-08,8.5635706691e-09,5.0844644598e-09,1.3999193765e-08
3.4600000000e+00,6.1358345703e+00,2.1038445895e-01,9.9153985791e+00,2.8464091881e-01,1.2300118098e+00,4.2179126532e-02,7.3468555102e-01,-1.3412964758e-01,8.7666814887e-02,4.2810507192e-01,-4.3692840590e-03,5.4791573475e-01,9.7989447065e-01,1.0641996775e-02,1.9852400984e-01,-1.6786655792e-02,8.7153809196e-01,-1.6834337675e-01,9.0130727744e-02,4.2767435598e-01,1.4912836926e-03,5.5949683723e-01,9.8652392903e-01,-6.2456947631e-05,1.6047723277e-01,-3.1899707093e-02,0.0000000000e+00,1.0000283787e-04,1.0000341468e-04,1.0000289661e-04,3.4824281805e-08,3.5624572217e-08,3.4406963776e-08,8.5822284691e-09,5.1031222598e-09,1.4017851565e-08
3.4650000000e+00,-1.3566699589e+00,-2.2496504947e+00,2.4343496665e+01,2.6900719575e-01,9.6092363387e-01,5.0451678335e-02,7.3702852633e-01,-1.3415838558e-01,9.0316802509e-02,4.6917393420e-01,-6.2221401441e-03,5.3512198386e-01,9.7940952972e-01,1.1367959654e-02,2.0086390757e-01,-1.6775971481e-02,8.7367646374e-01,-1.6833592034e-01,9.2928211930e-02,4.5908626012e-01,-1.0538186116e-02,6.2815948268e-01,9.8613940140e-01,6.9787136625e-04,1.6282521985e-01,-3.1883251991e-02,0.0000000000e+00,1.0000284160e-04,1.0000342478e-04,1.0000290041e-04,4.4691704192e-08,4.6152366224e-08,4.3865466201e-08,8.6008862691e-09,5.1217800598e-09,1.4036509365e-08
3.4700000000e+00,4.1293981097e+00,-2.4815938378e+00,1.3592431830e+01,1.7566848827e-01,-1.2328729641e-01,1.0485494118e-01,7.3955027711e-01,-1.3426088244e-01,9.3108854363e-02,5.0486473201e-01,-2.1256405321e-02,5.6334705928e-01,9.7947088086e-01,1.1850851606e-02,2.0055046183e-01,-1.6609127949e-02,8.7597189504e-01,-1.6838861127e-01,9.6069009344e-02,4.9963554060e-01,-2.5013742305e-02,6.3694826829e-01,9.8619746259e-01,1.1638108311e-03,1.6250705954e-01,-3.1696465593e-02,0.0000000000e+00,1.0000284758e-04,1.0000343933e-04,1.0000290634e-04,5.4401249890e-08,5.6484553139e-08,5.3350724523e-08,8.6195440691e-09,5.1404378598e-09,1.4055167165e-08
3.4750000000e+00,6.9568205760e+00,-2.5729069061e+00,7.5550970861e+00,1.1892898242e-01,-7.0336663367e-01,1.3810045809e-01,7.4226155002e-01,-1.3443675352e-01,9.5880936489e-02,5.4249046423e-01,-3.6016629039e-02,5.5902230158e-01,9.7982400553e-01,1.2186263804e-02,1.9881905358e-01,-1.6352280821e-02,8.7847007274e-01,-1.6851367998e-01,9.9253750685e-02,5.4380874282e-01,-4.0489735214e-02,6.1262960893e-01,9.8649218770e-01,1.4573975589e-03,1.6076282054e-01,-3.1406291118e-02,0.0000000000e+00,1.0000285624e-04,1.0000345830e-04,1.0000291491e-04,6.3978219805e-08,6.6639711677e-08,6.2862640041e-08,8.6382018691e-09,5.1590956598e-09,1.4073824965e-08
3.4800000000e+00,8.3074552064e+00,-2.5728396750e+00,4.2257397146e+00,8.0693377580e-02,-1.0139306902e+00,1.5407486397e-01,7.4516413560e-01,-1.3468447098e-01,9.8541846430e-02,5.8044418014e-01,-5.0357126747e-02,5.3637641599e-01,9.8032808671e-01,1.2423100347e-02,1.9632907664e-01,-1.6043772912e-02,8.8118911646e-01,-1.6871612865e-01,1.0231689873e-01,5.8901361542e-01,-5.6156968463e-02,5.7053029952e-01,9.8690823390e-01,1.6387152738e-03,1.5825480780e-01,-3.1062328994e-02,0.0000000000e+00,1.0000286802e-04,1.0000348185e-04,1.0000292662e-04,7.3474004902e-08,7.6688317690e-08,7.2399481878e-08,8.6568596691e-09,5.1777534598e-09,1.4092482765e-08
3.4850000000e+00,1.3512418085e+01,-5.7551802769e+00,5.9351700308e+00,5.1857630413e-02,-1.1792873245e+00,1.6290335502e-01,7.4825449920e-01,-1.3500208927e-01,1.0104172441e-01,6.1771963014e-01,-6.4248257052e-02,5.0374196561e-01,9.8090793129e-01,1.2586487096e-02,1.9342840654e-01,-1.5705484022e-02,8.8413418454e-01,-1.6899691350e-01,1.0516955023e-01,6.6054868959e-01,-8.9372211191e-02,5.2874841193e-01,9.8738286162e-01,1.7395267300e-03,1.5533979453e-01,-3.0685613150e-02,0.0000000000e+00,1.0000288338e-04,1.0000351030e-04,1.0000294195e-04,8.3034334638e-08,8.7186620771e-08,8.2055727192e-08,8.6755174691e-09,5.1964112598e-09,1.4111140565e-08
3.4900000000e+00,1.2543777987e+01,-5.2518685344e+00,1.4185136336e+00,2.4279774949e-02,-2.0621938201e+00,2.1513117260e-01,7.5162055433e-01,-1.3546148089e-01,1.0332029900e-01,6.7233933945e-01,-9.2552236943e-02,4.5881859692e-01,9.8189981080e-01,1.2669894539e-02,1.8836036473e-01,-1.5251502362e-02,8.8743692798e-01,-1.6944377455e-01,1.0781329229e-01,7.2069212691e-01,-1.1944059793e-01,4.6736245545e-01,9.8818684144e-01,1.7247838837e-03,1.5024449494e-01,-3.0172558215e-02,0.0000000000e+00,1.0000290293e-04,1.0000354488e-04,1.0000296155e-04,9.2505692863e-08,9.7394735649e-08,9.1728148618e-08,8.6941752691e-09,5.2150690598e-09,1.4129798365e-08
3.4950000000e+00,1.1053691062e+01,-4.8557894071e+00,-5.6324185589e-01,-1.3690143916e-02,-2.5434224025e+00,2.4426167409e-01,7.5521475914e-01,-1.3605069817e-01,1.0534175900e-01,7.1761346765e-01,-1.1842135092e-01,4.0694721727e-01,9.8308748120e-01,1.2653890488e-02,1.8210481497e-01,-1.4721403541e-02,8.9104038862e-01,-1.7004097754e-01,1.1015010456e-01,7.7106841496e-01,-1.4690719894e-01,3.9934364190e-01,9.8914049532e-01,1.5908220827e-03,1.4395801035e-01,-2.9574331213e-02,0.0000000000e+00,1.0000292708e-04,1.0000358554e-04,1.0000298584e-04,1.0195427654e-07,1.0743091211e-07,1.0140101895e-07,8.7128330691e-09,5.2337268598e-09,1.4148456165e-08
3.5000000000e+00,9.4337060687e+00,-4.5570892322e+00,-1.1765512466e+00,-5.6974748348e-02,-2.7937496403e+00,2.6107855827e-01,7.5899813742e-01,-1.3675971880e-01,1.0710173298e-01,7.5525550249e-01,-1.4227221611e-01,3.5434110771e-01,9.8434573771e-01,1.2533809609e-02,1.7523240195e-01,-1.4141342880e-02,8.9489573069e-01,-1.7077551354e-01,1.1214682277e-01,8.1318107929e-01,-1.7232212046e-01,3.3133951571e-01,9.9014112666e-01,1.3372976108e-03,1.3704917054e-01,-2.8918606183e-02,0.0000000000e+00,1.0000295628e-04,1.0000363243e-04,1.0000301526e-04,1.1141413157e-07,1.1737040777e-07,1.1106542567e-07,8.7314908691e-09,5.2523846598e-09,1.4167113965e-08
3.5050000000e+00,2.8843563049e+01,-7.2093443580e+00,-1.5363030969e+01,-9.4563723305e-02,-2.9014132832e+00,2.6793451148e-01,7.6293843180e-01,-1.3757984896e-01,1.0861169441e-01,7.8656868779e-01,-1.6438576227e-01,3.0412773231e-01,9.8560364240e-01,1.2311645641e-02,1.6807996097e-01,-1.3528125620e-02,8.9896163609e-01,-1.7163712414e-01,1.1380352035e-01,9.2882125664e-01,-2.1570217892e-01,1.6939916044e-01,9.9112859808e-01,9.8522506737e-04,1.2986951349e-01,-2.8231912190e-02,0.0000000000e+00,1.0000299097e-04,1.0000368584e-04,1.0000305025e-04,1.2058441255e-07,1.2762593268e-07,1.2120939352e-07,8.7501486691e-09,5.2710424598e-09,1.4185771765e-08
3.5100000000e+00,2.0866427261e+01,-6.2954192906e+00,-1.1596924703e+01,-7.1997748501e-02,-3.6643024054e+00,2.8879617402e-01,7.6727593892e-01,-1.3856375044e-01,1.0949830691e-01,8.6589003357e-01,-1.9680770475e-01,1.7920266935e-01,9.8711372218e-01,1.2129975415e-02,1.5903744524e-01,-1.2901712425e-02,9.0360574237e-01,-1.7271563503e-01,1.1465051615e-01,1.0127740905e+00,-2.5240262917e-01,3.7625418567e-02,9.9229698291e-01,6.4192960615e-04,1.2078903905e-01,-2.7500794314e-02,0.0000000000e+00,1.0000303155e-04,1.0000374691e-04,1.0000309174e-04,1.2996397179e-07,1.3785005067e-07,1.3127180971e-07,8.7688064691e-09,5.2897002598e-09,1.4204429565e-08
3.5150000000e+00,1.4567194799e+01,-5.6401971191e+00,-7.9798512179e+00,-9.1257583073e-02,-4.1188644837e+00,3.0173854450e-01,7.7190199377e-01,-1.3969486319e-01,1.0988854475e-01,9.2374998922e-01,-2.2610092551e-01,8.0115074029e-02,9.8871161915e-01,1.1885065744e-02,1.4885562211e-01,-1.2250842313e-02,9.0866961282e-01,-1.7397764818e-01,1.1483864325e-01,1.0722678878e+00,-2.8420897052e-01,-6.7470723662e-02,9.9350872114e-01,2.2345291159e-04,1.1057072730e-01,-2.6729858634e-02,0.0000000000e+00,1.0000307849e-04,1.0000381574e-04,1.0000314007e-04,1.3946952021e-07,1.4797620466e-07,1.4122293088e-07,8.7874642691e-09,5.3083580598e-09,1.4223087365e-08
3.5200000000e+00,9.6425136886e+00,-5.0697953047e+00,-4.6253604625e+00,-1.3258158745e-01,-4.3630711177e+00,3.0917068521e-01,7.7673202503e-01,-1.4095919915e-01,1.0989093716e-01,9.6481572016e-01,-2.5268753057e-01,2.8709114450e-03,9.9029054517e-01,1.1533537756e-02,1.3804975679e-01,-1.1570579208e-02,9.1403095226e-01,-1.7539869303e-01,1.1450128963e-01,1.1128042540e+00,-3.1193306583e-01,-1.4953661237e-01,9.9467604752e-01,-3.1194980556e-04,9.9736140538e-02,-2.5926153888e-02,0.0000000000e+00,1.0000313230e-04,1.0000389256e-04,1.0000319560e-04,1.4904629265e-07,1.5798629370e-07,1.5105895684e-07,8.8061220691e-09,5.3270158598e-09,1.4241745165e-08
3.5250000000e+00,4.0703148076e+01,-5.5013085555e+00,-3.8264476893e+01,-1.7906832983e-01,-4.4669052601e+00,3.1836311555e-01,7.8169930040e-01,-1.4234433373e-01,1.0959590980e-01,9.9256059035e-01,-2.7683299932e-01,-5.6293357248e-02,9.9178424713e-01,1.1061766402e-02,1.2697931855e-01,-1.0858044370e-02,9.1959497353e-01,-1.7695835836e-01,1.1375360657e-01,1.2726171395e+00,-3.4904116497e-01,-4.2631968397e-01,9.9574786271e-01,-9.6734736876e-04,8.8634157744e-02,-2.5084741071e-02,0.0000000000e+00,1.0000319347e-04,1.0000397771e-04,1.0000325874e-04,1.5852114874e-07,1.6912649772e-07,1.6200570462e-07,8.8247798691e-09,5.3456736598e-09,1.4260402965e-08
3.5300000000e+00,2.6413806600e+01,-4.7819399195e+00,-2.2768861916e+01,-1.3664149420e-01,-4.8547602080e+00,2.7349339423e-01,7.8719650118e-01,-1.4385338894e-01,1.0833143607e-01,1.1001140637e+00,-3.0165502335e-01,-2.4839246825e-01,9.9326353652e-01,1.0669362398e-02,1.1492572700e-01,-1.0285378084e-02,9.2595805923e-01,-1.7870356419e-01,1.1162200815e-01,1.3811538545e+00,-3.7925412053e-01,-6.1057837023e-01,9.9676677162e-01,-1.5512615003e-03,7.6551839183e-02,-2.4360059523e-02,0.0000000000e+00,1.0000326204e-04,1.0000407212e-04,1.0000333072e-04,1.6831924893e-07,1.8036422937e-07,1.7264718614e-07,8.8434376691e-09,5.3643314598e-09,1.4279060765e-08
3.5350000000e+00,1.5940719159e+01,-4.1931123241e+00,-1.1423613525e+01,-1.4489459608e-01,-5.1578773053e+00,2.4465877196e-01,7.9305714109e-01,-1.4547483178e-01,1.0642095666e-01,1.1741076774e+00,-3.2437003188e-01,-3.7566826626e-01,9.9467276575e-01,1.0241043379e-02,1.0210474159e-01,-9.7893744431e-03,9.3286382850e-01,-1.8059983479e-01,1.0856911630e-01,1.4500945093e+00,-4.0404785098e-01,-7.2809112396e-01,9.9768507565e-01,-2.1794727726e-03,6.3702583818e-02,-2.3700644211e-02,0.0000000000e+00,1.0000333868e-04,1.0000417638e-04,1.0000341180e-04,1.7810993262e-07,1.9124657533e-07,1.8294224504e-07,8.8620954691e-09,5.3829892598e-09,1.4297718565e-08
3.5400000000e+00,8.2271915587e+00,-3.6721991777e+00,-3.0906141215e+00,-1.7575714135e-01,-5.3438742774e+00,2.3137911309e-01,7.9914977058e-01,-1.4719705063e-01,1.0410140177e-01,1.2213841451e+00,-3.4474973962e-01,-4.5592162288e-01,9.9595793579e-01,9.7278278468e-03,8.8804080998e-02,-9.3270946031e-03,9.4011430105e-01,-1.8262007404e-01,1.0492866068e-01,1.4880213307e+00,-4.2436539225e-01,-7.9755788964e-01,9.9845955241e-01,-2.8974165082e-03,5.0380195122e-02,-2.3064325601e-02,0.0000000000e+00,1.0000342404e-04,1.0000429096e-04,1.0000350228e-04,1.8779691170e-07,2.0164741304e-07,1.9290618593e-07,8.8807532691e-09,5.4016470598e-09,1.4316376365e-08
3.5450000000e+00,4.7854024116e+01,-5.2166512073e-01,-5.4652844796e+01,-2.1512872808e-01,-5.4157238934e+00,2.2523411757e-01,8.0536923641e-01,-1.4900828127e-01,1.0154561862e-01,1.2472095986e+00,-3.6269711530e-01,-5.0212341622e-01,9.9707920258e-01,9.1133102784e-03,7.5308511987e-02,-8.8678844528e-03,9.4755440770e-01,-1.8474190101e-01,1.0094087123e-01,1.6981745825e+00,-4.3900698160e-01,-1.1424990262e+00,9.9906125656e-01,-3.7180249390e-03,3.6871559053e-02,-2.2433681435e-02,0.0000000000e+00,1.0000351868e-04,1.0000441625e-04,1.0000360246e-04,1.9847902139e-07,2.1599367888e-07,2.0507453790e-07,8.8994110691e-09,5.4203048598e-09,1.4335034165e-08
3.5500000000e+00,2.9049536712e+01,-6.3829741154e-01,-2.6474909688e+01,-1.9954341061e-01,-5.3255162165e+00,8.2797906906e-02,8.1228156539e-01,-1.5084536373e-01,9.7870703702e-02,1.3897081535e+00,-3.6918648486e-01,-7.2027955314e-01,9.9799973464e-01,8.5132420008e-03,6.2025721575e-02,-8.7672249969e-03,9.5604528062e-01,-1.8693693591e-01,9.5228376097e-02,1.8329643217e+00,-4.4951018330e-01,-1.3342077280e+00,9.9946624134e-01,-4.5071068605e-03,2.3579347637e-02,-2.2157002908e-02,0.0000000000e+00,1.0000362234e-04,1.0000455384e-04,1.0000371407e-04,2.0888081751e-07,2.2950035980e-07,2.1651360550e-07,8.9180688691e-09,5.4389626598e-09,1.4353691965e-08
3.5550000000e+00,1.5712261456e+01,-5.5422272610e-01,-7.3232487459e+00,-2.0266789856e-01,-5.4175979979e+00,-1.5460770859e-02,8.1964974405e-01,-1.5271012843e-01,9.3584173835e-02,1.4831938539e+00,-3.7589535748e-01,-8.3796766413e-01,9.9875178787e-01,7.8923571808e-03,4.8509229394e-02,-8.9124396690e-03,9.6521010223e-01,-1.8918448683e-01,8.8557337457e-02,1.9095058240e+00,-4.5606629998e-01,-1.4234910866e+00,9.9969065162e-01,-5.3140732048e-03,1.0051882339e-02,-2.2120609014e-02,0.0000000000e+00,1.0000373593e-04,1.0000470468e-04,1.0000383722e-04,2.1865959270e-07,2.4157272120e-07,2.2717214378e-07,8.9367266691e-09,5.4576204598e-09,1.4372349765e-08
3.5600000000e+00,6.0546704750e+00,-3.5072243968e-01,5.6177204549e+00,-2.1462331086e-01,-5.5199015519e+00,-8.2027683172e-02,8.2728425108e-01,-1.5459793720e-01,8.9031658075e-02,1.5373397191e+00,-3.8125986124e-01,-8.8810491008e-01,9.9932794446e-01,7.2357997025e-03,3.4731012925e-02,-9.2227634307e-03,9.7475763135e-01,-1.9146481833e-01,8.1439882024e-02,1.9402371769e+00,-4.5887430061e-01,-1.4450416380e+00,9.9972662283e-01,-6.1572521089e-03,-3.7333438509e-03,-2.2244774581e-02,0.0000000000e+00,1.0000386019e-04,1.0000486929e-04,1.0000397207e-04,2.2792061023e-07,2.5225634725e-07,2.3711091885e-07,8.9553844691e-09,5.4762782598e-09,1.4391007565e-08
3.5650000000e+00,2.9086718633e+01,7.2369833862e+00,-3.4038193239e+01,-2.2802930232e-01,-5.5612782054e+00,-1.2286039973e-01,8.3503202136e-01,-1.5650059848e-01,8.4443921566e-02,1.5598010572e+00,-3.8455226312e-01,-8.9365266539e-01,9.9971500364e-01,6.5421419681e-03,2.0839016401e-02,-9.6357286996e-03,9.8445881723e-01,-1.9375918983e-01,7.4214673834e-02,2.0883576548e+00,-4.3131327033e-01,-1.6635789734e+00,9.9956754580e-01,-7.0346715448e-03,-1.7621138593e-02,-2.2466202620e-02,0.0000000000e+00,1.0000399570e-04,1.0000504786e-04,1.0000411878e-04,2.3839169307e-07,2.6698376017e-07,2.4894850022e-07,8.9740422691e-09,5.4949360598e-09,1.4409665365e-08
3.5700000000e+00,1.3460632847e+01,5.2383286612e+00,-5.9867915560e+00,-3.6984800047e-01,-4.8355568941e+00,-3.8594481097e-01,8.4324041915e-01,-1.5829069238e-01,7.9254808880e-02,1.6549237919e+00,-3.6514039758e-01,-1.0079255573e+00,9.9988939687e-01,5.5138076760e-03,8.7664301421e-03,-1.0674345622e-02,9.9490060550e-01,-1.9591575618e-01,6.5896778967e-02,2.1577789442e+00,-4.0860142784e-01,-1.7404968171e+00,9.9925241981e-01,-8.2129318590e-03,-2.9689216846e-02,-2.3360215116e-02,0.0000000000e+00,1.0000414221e-04,1.0000524189e-04,1.0000427879e-04,2.4785026277e-07,2.7922601174e-07,2.5955391696e-07,8.9927000691e-09,5.5135938598e-09,1.4428323165e-08
3.5750000000e+00,2.5185069749e+00,4.1931884492e+00,1.1235452542e+01,-4.1029840638e-01,-4.5181918337e+00,-5.6867912870e-01,8.5166902316e-01,-1.5999047000e-01,7.3903690845e-02,1.6996038830e+00,-3.4918120558e-01,-1.0369753258e+00,9.9991326416e-01,4.3924737774e-03,-2.5077952731e-03,-1.2160645693e-02,1.0056895002e+00,-1.9795876332e-01,5.7194294882e-02,2.1680128979e+00,-3.8724295071e-01,-1.7330392144e+00,9.9881015746e-01,-9.4590030879e-03,-4.0961781692e-02,-2.4716978996e-02,0.0000000000e+00,1.0000430056e-04,1.0000545172e-04,1.0000445204e-04,2.5657955186e-07,2.8927865537e-07,2.6908722331e-07,9.0113578691e-09,5.5322516598e-09,1.4446980965e-08
3.5800000000e+00,-5.2021674206e+00,3.5217240960e+00,2.1437117451e+01,-4.0363591599e-01,-4.3602599959e+00,-6.9686181562e-01,8.6013124243e-01,-1.6160834860e-01,6.8655078946e-02,1.7054816418e+00,-3.3388773213e-01,-1.0154911737e+00,9.9980748461e-01,3.2933420356e-03,-1.3386172260e-02,-1.3962736399e-02,1.0165295647e+00,-1.9989497808e-01,4.8529098809e-02,2.1342837435e+00,-3.6615249861e-01,-1.6777200895e+00,9.9824968682e-01,-1.0664355762e-02,-5.1838259603e-02,-2.6393732543e-02,0.0000000000e+00,1.0000447137e-04,1.0000567721e-04,1.0000463852e-04,2.6498158057e-07,2.9772387272e-07,2.7780026853e-07,9.0300156691e-09,5.5509094598e-09,1.4465638765e-08
3.5850000000e+00,-1.9648996287e+00,5.9304185301e+00,7.8594790848e+00,-3.7750030080e-01,-4.2439920215e+00,-7.8414647232e-01,8.6848419308e-01,-1.6314539929e-01,6.3657197186e-02,1.6819838901e+00,-3.1798343391e-01,-9.6618534371e-01,9.9958231884e-01,2.2709987850e-03,-2.3971939326e-02,-1.5980505404e-02,1.0272009834e+00,-2.0172574057e-01,4.0140498362e-02,2.1220760743e+00,-3.3509739376e-01,-1.6892653441e+00,9.9757934055e-01,-1.1784222265e-02,-6.2422418390e-02,-2.8284856211e-02,0.0000000000e+00,1.0000465510e-04,1.0000591792e-04,1.0000483826e-04,2.7388397651e-07,3.0683075342e-07,2.8689872376e-07,9.0486734691e-09,5.5695672598e-09,1.4484296565e-08
3.5900000000e+00,-9.3965858702e+00,4.0992570898e+00,1.9398071101e+01,-5.6897170745e-01,-3.6367901486e+00,-9.1861637382e-01,8.7676059350e-01,-1.6458002092e-01,5.8712511490e-02,1.6659584145e+00,-2.9899690801e-01,-9.5560720671e-01,9.9928575221e-01,8.0517981041e-04,-3.3031351995e-02,-1.8337581815e-02,1.0378113638e+00,-2.0340122754e-01,3.1694171642e-02,2.0647065033e+00,-3.0943446787e-01,-1.6484000006e+00,9.9688521615e-01,-1.3316464853e-02,-7.1476271350e-02,-3.0556181281e-02,0.0000000000e+00,1.0000485196e-04,1.0000617393e-04,1.0000505186e-04,2.8251973288e-07,3.1436019863e-07,2.9520506696e-07,9.0673312691e-09,5.5882250598e-09,1.4502954365e-08
3.5950000000e+00,-9.6256922788e+01,5.3757455287e+00,3.4085075447e+01,-6.1927797381e-01,-3.2732681076e+00,-9.8672905939e-01,8.8482441455e-01,-1.6592114384e-01,5.3969079682e-02,1.6219335796e+00,-2.8045613255e-01,-9.1705441376e-01,9.9893373545e-01,-7.6472316180e-04,-4.1177604033e-02,-2.0861742426e-02,1.0515055050e+00,-2.0740710789e-01,7.4354163118e-02,1.6203432556e+00,-2.7949984158e-01,-9.3923522342e-01,9.9552884716e-01,-1.5938308697e-02,-8.6804912476e-02,-3.3662916615e-02,1.0000000000e+00,1.0000349542e-04,1.0000432826e-04,1.0000356996e-04,9.6676993663e-09,9.6838263872e-09,9.6741173173e-09,9.1436365055e-09,5.4583252384e-09,1.3738054585e-08
3.6000000000e+00,-6.7237047110e+01,5.1546140501e+00,4.0133805997e+01,-4.0008976242e-01,1.4923577837e+00,-1.0500849291e+00,8.9076168393e-01,-1.6702685426e-01,4.9720208690e-02,1.1921395413e+00,-2.2997281367e-01,-8.3327849906e-01,9.9902079907e-01,-1.5647050898e-03,-3.7427905969e-02,-2.3540318020e-02,1.0580086303e+00,-2.0854283577e-01,7.0158285275e-02,1.2145017897e+00,-2.2833580962e-01,-8.3902496943e-01,9.9575443967e-01,-1.6656381094e-02,-8.3280532514e-02,-3.5496672337e-02,1.0000000000e+00,1.0000348109e-04,1.0000433621e-04,1.0000356753e-04,6.5737463232e-09,6.6943388554e-09,6.6286281588e-09,9.1532992365e-09,5.3598928276e-09,1.3267403000e-08
3.6050000000e+00,-8.3273035875e+01,1.1280459305e+01,1.0384862143e+02,-2.4359842000e-01,4.2353347178e+00,-1.0228066742e+00,8.9526209209e-01,-1.6793942380e-01,4.6036757921e-02,9.0078186350e-01,-1.8864711974e-01,-7.2814870603e-01,9.9929643803e-01,-1.8338822431e-03,-2.6833432739e-02,-2.6138720385e-02,1.0661195598e+00,-2.0931665466e-01,6.4909182048e-02,8.2963629388e-01,-1.6450992511e-01,-6.2359077150e-01,9.9600025847e-01,-1.7030840382e-02,-8.0124970976e-02,-3.5685075701e-02,1.0000000000e+00,1.0000347609e-04,1.0000431587e-04,1.0000356437e-04,6.3250455833e-09,6.6592687162e-09,6.4108141760e-09,9.1812071882e-09,4.8304754871e-09,1.2155496826e-08
3.6100000000e+00,-5.8084133753e+01,6.3925036778e+00,7.5235507790e+01,-8.9982321389e-02,3.9552726550e+00,-7.3969327709e-01,8.9828650755e-01,-1.6847508464e-01,4.3789639360e-02,6.0401374996e-01,-1.0889565802e-01,-4.4742426397e-01,9.9946221584e-01,-1.7563369223e-03,-1.6952373649e-02,-2.8014485939e-02,1.0708293591e+00,-2.1054572672e-01,6.1190619613e-02,5.5822465580e-01,-1.0407870319e-01,-4.0890795232e-01,9.9664998831e-01,-1.7096298547e-02,-7.0057413549e-02,-3.8580774815e-02,1.0000000000e+00,1.0000347385e-04,1.0000429789e-04,1.0000355763e-04,6.2661079624e-09,6.5292500372e-09,6.3097096079e-09,9.1016875054e-09,4.4071262851e-09,1.1522743953e-08
3.6150000000e+00,-4.0059351490e+01,3.4700785346e+00,5.4997022874e+01,-1.4631147840e-02,3.4297027493e+00,-5.1341689581e-01,9.0028814175e-01,-1.6879152497e-01,4.2570298282e-02,3.9925439670e-01,-6.3514822351e-02,-2.4356786538e-01,9.9953377276e-01,-1.5362315959e-03,-8.3844454327e-03,-2.9318563651e-02,1.0738680719e+00,-2.1129042733e-01,5.8613490305e-02,3.7026185799e-01,-6.2312756043e-02,-2.3165387983e-01,9.9723204561e-01,-1.6841120806e-02,-5.9996822186e-02,-4.0558663585e-02,1.0000000000e+00,1.0000347306e-04,1.0000428917e-04,1.0000355269e-04,6.2041754408e-09,6.3554407663e-09,6.2124549678e-09,9.0216450994e-09,4.1647351033e-09,1.1261755074e-08
3.6200000000e+00,-2.7292165784e+01,1.8459435634e+00,4.0361198026e+01,2.0701820750e-02,2.8106232994e+00,-3.4405721202e-01,9.0157416220e-01,-1.6898150663e-01,4.2077734118e-02,2.5632965154e-01,-3.7807600779e-02,-9.8319829537e-02,9.9954232697e-01,-1.2777902242e-03,-1.3647694877e-03,-3.0193397574e-02,1.0758629166e+00,-2.1165244324e-01,5.7119658254e-02,2.3932576947e-01,-3.6533442507e-02,-9.7591004253e-02,9.9765073144e-01,-1.6437049479e-02,-5.1851572917e-02,-4.1644397464e-02,1.0000000000e+00,1.0000347293e-04,1.0000428585e-04,1.0000354980e-04,6.1561154465e-09,6.2331677758e-09,6.1481763435e-09,8.9639703529e-09,4.0406875070e-09,1.1175836417e-08
3.6250000000e+00,-1.8193096630e+01,1.2158889606e+00,2.9876804290e+01,3.0607420371e-02,2.1819022370e+00,-2.2109640503e-01,9.0235525409e-01,-1.6909614250e-01,4.2085959703e-02,1.5559742810e-01,-2.2753168880e-02,2.0850321776e-03,9.9951799438e-01,-1.0327165998e-03,4.0819258069e-03,-3.0757930623e-02,1.0771353583e+00,-2.1183232784e-01,5.6470282699e-02,1.4742885430e-01,-2.0741092725e-02,-1.6931509155e-03,9.9792878512e-01,-1.6002344319e-02,-4.5809113345e-02,-4.2232569546e-02,1.0000000000e+00,1.0000347307e-04,1.0000428485e-04,1.0000354827e-04,6.1248807755e-09,6.1619154994e-09,6.1124662687e-09,8.9272783151e-09,3.9830537827e-09,1.1161014248e-08
3.6300000000e+00,-1.3073991309e+01,1.8313803708e-01,2.3147867638e+01,3.0016830565e-02,1.5983052018e+00,-1.6080594438e-01,9.0285311373e-01,-1.6914193875e-01,4.2380549928e-02,9.9411164450e-02,-8.9404368411e-03,5.9637576617e-02,9.9948124607e-01,-8.3461101041e-04,8.0742923083e-03,-3.1166456015e-02,1.0779448755e+00,-2.1193332414e-01,5.6342051146e-02,8.8828013701e-02,-9.4473121938e-03,5.9195556630e-02,9.9810441708e-01,-1.5816892270e-02,-4.1377668032e-02,-4.2723378925e-02,1.0000000000e+00,1.0000347327e-04,1.0000428467e-04,1.0000354749e-04,6.1067927106e-09,6.1257757155e-09,6.0955959815e-09,8.9044919012e-09,3.9591417931e-09,1.1171289073e-08
3.6350000000e+00,-8.9075759822e+00,-2.3436912676e-01,1.8001978374e+01,2.4186506298e-02,1.0907415593e+00,-1.0714131266e-01,9.0312826431e-01,-1.6915246139e-01,4.2864168726e-02,5.5152305799e-02,-1.9827011022e-03,9.7660772893e-02,9.9944707274e-01,-6.9634692537e-04,1.0796552090e-02,-3.1440393770e-02,1.0784371034e+00,-2.1196552607e-01,5.6578286958e-02,4.8142403269e-02,-2.6540352318e-03,9.7069034665e-02,9.9821150163e-01,-1.5693979485e-02,-3.8420831167e-02,-4.3027163047e-02,1.0000000000e+00,1.0000347350e-04,1.0000428470e-04,1.0000354714e-04,6.0961098069e-09,6.1060997380e-09,6.0870569334e-09,8.8929990782e-09,3.9533241246e-09,1.1189149736e-08
3.6400000000e+00,-5.6932470241e+00,-3.9352302292e-01,1.4119606092e+01,1.3311673206e-02,6.5988710893e-01,-6.8051877960e-02,9.0323512326e-01,-1.6914489418e-01,4.3461142330e-02,2.1649174212e-02,1.5442824443e-03,1.2043447545e-01,9.9942253387e-01,-6.1545847605e-04,1.2443112718e-02,-3.1613113470e-02,1.0786987428e+00,-2.1196625007e-01,5.7047088935e-02,1.8807302978e-02,1.0366639682e-03,1.1878295728e-01,9.9827031475e-01,-1.5617378715e-02,-3.6679321681e-02,-4.3209993472e-02,1.0000000000e+00,1.0000347374e-04,1.0000428474e-04,1.0000354703e-04,6.0897168439e-09,6.0952424353e-09,6.0827136030e-09,8.8893402214e-09,3.9576981234e-09,1.1208412098e-08
3.6450000000e+00,-3.2294668745e+00,-2.8355554996e-01,1.1301297391e+01,3.2182123403e-03,3.0527433602e-01,-3.9200667601e-02,9.0321985331e-01,-1.6912773070e-01,4.4114621406e-02,-2.7115283065e-03,3.4135293196e-03,1.3174297725e-01,9.9940947507e-01,-5.8326318204e-04,1.3207923919e-02,-3.1716110838e-02,1.0787914660e+00,-2.1195803806e-01,5.7650416785e-02,-2.2045497201e-03,3.2283065701e-03,1.2905862184e-01,9.9829453278e-01,-1.5577896583e-02,-3.5903333300e-02,-4.3316343438e-02,1.0000000000e+00,1.0000347398e-04,1.0000428472e-04,1.0000354706e-04,6.0858982767e-09,6.0893725791e-09,6.0805499221e-09,8.8907278302e-09,3.9678472364e-09,1.1226893740e-08
3.6500000000e+00,-1.1366184803e+00,-2.4842341561e-01,9.1180775635e+00,-5.0530335704e-03,2.5415735246e-02,-3.3848801306e-02,9.0310690549e-01,-1.6910904922e-01,4.4789639135e-02,-2.2238887256e-02,3.7354854216e-03,1.3597391105e-01,9.9940601583e-01,-5.9467992909e-04,1.3272854568e-02,-3.1797691985e-02,1.0787542157e+00,-2.1195145512e-01,5.8329145393e-02,-1.7901059159e-02,3.8525036453e-03,1.3170093093e-01,9.9829086323e-01,-1.5564705510e-02,-3.5890236210e-02,-4.3416394201e-02,1.0000000000e+00,1.0000347421e-04,1.0000428458e-04,1.0000354716e-04,6.0835526880e-09,6.0862526689e-09,6.0794977675e-09,8.8954581843e-09,3.9812972870e-09,1.1243378285e-08
3.6550000000e+00,2.4323177539e-01,-1.5703439806e-01,7.7043908790e+00,-1.1265791804e-02,-1.8694826522e-01,-2.2485631698e-02,9.0293542090e-01,-1.6908864661e-01,4.5451637764e-02,-3.3978623701e-02,4.1141676173e-03,1.3327514017e-01,9.9941036516e-01,-6.3712109580e-04,1.2805149647e-02,-3.1851911075e-02,1.0786300162e+00,-2.1194479876e-01,5.9028412264e-02,-2.8293708831e-02,4.1797004945e-03,1.2852635673e-01,9.9826805116e-01,-1.5588399719e-02,-3.6425097161e-02,-4.3486918930e-02,1.0000000000e+00,1.0000347443e-04,1.0000428435e-04,1.0000354731e-04,6.0821830089e-09,6.0847959173e-09,6.0790992677e-09,8.9020233083e-09,3.9964925745e-09,1.1257919537e-08
3.6600000000e+00,1.0519904932e+00,-1.3855398506e-01,6.7772530649e+00,-1.2588170490e-02,-3.4075514449e-01,-1.2357528609e-02,9.0273333157e-01,-1.6906680859e-01,4.6077322471e-02,-4.0149527473e-02,4.4426853481e-03,1.2592147610e-01,9.9941984498e-01,-6.9988018252e-04,1.1954641760e-02,-3.1883697639e-02,1.0784540408e+00,-2.1193447275e-01,5.9712202146e-02,-3.4427227962e-02,4.3472665139e-03,1.2111569680e-01,9.9823172052e-01,-1.5638166865e-02,-3.7342467041e-02,-4.3524935927e-02,1.0000000000e+00,1.0000347463e-04,1.0000428406e-04,1.0000354749e-04,6.0813871541e-09,6.0841073328e-09,6.0790038055e-09,8.9097427345e-09,4.0125745861e-09,1.1271005613e-08
3.6650000000e+00,1.5381725810e+00,-1.6089584043e-01,6.3213364430e+00,-1.5175221808e-02,-4.4262390402e-01,-8.4221782726e-03,9.0252067389e-01,-1.6904351517e-01,4.6652477882e-02,-4.2314628930e-02,4.7804526725e-03,1.1573807368e-01,9.9943182669e-01,-7.7429775996e-04,1.0850015176e-02,-3.1901433180e-02,1.0782515382e+00,-2.1191874203e-01,6.0356222415e-02,-3.7163791493e-02,4.4648329430e-03,1.1120444888e-01,9.9818548504e-01,-1.5713937544e-02,-3.8506484281e-02,-4.3543774516e-02,1.0000000000e+00,1.0000347483e-04,1.0000428371e-04,1.0000354769e-04,6.0809730379e-09,6.0838644332e-09,6.0790120148e-09,8.9179683033e-09,4.0290602089e-09,1.1283039880e-08
3.6700000000e+00,1.7686425637e+00,-1.4163212577e-01,6.1073551085e+00,-1.7268903421e-02,-4.9670047542e-01,3.5870912602e-03,9.0231135327e-01,-1.6902159021e-01,4.7173034933e-02,-4.1703116668e-02,4.5471279068e-03,1.0476009130e-01,9.9944469478e-01,-8.5660692703e-04,9.6120227047e-03,-3.1893217499e-02,1.0780400467e+00,-2.1190286379e-01,6.0948032241e-02,-3.7409990162e-02,4.3565100264e-03,1.0026587859e-01,9.9813410628e-01,-1.5801592802e-02,-3.9796054468e-02,-4.3530329540e-02,1.0000000000e+00,1.0000347503e-04,1.0000428334e-04,1.0000354789e-04,6.0807629181e-09,6.0837874429e-09,6.0790403462e-09,8.9263852939e-09,4.0457172487e-09,1.1294482144e-08
3.6750000000e+00,1.8420576056e+00,-1.0366666574e-01,6.1030559876e+00,-1.6723464847e-02,-5.1797856205e-01,6.9181047030e-03,9.0211403130e-01,-1.6900018186e-01,4.7634306437e-02,-3.9349423883e-02,4.4760761418e-03,9.2858052099e-02,9.9945696827e-01,-9.4083416393e-04,8.3195103720e-03,-3.1869564557e-02,1.0778325636e+00,-2.1188653139e-01,6.1480776285e-02,-3.5956517724e-02,4.3360704162e-03,8.8749232138e-02,9.9807971138e-01,-1.5891990149e-02,-4.1129316170e-02,-4.3505329901e-02,1.0000000000e+00,1.0000347522e-04,1.0000428295e-04,1.0000354810e-04,6.0806860115e-09,6.0838095801e-09,6.0790601407e-09,8.9347250580e-09,4.0624201486e-09,1.1305648726e-08
3.6800000000e+00,1.8037153138e+00,-1.5844858171e-01,6.2710185986e+00,-1.6753640674e-02,-5.1565563542e-01,1.1140727177e-02,9.0193381042e-01,-1.6897928759e-01,4.8035947121e-02,-3.5964021886e-02,4.4013463540e-03,8.0896208581e-02,9.9946780062e-01,-1.0228331731e-03,7.0329705710e-03,-3.1837189818e-02,1.0776380209e+00,-2.1186729852e-01,6.1951091000e-02,-3.3471368582e-02,4.1978350341e-03,7.7293622578e-02,9.9802478438e-01,-1.5987320540e-02,-4.2446675681e-02,-4.3465101771e-02,1.0000000000e+00,1.0000347541e-04,1.0000428256e-04,1.0000354831e-04,6.0807198674e-09,6.0839104101e-09,6.0790640888e-09,8.9427267963e-09,4.0790754206e-09,1.1316733267e-08
3.6850000000e+00,1.7080328529e+00,-1.4053271339e-01,6.5125112249e+00,-1.3558608672e-02,-4.9500203337e-01,1.4796878046e-02,9.0177283446e-01,-1.6895926495e-01,4.8379945755e-02,-3.2139859710e-02,4.2527202231e-03,6.9338909423e-02,9.9947686763e-01,-1.0999039950e-03,5.7950768651e-03,-3.1799345491e-02,1.0774603728e+00,-2.1184838505e-01,6.2359275102e-02,-3.0427384275e-02,4.1253142605e-03,6.6237017452e-02,9.9797133217e-01,-1.6073392778e-02,-4.3703821123e-02,-4.3414769675e-02,1.0000000000e+00,1.0000347560e-04,1.0000428215e-04,1.0000354852e-04,6.0808119853e-09,6.0840589414e-09,6.0790580661e-09,8.9502490528e-09,4.0956282482e-09,1.1327873396e-08
3.6900000000e+00,1.5673229771e+00,-1.3820801426e-01,6.7165039693e+00,-1.4103235986e-02,-4.6216308949e-01,1.8578598672e-02,9.0162857214e-01,-1.6894219931e-01,4.8673991698e-02,-2.8829308601e-02,3.6552980420e-03,5.9327594761e-02,9.9948445521e-01,-1.1742397991e-03,4.6413487215e-03,-3.1747485386e-02,1.0772996883e+00,-2.1183336155e-01,6.2710666872e-02,-2.7561479876e-02,3.7798623689e-03,5.6194998783e-02,9.9792048262e-01,-1.6152391117e-02,-4.4874262603e-02,-4.3360248998e-02,1.0000000000e+00,1.0000347579e-04,1.0000428176e-04,1.0000354874e-04,6.0809173596e-09,6.0841676690e-09,6.0790463500e-09,8.9574035605e-09,4.1120687219e-09,1.1339205356e-08
3.6950000000e+00,1.4423317215e+00,-1.6059210722e-01,7.0536426063e+00,-1.5434417841e-02,-4.2190847760e-01,2.1395224572e-02,9.0150342279e-01,-1.6892636393e-01,4.8920418212e-02,-2.5024601242e-02,3.4191378294e-03,4.9783959231e-02,9.9949045192e-01,-1.2436081785e-03,3.5873641865e-03,-3.1692598063e-02,1.0771578180e+00,-2.1181777182e-01,6.3007483476e-02,-2.4460988220e-02,3.5058528711e-03,4.7097180878e-02,9.9787365826e-01,-1.6234047769e-02,-4.5934922299e-02,-4.3296659861e-02,1.0000000000e+00,1.0000347598e-04,1.0000428135e-04,1.0000354894e-04,6.0810808015e-09,6.0843795167e-09,6.0790339009e-09,8.9639029032e-09,4.1283398704e-09,1.1350694615e-08
3.7000000000e+00,1.3091480197e+00,-1.3513023560e-01,7.3966865243e+00,-1.2333354578e-02,-3.7950047519e-01,1.9533431174e-02,9.0139782635e-01,-1.6891114755e-01,4.9123576922e-02,-2.1121386258e-02,3.3164067604e-03,4.1111050170e-02,9.9949498799e-01,-1.3071392343e-03,2.6434250871e-03,-3.1639732404e-02,1.0770354033e+00,-2.1180264541e-01,6.3254147457e-02,-2.1217096253e-02,3.4362635257e-03,3.8904509082e-02,9.9783108474e-01,-1.6304385672e-02,-4.6881224575e-02,-4.3237068695e-02,1.0000000000e+00,1.0000347617e-04,1.0000428094e-04,1.0000354915e-04,6.0812697265e-09,6.0846405247e-09,6.0790229332e-09,8.9696429919e-09,4.1444093542e-09,1.1362336445e-08
3.7050000000e+00,1.1354526685e+00,-1.7566015255e-01,7.7423062681e+00,-1.2593517058e-02,-3.3207264790e-01,1.7969243351e-02,9.0131100728e-01,-1.6889655341e-01,4.9288678018e-02,-1.7366289574e-02,3.2189852404e-03,3.3480685210e-02,9.9949830747e-01,-1.3637870563e-03,1.8146576227e-03,-3.1590828974e-02,1.0769332377e+00,-2.1178608148e-01,6.3455515511e-02,-1.8096832470e-02,3.3279492552e-03,3.1700052030e-02,9.9779362372e-01,-1.6372758137e-02,-4.7699967471e-02,-4.3180207927e-02,1.0000000000e+00,1.0000347636e-04,1.0000428053e-04,1.0000354935e-04,6.0814820366e-09,6.0849003703e-09,6.0790123124e-09,8.9746218830e-09,4.1602535368e-09,1.1374197234e-08
3.7100000000e+00,1.0267909388e+00,-9.2200961538e-02,7.9935480078e+00,-1.2707178116e-02,-2.8469806639e-01,2.5615530317e-02,9.0123848656e-01,-1.6888462959e-01,4.9424083631e-02,-1.4526437053e-02,2.6351497499e-03,2.7529179635e-02,9.9950135072e-01,-1.4189644717e-03,1.1062103127e-03,-3.1524795767e-02,1.0768461616e+00,-2.1177679560e-01,6.3619518622e-02,-1.5415016560e-02,3.1324051647e-03,2.5723320372e-02,9.9776197843e-01,-1.6426100981e-02,-4.8397987753e-02,-4.3114410478e-02,1.0000000000e+00,1.0000347655e-04,1.0000428012e-04,1.0000354955e-04,6.0816596481e-09,6.0851378401e-09,6.0790071184e-09,8.9789938784e-09,4.1758916855e-09,1.1386211998e-08
3.7150000000e+00,8.5808857122e-01,-2.2551776122e-02,8.1984430639e+00,-1.1143633440e-02,-2.3850877919e-01,2.5232399496e-02,9.0118103269e-01,-1.6887283577e-01,4.9532164741e-02,-1.1517955834e-02,2.6039760318e-03,2.2048502650e-02,9.9950379816e-01,-1.4718863107e-03,5.1289134995e-04,-3.1459942052e-02,1.0767751213e+00,-2.1176968811e-01,6.3750652919e-02,-1.2910408954e-02,3.2181929091e-03,2.0412087320e-02,9.9773589121e-01,-1.6468226109e-02,-4.8973385463e-02,-4.3052252490e-02,1.0000000000e+00,1.0000347674e-04,1.0000427972e-04,1.0000354975e-04,6.0818063963e-09,6.0852874051e-09,6.0790046563e-09,8.9829173175e-09,4.1913659974e-09,1.1398570764e-08
3.7200000000e+00,7.2893618022e-01,2.1510446048e-02,8.4274799209e+00,-1.5849647421e-02,-1.9254157332e-01,2.2802661076e-02,9.0113793161e-01,-1.6885891772e-01,4.9615705666e-02,-8.6434140019e-03,3.0505185521e-03,1.7123950245e-02,9.9950570805e-01,-1.5276801655e-03,3.0941646471e-05,-3.1400713701e-02,1.0767193979e+00,-2.1176112905e-01,6.3852145896e-02,-1.0485784893e-02,3.6496373821e-03,1.5755077050e-02,9.9771510754e-01,-1.6518357509e-02,-4.9426379015e-02,-4.2996989435e-02,1.0000000000e+00,1.0000347693e-04,1.0000427933e-04,1.0000354994e-04,6.0819584939e-09,6.0854547599e-09,6.0790052431e-09,8.9863657228e-09,4.2066720969e-09,1.1411216356e-08
3.7250000000e+00,6.4859227114e-01,1.0670692513e-01,8.6473789200e+00,-2.1321295173e-02,-1.4937860912e-01,2.0775314313e-02,9.0110765106e-01,-1.6884148928e-01,4.9677988654e-02,-6.0705458648e-03,3.7885520921e-03,1.2856637529e-02,9.9950724971e-01,-1.5933974327e-03,-3.4562659649e-04,-3.1346441590e-02,1.0766770015e+00,-2.1175162616e-01,6.3927782767e-02,-8.1692065034e-03,4.4653176530e-03,1.1742977467e-02,9.9769924133e-01,-1.6575144580e-02,-4.9766704101e-02,-4.2950711282e-02,1.0000000000e+00,1.0000347713e-04,1.0000427894e-04,1.0000355014e-04,6.0821103671e-09,6.0856604483e-09,6.0790094636e-09,8.9892891746e-09,4.2218055157e-09,1.1424019448e-08
3.7300000000e+00,4.9286990870e-01,1.8105341207e-02,8.9194185202e+00,-3.2296039741e-02,-1.1187904366e-01,3.3877190879e-02,9.0108797591e-01,-1.6882176107e-01,4.9722648391e-02,-3.9653731728e-03,4.1670310172e-03,9.3205721267e-03,9.9950959425e-01,-1.6857498938e-03,-6.2083309755e-04,-3.1262498609e-02,1.0766479798e+00,-2.1173794249e-01,6.3980389225e-02,-6.3623408533e-03,4.8902716355e-03,8.5245882198e-03,9.9768920429e-01,-1.6656768923e-02,-5.0006260143e-02,-4.2873973936e-02,1.0000000000e+00,1.0000347732e-04,1.0000427856e-04,1.0000355032e-04,6.0823010107e-09,6.0858759712e-09,6.0790109923e-09,8.9916576766e-09,4.2367167817e-09,1.1437035314e-08
3.7350000000e+00,3.4822275506e-01,-5.8381782750e-02,9.1146750981e+00,-4.2129367809e-02,-7.6812960402e-02,3.3999882271e-02,9.0107792177e-01,-1.6879930537e-01,4.9752955991e-02,-2.0415823027e-03,4.6977833524e-03,6.4356129243e-03,9.9951192210e-01,-1.7988539009e-03,-8.0962239050e-04,-3.1177335082e-02,1.0766310989e+00,-2.1171821425e-01,6.4014503112e-02,-4.8240739876e-03,5.2719478255e-03,5.8647775210e-03,9.9768359187e-01,-1.6765614753e-02,-5.0150079409e-02,-4.2794090839e-02,1.0000000000e+00,1.0000347751e-04,1.0000427818e-04,1.0000355051e-04,6.0824749650e-09,6.0860395254e-09,6.0790137359e-09,8.9935846103e-09,4.2514258348e-09,1.1450320408e-08
3.7400000000e+00,2.5447295831e-01,-2.0089015188e-01,9.2415908094e+00,-4.9501691243e-02,-4.6775730141e-02,2.9417299898e-02,9.0107543730e-01,-1.6877466032e-01,4.9772148044e-02,-5.2018871112e-04,5.1592130210e-03,4.1983948098e-03,9.9951393874e-01,-1.9259639415e-03,-9.2605886547e-04,-3.1101757873e-02,1.0766246359e+00,-2.1169033197e-01,6.4034564631e-02,-3.5317603611e-03,5.4533389892e-03,3.6983985855e-03,9.9768135370e-01,-1.6899532577e-02,-5.0213291846e-02,-4.2719405351e-02,1.0000000000e+00,1.0000347770e-04,1.0000427782e-04,1.0000355069e-04,6.0826229466e-09,6.0861564354e-09,6.0790165085e-09,8.9951993545e-09,4.2659600142e-09,1.1463798577e-08
3.7450000000e+00,2.9879678709e-01,-5.2393917214e-01,9.1979601606e+00,-4.8541267191e-02,-2.3998525531e-02,2.6013868262e-02,9.0107861203e-01,-1.6875004456e-01,4.9782489595e-02,6.2243586226e-04,5.1979430068e-03,2.4161437868e-03,9.9951571359e-01,-2.0483088536e-03,-9.8044037602e-04,-3.1035164813e-02,1.0766266885e+00,-2.1164989244e-01,6.4046397333e-02,-2.2928719658e-03,4.9128706847e-03,1.7077500616e-03,9.9768195296e-01,-1.7048068134e-02,-5.0219611415e-02,-4.2638887724e-02,1.0000000000e+00,1.0000347788e-04,1.0000427744e-04,1.0000355087e-04,6.0827162803e-09,6.0861865121e-09,6.0790186679e-09,8.9967031572e-09,4.2803910605e-09,1.1477188510e-08
3.7500000000e+00,1.8311025787e-01,-3.9439772865e-01,9.3866777553e+00,-3.3664249637e-02,3.5016524868e-03,4.1884310840e-02,9.0108610384e-01,-1.6873448220e-01,4.9781889628e-02,1.4699078626e-03,3.2892944496e-03,2.1910798451e-04,9.9951881687e-01,-2.1284531944e-03,-9.6939696107e-04,-3.0929996580e-02,1.0766325352e+00,-2.1162621887e-01,6.4044103098e-02,-1.5311752967e-03,3.8304493767e-03,-7.0933827242e-05,9.9768807165e-01,-1.7132716409e-02,-5.0157886451e-02,-4.2534317338e-02,1.0000000000e+00,1.0000347808e-04,1.0000427707e-04,1.0000355105e-04,6.0828280876e-09,6.0863020955e-09,6.0790242858e-09,8.9979402620e-09,4.2946486737e-09,1.1490726322e-08
3.7550000000e+00,-5.0333630942e-02,-3.2208246004e-02,9.6822905170e+00,-1.7566705902e-02,2.2688816553e-02,4.4936350390e-02,9.0109786817e-01,-1.6872306993e-01,4.9773859298e-02,2.3240967182e-03,2.4394967989e-03,-1.2780556036e-03,9.9952211693e-01,-2.1731189520e-03,-9.0943479800e-04,-3.0821879509e-02,1.0766423806e+00,-2.1161996916e-01,6.4027449045e-02,-1.1596969931e-03,3.6584480286e-03,-1.1695585502e-03,9.9769770365e-01,-1.7154039134e-02,-5.0042580968e-02,-4.2435494111e-02,1.0000000000e+00,1.0000347828e-04,1.0000427672e-04,1.0000355123e-04,6.0829624777e-09,6.0864833453e-09,6.0790359461e-09,8.9987726488e-09,4.3087158707e-09,1.1504739853e-08
3.7600000000e+00,-1.1489955093e-01,1.2686880309e-01,9.8698917520e+00,-1.9515945085e-02,3.3508269490e-02,3.7218686584e-02,9.0111136023e-01,-1.6870920950e-01,4.9763295903e-02,2.6769450212e-03,2.9523534797e-03,-1.7940453430e-03,9.9952493306e-01,-2.2214797671e-03,-8.2328766011e-04,-3.0729390116e-02,1.0766542203e+00,-2.1161683504e-01,6.4003809352e-02,-9.2970337622e-04,4.2381781898e-03,-1.5699026273e-03,9.9770780384e-01,-1.7174787335e-02,-4.9897550067e-02,-4.2360351060e-02,1.0000000000e+00,1.0000347848e-04,1.0000427638e-04,1.0000355140e-04,6.0831028498e-09,6.0867000242e-09,6.0790515562e-09,8.9991333177e-09,4.3226207772e-09,1.1518938458e-08
3.7650000000e+00,-9.8921143108e-02,1.6854417772e-01,9.8497691117e+00,-3.3478017015e-02,3.8922652862e-02,2.9208349139e-02,9.0112484658e-01,-1.6868914170e-01,4.9753287757e-02,2.6864359588e-03,4.2408786782e-03,-1.6896543674e-03,9.9952703897e-01,-2.3052651838e-03,-7.2487367390e-04,-3.0657114499e-02,1.0766668636e+00,-2.1160844941e-01,6.3980060614e-02,-7.8628657281e-04,5.3267278888e-03,-1.7013462194e-03,9.9771704135e-01,-1.7233738033e-02,-4.9738926720e-02,-4.2305352516e-02,1.0000000000e+00,1.0000347868e-04,1.0000427604e-04,1.0000355158e-04,6.0831563844e-09,6.0867809454e-09,6.0790602438e-09,8.9993380132e-09,4.3364714337e-09,1.1533164883e-08
3.7700000000e+00,-1.0995061268e-01,2.2362677059e-02,9.8978675986e+00,-5.5320968856e-02,4.0798753398e-02,4.0409372429e-02,9.0113565357e-01,-1.6866759828e-01,4.9741428647e-02,2.1368835476e-03,4.4283526881e-03,-2.0638633608e-03,9.9952984526e-01,-2.4417132726e-03,-6.1804024839e-04,-3.0557233125e-02,1.0766787435e+00,-2.1159583162e-01,6.3955438293e-02,-1.1135810312e-03,5.5892726935e-03,-1.8795903955e-03,9.9772653580e-01,-1.7345586581e-02,-4.9576495219e-02,-4.2226313053e-02,1.0000000000e+00,1.0000347887e-04,1.0000427569e-04,1.0000355175e-04,6.0832235212e-09,6.0868534346e-09,6.0790595432e-09,8.9994263402e-09,4.3502198547e-09,1.1547359700e-08
3.7750000000e+00,-1.1073209953e-01,-8.4584826392e-02,9.9587250403e+00,-6.8361698590e-02,4.1124425372e-02,4.0030102427e-02,9.0114618184e-01,-1.6864462053e-01,4.9729121921e-02,2.0805970497e-03,4.6869503089e-03,-2.1597605792e-03,9.9953241185e-01,-2.6102901744e-03,-5.0820206810e-04,-3.0461217449e-02,1.0766906875e+00,-2.1157762386e-01,6.3929372600e-02,-1.3007011665e-03,5.6496964512e-03,-1.8823676861e-03,9.9773567262e-01,-1.7497326405e-02,-4.9408890286e-02,-4.2144189481e-02,1.0000000000e+00,1.0000347906e-04,1.0000427534e-04,1.0000355192e-04,6.0833011859e-09,6.0869427073e-09,6.0790569662e-09,8.9992814251e-09,4.3638621033e-09,1.1561537697e-08
3.7800000000e+00,-1.4178053971e-01,-1.5200067111e-01,1.0020258921e+01,-7.6026653450e-02,4.1429834776e-02,3.3442023800e-02,9.0115660711e-01,-1.6862085511e-01,4.9717503473e-02,2.0658613704e-03,4.8594665020e-03,-2.0273236047e-03,9.9953445345e-01,-2.7944304462e-03,-3.9867603432e-04,-3.0379410481e-02,1.0767033335e+00,-2.1155550480e-01,6.3902727432e-02,-1.4594848761e-03,5.6621808447e-03,-1.6844204015e-03,9.9774401338e-01,-1.7673559346e-02,-4.9236762253e-02,-4.2074580357e-02,1.0000000000e+00,1.0000347926e-04,1.0000427499e-04,1.0000355209e-04,6.0833789622e-09,6.0870206534e-09,6.0790573003e-09,8.9989300604e-09,4.3773981504e-09,1.1575738410e-08
3.7850000000e+00,-1.6895824972e-01,-1.0050461161e-02,9.8919178175e+00,-7.5092736082e-02,4.1252236945e-02,2.7550104356e-02,9.0116633822e-01,-1.6859717367e-01,4.9707399973e-02,1.9354406563e-03,4.8814283821e-03,-1.7270292671e-03,9.9953599151e-01,-2.9811731912e-03,-2.9186675924e-04,-3.0312193943e-02,1.0767141445e+00,-2.1153845224e-01,6.3877899048e-02,-1.5987002740e-03,5.9579011947e-03,-1.6878114066e-03,9.9775160201e-01,-1.7837193332e-02,-4.9065350610e-02,-4.2025784862e-02,1.0000000000e+00,1.0000347946e-04,1.0000427466e-04,1.0000355226e-04,6.0833320281e-09,6.0869132651e-09,6.0790608731e-09,8.9988380907e-09,4.3909692051e-09,1.1590115838e-08
3.7900000000e+00,-1.2345427993e-01,-8.7476933936e-02,9.9902548697e+00,-8.6525870869e-02,3.5424308082e-02,3.8642545430e-02,9.0117079618e-01,-1.6857742910e-01,4.9695968571e-02,8.6838660796e-04,3.9915519331e-03,-1.9933629585e-03,9.9953817542e-01,-3.1949013125e-03,-1.9062361817e-04,-3.0219069318e-02,1.0767205294e+00,-2.1152609550e-01,6.3852618860e-02,-2.2387521969e-03,5.3872745069e-03,-1.6451625158e-03,9.9775858105e-01,-1.8019346947e-02,-4.8914847009e-02,-4.1957774207e-02,1.0000000000e+00,1.0000347965e-04,1.0000427432e-04,1.0000355243e-04,6.0833856621e-09,6.0869994491e-09,6.0790587124e-09,8.9986261725e-09,4.4044482663e-09,1.1604342768e-08
3.7950000000e+00,-9.8916523859e-02,-1.7206309286e-01,1.0033291428e+01,-9.0281426994e-02,3.4291190825e-02,3.8082136459e-02,9.0117428785e-01,-1.6855994091e-01,4.9684898398e-02,6.7264123425e-04,3.5024985178e-03,-1.9233085861e-03,9.9954028691e-01,-3.4165826106e-03,-9.6312298801e-05,-3.0125280721e-02,1.0767253734e+00,-2.1151269462e-01,6.3826983855e-02,-2.5769307042e-03,4.7076558260e-03,-1.4914387200e-03,9.9776536608e-01,-1.8217926950e-02,-4.8763668818e-02,-4.1886584761e-02,1.0000000000e+00,1.0000347984e-04,1.0000427396e-04,1.0000355259e-04,6.0834494462e-09,6.0870937473e-09,6.0790553797e-09,8.9981531044e-09,4.4178421031e-09,1.1618489516e-08
3.8000000000e+00,-7.6974635495e-02,-9.8984895232e-02,9.9761936278e+00,-8.8004937656e-02,3.3294438996e-02,3.7650725602e-02,9.0117648738e-01,-1.6854848543e-01,4.9677548419e-02,4.0804718408e-04,2.2541973247e-03,-1.1788213833e-03,9.9954242631e-01,-3.6350640423e-03,-7.8039650125e-06,-3.0028723744e-02,1.0767269162e+00,-2.1150929121e-01,6.3803074915e-02,-2.7986045407e-03,3.8235619203e-03,-1.0897905489e-03,9.9777190110e-01,-1.8398163819e-02,-4.8615849597e-02,-4.1823917935e-02,1.0000000000e+00,1.0000348004e-04,1.0000427361e-04,1.0000355276e-04,6.0834447101e-09,6.0870924662e-09,6.0790536234e-09,8.9976801290e-09,4.4312154435e-09,1.1632633394e-08
3.8050000000e+00,-1.1045495203e-01,3.2318211162e-02,9.9482581487e+00,-8.1030860718e-02,3.0087697116e-02,2.7553720811e-02,9.0117896816e-01,-1.6853750827e-01,4.9668917511e-02,4.6996271410e-04,2.1875476242e-03,-1.4338530951e-03,9.9954373045e-01,-3.8349199442e-03,7.2636066781e-05,-2.9960290751e-02,1.0767282343e+00,-2.1150963818e-01,6.3779913489e-02,-2.8796377496e-03,3.7026506683e-03,-1.1562258363e-03,9.9777734325e-01,-1.8562092787e-02,-4.8474998631e-02,-4.1785123081e-02,1.0000000000e+00,1.0000348024e-04,1.0000427327e-04,1.0000355293e-04,6.0834197892e-09,6.0870473601e-09,6.0790576226e-09,8.9973003455e-09,4.4446180901e-09,1.1646896922e-08
3.8100000000e+00,-1.5066796441e-01,-7.3838092560e-02,9.9294031943e+00,-8.9788275317e-02,2.5527176513e-02,3.9439732047e-02,9.0117871984e-01,-1.6852588747e-01,4.9662985020e-02,-8.3391841148e-05,2.2514962168e-03,-8.9131919747e-04,9.9954568487e-01,-4.0582051439e-03,1.4376766374e-04,-2.9865266904e-02,1.0767295646e+00,-2.1150595544e-01,6.3758693495e-02,-3.3345354094e-03,3.4983809822e-03,-8.8980390227e-04,9.9778304736e-01,-1.8758389760e-02,-4.8344762806e-02,-4.1712073970e-02,1.0000000000e+00,1.0000348044e-04,1.0000427294e-04,1.0000355310e-04,6.0834168611e-09,6.0869871285e-09,6.0790589677e-09,8.9970838062e-09,4.4580168200e-09,1.1661252883e-08
3.8150000000e+00,-7.0342777017e-02,-1.5387266398e-01,9.8982587495e+00,-9.2007229881e-02,2.1142367089e-02,3.9062090965e-02,9.0117683575e-01,-1.6851464706e-01,4.9660032215e-02,-4.1094785830e-04,2.1475700630e-03,-2.9091076560e-04,9.9954778972e-01,-4.2870333017e-03,2.0584685290e-04,-2.9762309155e-02,1.0767287977e+00,-2.1149969080e-01,6.3740486288e-02,-3.5581232632e-03,3.1911473673e-03,-4.6010847189e-04,9.9778802093e-01,-1.8967235514e-02,-4.8226341525e-02,-4.1635672905e-02,1.0000000000e+00,1.0000348063e-04,1.0000427260e-04,1.0000355328e-04,6.0834206403e-09,6.0869862261e-09,6.0790531964e-09,8.9968657155e-09,4.4714011312e-09,1.1675512720e-08
3.8200000000e+00,-6.7891306831e-02,-2.0142391536e-01,9.8234336154e+00,-8.8761439934e-02,1.8826208624e-02,4.3400008600e-02,9.0117336370e-01,-1.6850481127e-01,4.9660096711e-02,-7.2641354198e-04,1.8537521396e-03,3.1960441830e-04,9.9954994456e-01,-4.5088904799e-03,2.5968044170e-04,-2.9656547357e-02,1.0767270402e+00,-2.1149306543e-01,6.3725913098e-02,-3.8219728447e-03,2.8006486776e-03,-6.2498219133e-05,9.9779327617e-01,-1.9172071651e-02,-4.8114272306e-02,-4.1545474993e-02,1.0000000000e+00,1.0000348083e-04,1.0000427227e-04,1.0000355345e-04,6.0833955099e-09,6.0869161432e-09,6.0790499594e-09,8.9968046743e-09,4.4848015314e-09,1.1689779249e-08
3.8250000000e+00,4.2939757556e-02,1.3527378755e-01,9.7415036023e+00,-8.2860846780e-02,1.5183744158e-02,5.2586544072e-02,9.0116702643e-01,-1.6850113574e-01,4.9664663659e-02,-1.3043758961e-03,5.6564437686e-04,1.2345672846e-03,9.9955289451e-01,-4.7174816059e-03,3.0813266492e-04,-2.9523913907e-02,1.0767174656e+00,-2.1150770457e-01,6.3714523630e-02,-3.9861341453e-03,2.5027640205e-03,4.8878320529e-04,9.9779855360e-01,-1.9327659601e-02,-4.8020105071e-02,-4.1455488328e-02,1.0000000000e+00,1.0000348103e-04,1.0000427193e-04,1.0000355362e-04,6.0833199719e-09,6.0868857555e-09,6.0790497670e-09,8.9968774304e-09,4.4982603745e-09,1.1703937810e-08
3.8300000000e+00,8.3458330639e-02,5.8279781641e-02,9.7151129778e+00,-9.4145802624e-02,1.3463490185e-02,5.7875114803e-02,9.0115929018e-01,-1.6849666400e-01,4.9669983447e-02,-1.5838132091e-03,7.0234977427e-04,1.3860115573e-03,9.9955596984e-01,-4.9506079116e-03,3.4773388223e-04,-2.9380839406e-02,1.0767073772e+00,-2.1151876740e-01,6.3706565615e-02,-4.1458565596e-03,2.3163933605e-03,7.5847152457e-04,9.9780351300e-01,-1.9522370653e-02,-4.7930718089e-02,-4.1348189266e-02,1.0000000000e+00,1.0000348123e-04,1.0000427159e-04,1.0000355379e-04,6.0832954907e-09,6.0868760731e-09,6.0790467229e-09,8.9969788672e-09,4.5117546886e-09,1.1717974353e-08
3.8350000000e+00,7.0104408291e-02,-2.3749988708e-02,9.7024804942e+00,-9.6192069930e-02,1.1031623408e-02,6.0240788953e-02,9.0115064487e-01,-1.6849334319e-01,4.9676516933e-02,-1.7662404833e-03,4.3907511005e-04,1.6344226325e-03,9.9955914746e-01,-5.1936101410e-03,3.8161289387e-04,-2.9229976226e-02,1.0766971437e+00,-2.1152836987e-01,6.3700242151e-02,-4.3529544122e-03,1.9315494586e-03,9.9361618699e-04,9.9780833918e-01,-1.9727103558e-02,-4.7846359424e-02,-4.1232093541e-02,1.0000000000e+00,1.0000348142e-04,1.0000427125e-04,1.0000355397e-04,6.0832936641e-09,6.0868526777e-09,6.0790434128e-09,8.9971245391e-09,4.5252383882e-09,1.1732016003e-08
3.8400000000e+00,8.1396468420e-02,-5.2207106943e-02,9.6529669981e+00,-9.7358046681e-02,8.0289755066e-03,6.2976244756e-02,9.0114135436e-01,-1.6849233455e-01,4.9683917625e-02,-1.8970447756e-03,-6.3952355385e-05,1.8170825449e-03,9.9956237162e-01,-5.4357893227e-03,4.1186737108e-04,-2.9074865335e-02,1.0766859648e+00,-2.1153954374e-01,6.3695520954e-02,-4.4838605273e-03,1.4208241305e-03,1.1044168798e-03,9.9781298809e-01,-1.9935875547e-02,-4.7769120860e-02,-4.1108548484e-02,1.0000000000e+00,1.0000348162e-04,1.0000427092e-04,1.0000355414e-04,6.0832775844e-09,6.0868043732e-09,6.0790406557e-09,8.9973764030e-09,4.5387249628e-09,1.1746081117e-08
3.8450000000e+00,1.6140587708e-01,1.0977426336e-01,9.6852120079e+00,-9.2505938981e-02,7.8070766711e-03,6.1526998210e-02,9.0113170475e-01,-1.6849423831e-01,4.9691531004e-02,-1.9719424319e-03,-6.9193199407e-04,1.8716953372e-03,9.9956558263e-01,-5.6695852881e-03,4.3994740843e-04,-2.8918995061e-02,1.0766716717e+00,-2.1156044860e-01,6.3690768936e-02,-4.4014216840e-03,1.1520353607e-03,1.2477767499e-03,9.9781736895e-01,-2.0119193779e-02,-4.7696422723e-02,-4.0997164836e-02,1.0000000000e+00,1.0000348182e-04,1.0000427057e-04,1.0000355432e-04,6.0832860372e-09,6.0868725427e-09,6.0790419867e-09,8.9974871420e-09,4.5521864534e-09,1.1760005113e-08
3.8500000000e+00,1.6069264180e-01,4.3567684671e-02,9.5790122301e+00,-1.0059159020e-01,9.8549039104e-03,5.2740240743e-02,9.0112253579e-01,-1.6849417011e-01,4.9700631615e-02,-1.8714579422e-03,-2.3349708412e-04,2.1656053648e-03,9.9956791883e-01,-5.9174092656e-03,4.6660341417e-04,-2.8787882624e-02,1.0766592286e+00,-2.1157560073e-01,6.3688920625e-02,-4.2978262485e-03,1.1945568940e-03,1.2799525451e-03,9.9782072915e-01,-2.0334991727e-02,-4.7617448728e-02,-4.0900600949e-02,1.0000000000e+00,1.0000348202e-04,1.0000427024e-04,1.0000355449e-04,6.0832459389e-09,6.0867962942e-09,6.0790398343e-09,8.9977647235e-09,4.5656999861e-09,1.1773942268e-08
3.8550000000e+00,1.4892881232e-01,-3.4971344726e-02,9.6123751734e+00,-9.9979940626e-02,9.6914665587e-03,5.0199351920e-02,9.0111316430e-01,-1.6849507891e-01,4.9710269575e-02,-1.9131122336e-03,-4.1911223639e-04,2.2784027619e-03,9.9956999062e-01,-6.1676830291e-03,4.9480773539e-04,-2.8662670808e-02,1.0766474789e+00,-2.1158933429e-01,6.3687278881e-02,-4.3211861657e-03,9.5779335456e-04,1.4294676466e-03,9.9782380355e-01,-2.0551002502e-02,-4.7539183945e-02,-4.0808569533e-02,1.0000000000e+00,1.0000348221e-04,1.0000426990e-04,1.0000355467e-04,6.0832621368e-09,6.0867926815e-09,6.0790369093e-09,8.9980536983e-09,4.5791765401e-09,1.1787891992e-08
3.8600000000e+00,1.4592612371e-01,-1.1773351331e-01,9.5831538924e+00,-9.9816496298e-02,7.7664076015e-03,4.8543011266e-02,9.0110395379e-01,-1.6849824873e-01,4.9719347612e-02,-1.8849895234e-03,-8.9209601656e-04,2.1765506350e-03,9.9957201624e-01,-6.4133113160e-03,5.2583054100e-04,-2.8537296328e-02,1.0766361732e+00,-2.1160260421e-01,6.3686247023e-02,-4.3240265251e-03,4.2182077172e-04,1.3745704261e-03,9.9782650263e-01,-2.0769396601e-02,-4.7465108522e-02,-4.0718132275e-02,1.0000000000e+00,1.0000348241e-04,1.0000426957e-04,1.0000355485e-04,6.0832684125e-09,6.0867622111e-09,6.0790335188e-09,8.9984058065e-09,4.5926269496e-09,1.1801878821e-08
3.8650000000e+00,2.5471946923e-01,-2.2427260763e-01,9.6669977214e+00,-9.4121477806e-02,7.6562438088e-03,4.9914921873e-02,9.0109527910e-01,-1.6850559352e-01,4.9726530616e-02,-1.7836299899e-03,-1.7636062075e-03,1.8105058066e-03,9.9957413153e-01,-6.6441083673e-03,5.5914087442e-04,-2.8409483581e-02,1.0766243815e+00,-2.1161706824e-01,6.3684166785e-02,-4.0816382092e-03,-5.2746724443e-04,1.3223739107e-03,9.9782947572e-01,-2.0976339538e-02,-4.7394251159e-02,-4.0621614075e-02,1.0000000000e+00,1.0000348260e-04,1.0000426921e-04,1.0000355502e-04,6.0833425330e-09,6.0869043183e-09,6.0790262959e-09,8.9984335008e-09,4.6059702443e-09,1.1815598129e-08
3.8700000000e+00,2.2838701271e-01,-1.2464167552e-01,9.5581864742e+00,-7.9009986995e-02,1.5851210763e-02,4.2773985198e-02,9.0108861210e-01,-1.6851599764e-01,4.9740232173e-02,-1.3772810605e-03,-2.2852292490e-03,3.1216316014e-03,9.9957584244e-01,-6.8384406292e-03,6.0310133460e-04,-2.8302070682e-02,1.0766141077e+00,-2.1163690074e-01,6.3685088921e-02,-3.7516361984e-03,-1.0203589897e-03,1.8744318334e-03,9.9783353176e-01,-2.1142614118e-02,-4.7302721287e-02,-4.0542389162e-02,1.0000000000e+00,1.0000348280e-04,1.0000426887e-04,1.0000355520e-04,6.0833070986e-09,6.0868386980e-09,6.0790262197e-09,8.9985895161e-09,4.6193443561e-09,1.1829395407e-08
3.8750000000e+00,2.4736524766e-01,-4.5684033309e-02,9.4881769083e+00,-6.9170051444e-02,1.9231256181e-02,4.3010896476e-02,9.0108111772e-01,-1.6853083100e-01,4.9755486190e-02,-1.5479197998e-03,-3.1748228684e-03,3.4510071680e-03,9.9957770166e-01,-7.0075617791e-03,6.5633876693e-04,-2.8193645585e-02,1.0766026679e+00,-2.1166533570e-01,6.3689425474e-02,-3.6601996674e-03,-1.6041555740e-03,2.1523192537e-03,9.9783817075e-01,-2.1272627545e-02,-4.7208998008e-02,-4.0469381225e-02,1.0000000000e+00,1.0000348300e-04,1.0000426853e-04,1.0000355538e-04,6.0832555620e-09,6.0867598311e-09,6.0790272320e-09,8.9989797465e-09,4.6327616006e-09,1.1843207070e-08
3.8800000000e+00,2.1242087946e-01,-2.3966205541e-02,9.5151006563e+00,-6.2162765219e-02,2.2130342350e-02,4.4800663777e-02,9.0107345703e-01,-1.6854998725e-01,4.9768612572e-02,-1.5911888481e-03,-4.0965423404e-03,3.0482029118e-03,9.9957975749e-01,-7.1594054773e-03,7.1640140110e-04,-2.8080920487e-02,1.0765910731e+00,-2.1169992081e-01,6.3693272085e-02,-3.7163787501e-03,-2.3388621563e-03,2.0607864132e-03,9.9784363507e-01,-2.1379019993e-02,-4.7108978806e-02,-4.0395068633e-02,1.0000000000e+00,1.0000348319e-04,1.0000426820e-04,1.0000355556e-04,6.0832536467e-09,6.0867347652e-09,6.0790299646e-09,8.9994348694e-09,4.6461648581e-09,1.1857103952e-08
3.8850000000e+00,3.6328003146e-01,-1.9021353785e-01,9.6672135995e+00,-5.6083693339e-02,2.2086716718e-02,4.5733671751e-02,9.0106688544e-01,-1.6857402972e-01,4.9776838470e-02,-1.3863599424e-03,-5.1527376237e-03,2.0907153088e-03,9.9958198332e-01,-7.2945270416e-03,7.7968709581e-04,-2.7964988571e-02,1.0765791210e+00,-2.1173468149e-01,6.3694369197e-02,-3.3711630203e-03,-3.5988427279e-03,1.7804884517e-03,9.9784939273e-01,-2.1477006265e-02,-4.7012166233e-02,-4.0313569035e-02,1.0000000000e+00,1.0000348339e-04,1.0000426783e-04,1.0000355573e-04,6.0833697567e-09,6.0869742785e-09,6.0790217944e-09,8.9993426785e-09,4.6594136525e-09,1.1870617725e-08
3.8900000000e+00,1.7083015447e-01,-1.0755864739e-01,9.6748914221e+00,-3.1899244163e-02,3.2555690367e-02,3.4719063196e-02,9.0107235556e-01,-1.6859853716e-01,4.9789591183e-02,1.0365393230e-03,-5.1133977966e-03,2.9942563181e-03,9.9958372339e-01,-7.3731495120e-03,8.6107661672e-04,-2.7879654595e-02,1.0765772281e+00,-2.1176807259e-01,6.3692581780e-02,-2.1200984493e-03,-3.8729653615e-03,2.1926645923e-03,9.9785771728e-01,-2.1526308157e-02,-4.6869775178e-02,-4.0246966313e-02,1.0000000000e+00,1.0000348358e-04,1.0000426749e-04,1.0000355591e-04,6.0834071246e-09,6.0869512539e-09,6.0790276623e-09,8.9990920455e-09,4.6726173894e-09,1.1884585349e-08
3.8950000000e+00,1.3402839840e-01,-1.6067973253e-02,9.6061532865e+00,-2.1186643264e-02,3.8876294656e-02,3.2134559420e-02,9.0108044417e-01,-1.6862730539e-01,4.9801803939e-02,1.5568117014e-03,-5.9648561053e-03,2.9028714337e-03,9.9958550933e-01,-7.4216305021e-03,9.5899394683e-04,-2.7799447264e-02,1.0765785617e+00,-2.1181050015e-01,6.3692741451e-02,-1.3526519010e-03,-4.3193590660e-03,2.1511746918e-03,9.9786676732e-01,-2.1533384639e-02,-4.6717928983e-02,-4.0195312424e-02,1.0000000000e+00,1.0000348378e-04,1.0000426717e-04,1.0000355609e-04,6.0833801260e-09,6.0868542098e-09,6.0790338919e-09,8.9991345624e-09,4.6858300746e-09,1.1898737727e-08
3.9000000000e+00,5.4713988432e-02,6.4441305194e-02,9.7650326843e+00,-1.3784534639e-02,4.2324467610e-02,3.0556102997e-02,9.0108936611e-01,-1.6866117652e-01,4.9809684276e-02,1.7103132752e-03,-7.0548765542e-03,2.0585343592e-03,9.9958736105e-01,-7.4536471751e-03,1.0682538550e-03,-2.7720202305e-02,1.0765816925e+00,-2.1186283539e-01,6.3689165343e-02,-1.1227150047e-03,-4.9740453537e-03,1.9110329534e-03,9.9787628043e-01,-2.1506717606e-02,-4.6560555409e-02,-4.0156005053e-02,1.0000000000e+00,1.0000348398e-04,1.0000426685e-04,1.0000355627e-04,6.0834541413e-09,6.0869249781e-09,6.0790438210e-09,8.9990570636e-09,4.6989286826e-09,1.1913028383e-08
3.9050000000e+00,5.6092903105e-01,-1.0838792982e-01,1.0691749296e+01,-1.0545092909e-02,4.5048644669e-02,2.8827610447e-02,9.0109993158e-01,-1.6869988715e-01,4.9810893036e-02,2.0185322516e-03,-8.1130639195e-03,7.4587329821e-04,9.9958914528e-01,-7.4738860921e-03,1.1832365365e-03,-2.7645643816e-02,1.0765816507e+00,-2.1191770398e-01,6.3675920836e-02,-4.8605090450e-05,-6.2056768565e-03,2.9338137597e-03,9.9788537891e-01,-2.1473274783e-02,-4.6410607950e-02,-4.0121372091e-02,1.0000000000e+00,1.0000348416e-04,1.0000426635e-04,1.0000355643e-04,6.0840748357e-09,6.0882476184e-09,6.0790263322e-09,8.9960089151e-09,4.7112472596e-09,1.1925680137e-08
3.9100000000e+00,-4.7356597162e-01,-2.7148260786e-01,1.0809611724e+01,-1.2633789662e-02,7.6769216839e-02,2.6108653872e-02,9.0115955578e-01,-1.6873336187e-01,4.9810919030e-02,1.1886171661e-02,-6.8375982186e-03,4.3850524419e-04,9.9959049845e-01,-7.4983093507e-03,1.3738843918e-03,-2.7581211009e-02,1.0766258615e+00,-2.1194551713e-01,6.3645458076e-02,4.3248349353e-03,-6.0604859014e-03,3.2000996170e-03,9.9790336871e-01,-2.1502866778e-02,-4.6071983635e-02,-4.0048292770e-02,1.0000000000e+00,1.0000348436e-04,1.0000426601e-04,1.0000355660e-04,6.0843614467e-09,6.0881973427e-09,6.0790644410e-09,8.9921203061e-09,4.7232182658e-09,1.1940683663e-08
3.9150000000e+00,-8.8084918576e-01,-2.9407754960e-01,1.0805096703e+01,-1.5435724781e-02,1.0181425026e-01,3.0034133213e-02,9.0123607168e-01,-1.6876990826e-01,4.9810619307e-02,1.5291260430e-02,-7.3771858469e-03,3.5538446904e-04,9.9959193062e-01,-7.5303551489e-03,1.6282894045e-03,-2.7506629281e-02,1.0766937217e+00,-2.1197560394e-01,6.3614135578e-02,7.3290543312e-03,-6.3140410759e-03,3.1745750722e-03,9.9792476713e-01,-2.1529193343e-02,-4.5663641618e-02,-3.9968547837e-02,1.0000000000e+00,1.0000348456e-04,1.0000426577e-04,1.0000355677e-04,6.0844580991e-09,6.0879463451e-09,6.0791217388e-09,8.9890008717e-09,4.7349869051e-09,1.1956885383e-08
3.9200000000e+00,-1.0629705595e+00,-2.8089862069e-01,1.0788086850e+01,-1.5271436408e-02,1.1385707651e-01,3.3898326517e-02,9.0131390587e-01,-1.6881241485e-01,4.9808106550e-02,1.5566570748e-02,-8.5632234623e-03,-7.8590545203e-05,9.9959349044e-01,-7.5591676342e-03,1.9181962550e-03,-2.7423226826e-02,1.0767707447e+00,-2.1201481876e-01,6.3584769410e-02,8.3410059101e-03,-7.0835345406e-03,2.8365009696e-03,9.9794701085e-01,-2.1537300693e-02,-4.5241782598e-02,-3.9888460978e-02,1.0000000000e+00,1.0000348476e-04,1.0000426557e-04,1.0000355694e-04,6.0844812040e-09,6.0877493357e-09,6.0791682758e-09,8.9867237085e-09,4.7466460532e-09,1.1973606310e-08
3.9250000000e+00,7.8387821697e-01,-9.8758795634e-01,1.3951014390e+01,-7.8756618322e-03,1.1644196160e-01,3.3608165010e-02,9.0138572229e-01,-1.6886087138e-01,4.9800862632e-02,1.4364520516e-02,-9.7673772363e-03,-1.0020452858e-03,9.9959505945e-01,-7.5695685617e-03,2.2117812038e-03,-2.7340935944e-02,1.0768326560e+00,-2.1204774082e-01,6.3536810718e-02,1.0952799731e-02,-9.4885518755e-03,8.7022419219e-03,9.9796628397e-01,-2.1547329233e-02,-4.4885883175e-02,-3.9802841072e-02,1.0000000000e+00,1.0000348490e-04,1.0000426466e-04,1.0000355705e-04,6.0869249168e-09,6.0925847183e-09,6.0790587544e-09,8.9734459456e-09,4.7553653637e-09,1.1984150615e-08
3.9300000000e+00,-7.5762531775e-01,-5.3625976212e-01,1.3051776450e+01,-3.2322515035e-02,2.0453339142e-01,6.2243509905e-02,9.0152892469e-01,-1.6893447611e-01,4.9840015160e-02,2.8673127207e-02,-1.4703891783e-02,8.2738534034e-03,9.9959738258e-01,-7.6341608268e-03,2.7270802174e-03,-2.7191089848e-02,1.0769491331e+00,-2.1210586702e-01,6.3493792401e-02,1.7936136393e-02,-1.2403598863e-02,1.4578781117e-02,9.9800569237e-01,-2.1568857589e-02,-4.4127240817e-02,-3.9651090783e-02,1.0000000000e+00,1.0000348507e-04,1.0000426410e-04,1.0000355719e-04,6.0870905861e-09,6.0923318283e-09,6.0791246511e-09,8.9592490296e-09,4.7636989073e-09,1.1998458946e-08
3.9350000000e+00,-1.7331074358e+00,-8.6919374191e-02,1.1861516492e+01,-4.5481799640e-02,2.6796266717e-01,8.0383917033e-02,9.0169731582e-01,-1.6902002169e-01,4.9908332919e-02,3.3727488836e-02,-1.7073743164e-02,1.4170021915e-02,9.9959996675e-01,-7.7293290318e-03,3.4067787174e-03,-2.6991810139e-02,1.0771023606e+00,-2.1219062785e-01,6.3490176464e-02,2.2158777387e-02,-1.4073174385e-02,1.7945576046e-02,9.9805256208e-01,-2.1598596978e-02,-4.3201547601e-02,-3.9474171622e-02,1.0000000000e+00,1.0000348528e-04,1.0000426389e-04,1.0000355734e-04,6.0861440124e-09,6.0901760026e-09,6.0792585697e-09,8.9506448854e-09,4.7730851689e-09,1.2016033056e-08
3.9400000000e+00,-2.2206199198e+00,-1.7196555717e-01,1.1209649493e+01,-4.9756580377e-02,2.9092889398e-01,2.7914016364e-02,9.0187151443e-01,-1.6906953354e-01,4.9983945442e-02,3.5052643112e-02,-9.7657810367e-03,1.5632128254e-02,9.9959819029e-01,-7.8366289485e-03,4.1386071692e-03,-2.6924285563e-02,1.0772846578e+00,-2.1222895404e-01,6.3519637799e-02,2.3805470505e-02,-1.0429409732e-02,1.8815321658e-02,9.9809385953e-01,-2.1764577564e-02,-4.2238976707e-02,-3.9380446665e-02,1.0000000000e+00,1.0000348551e-04,1.0000426385e-04,1.0000355750e-04,6.0853412696e-09,6.0884988124e-09,6.0793916070e-09,8.9467049412e-09,4.7835517769e-09,1.2034999034e-08
3.9450000000e+00,1.6226949721e+00,-1.9639177807e+00,1.7536132835e+01,-5.1239325528e-02,2.8739071480e-01,9.9077558787e-03,9.0203147843e-01,-1.6908053533e-01,5.0069736845e-02,3.2289677391e-02,-2.0283613399e-03,1.7677603988e-02,9.9959477209e-01,-7.9452645984e-03,4.8559155745e-03,-2.6899525326e-02,1.0774533470e+00,-2.1214525416e-01,6.3538433313e-02,2.8982954244e-02,-7.7661104746e-03,3.3545427560e-02,9.9812595719e-01,-2.2150222501e-02,-4.1441235200e-02,-3.9199046663e-02,1.0000000000e+00,1.0000348557e-04,1.0000426227e-04,1.0000355755e-04,6.0906934513e-09,6.0987104788e-09,6.0791035552e-09,8.9191808055e-09,4.7878789028e-09,1.2040325042e-08
3.9500000000e+00,3.4147356650e-01,-1.3912172631e+00,1.5695825072e+01,-7.5025614374e-02,4.7851785516e-01,9.0870212669e-02,9.0229421359e-01,-1.6912833616e-01,5.0306681219e-02,5.2907693344e-02,-9.7235541773e-03,4.8060816443e-02,9.9959282613e-01,-8.1007369819e-03,6.0571829033e-03,-2.6680902372e-02,1.0776849987e+00,-2.1211514611e-01,6.3613668993e-02,4.1515670652e-02,-1.0254721413e-02,5.3943591885e-02,9.9819568046e-01,-2.2399119859e-02,-3.9902010278e-02,-3.8877918010e-02,1.0000000000e+00,1.0000348567e-04,1.0000426097e-04,1.0000355762e-04,6.0911781665e-09,6.0995044538e-09,6.0791055526e-09,8.8872203599e-09,4.7912622512e-09,1.2048008456e-08
3.9550000000e+00,2.0322020577e-01,-1.0245570015e+00,1.4487521044e+01,-9.6034435761e-02,6.5749795355e-01,1.7079858411e-01,9.0261737945e-01,-1.6918682299e-01,5.0676186181e-02,6.5018283853e-02,-1.2119423143e-02,7.4728379607e-02,9.9959085400e-01,-8.2921911304e-03,7.7106953052e-03,-2.6266125316e-02,1.0779738928e+00,-2.1211364626e-01,6.3815977243e-02,5.3857829230e-02,-1.2055357935e-02,7.5748373469e-02,9.9828564993e-01,-2.2664115233e-02,-3.7921063685e-02,-3.8393905260e-02,1.0000000000e+00,1.0000348580e-04,1.0000425987e-04,1.0000355771e-04,6.0901473844e-09,6.0978083560e-09,6.0790803465e-09,8.8595535178e-09,4.7958947837e-09,1.2057139060e-08
3.9600000000e+00,5.9738663756e-01,-5.8721393500e-01,1.3349002611e+01,-1.2280952243e-01,8.3799881369e-01,2.2063034606e-01,9.0297909737e-01,-1.6925208163e-01,5.1167782034e-02,7.2721554145e-02,-1.3631116472e-02,9.9277547043e-02,9.9958433268e-01,-8.5331699038e-03,9.8155265965e-03,-2.5729405696e-02,1.0782980324e+00,-2.1215423658e-01,6.4160266222e-02,6.4483784103e-02,-1.2986264007e-02,9.7028266794e-02,9.9838629001e-01,-2.2930917381e-02,-3.5579975296e-02,-3.7855703876e-02,1.0000000000e+00,1.0000348594e-04,1.0000425887e-04,1.0000355782e-04,6.0887159339e-09,6.0958886825e-09,6.0790273195e-09,8.8374200469e-09,4.8022944000e-09,1.2066105567e-08
3.9650000000e+00,2.6471911288e+00,-1.8055615586e+00,1.5644320783e+01,-1.5228971113e-01,1.0182701105e+00,2.4552507213e-01,9.0337250123e-01,-1.6932017489e-01,5.1769493507e-02,7.9028392155e-02,-1.4277441572e-02,1.2138117195e-01,9.9956842183e-01,-8.8372730595e-03,1.2374677613e-02,-2.5134439157e-02,1.0786543765e+00,-2.1215338525e-01,6.4622791696e-02,7.6098458433e-02,-1.6181827749e-02,1.2369119159e-01,9.9849192598e-01,-2.3357691777e-02,-3.2915974345e-02,-3.7213312347e-02,1.0000000000e+00,1.0000348598e-04,1.0000425697e-04,1.0000355788e-04,6.0906838271e-09,6.1008576226e-09,6.0790708791e-09,8.8051493616e-09,4.8063777655e-09,1.2064107613e-08
3.9700000000e+00,2.0621499577e+00,-8.9123767164e-01,1.4022894608e+01,-1.2159134577e-01,1.3065337438e+00,2.7772892506e-01,9.0386307876e-01,-1.6943736126e-01,5.2518649317e-02,9.8482438503e-02,-2.4186058247e-02,1.5102193882e-01,9.9953708575e-01,-9.0520787225e-03,1.5652884774e-02,-2.4467555458e-02,1.0790680924e+00,-2.1226542704e-01,6.5209553962e-02,9.1852993768e-02,-2.1741164077e-02,1.4882404215e-01,9.9861886951e-01,-2.3480300951e-02,-2.9448191540e-02,-3.6631038016e-02,1.0000000000e+00,1.0000348607e-04,1.0000425531e-04,1.0000355797e-04,6.0896847906e-09,6.0996925162e-09,6.0790579156e-09,8.7750624887e-09,4.8113723738e-09,1.2063819242e-08
3.9750000000e+00,2.3689478838e+00,-2.4650791417e+00,1.2190160286e+01,-1.1208809668e-01,1.5780097707e+00,3.0844629086e-01,9.0442717136e-01,-1.6958203737e-01,5.3388436149e-02,1.1316709529e-01,-2.9717632741e-02,1.7526176409e-01,9.9948344749e-01,-9.2204929074e-03,1.9613245235e-02,-2.3730598916e-02,1.0795767531e+00,-2.1230839906e-01,6.5960369090e-02,1.0772180626e-01,-3.0555451409e-02,1.6999127700e-01,9.9875359192e-01,-2.3748463543e-02,-2.5347402317e-02,-3.5843859977e-02,1.0000000000e+00,1.0000348613e-04,1.0000425378e-04,1.0000355808e-04,6.0883812253e-09,6.0968563640e-09,6.0792364779e-09,8.7516205291e-09,4.8184370697e-09,1.2062594777e-08
3.9800000000e+00,2.1724228431e+00,-4.3546258235e-01,1.1062519404e+01,-1.7627139815e-02,1.8395993599e+00,3.3572139062e-01,9.0505898853e-01,-1.6978123418e-01,5.4348307213e-02,1.2664944404e-01,-4.0618297711e-02,1.9334116981e-01,9.9940186079e-01,-9.1342876541e-03,2.4218963258e-02,-2.2933103949e-02,1.0801238664e+00,-2.1253288081e-01,6.6817756146e-02,1.2235208918e-01,-3.6766773873e-02,1.8684956428e-01,9.9889003643e-01,-2.3508396646e-02,-2.0657644193e-02,-3.5203865532e-02,1.0000000000e+00,1.0000348627e-04,1.0000425257e-04,1.0000355823e-04,6.0863406358e-09,6.0941099973e-09,6.0791234095e-09,8.7357165191e-09,4.8275367383e-09,1.2064661726e-08
3.9850000000e+00,2.3146755319e+01,6.5603887219e-01,-7.0480528736e+01,-9.0771360612e-03,2.0714094439e+00,3.6599446732e-01,9.0574945956e-01,-1.6999458429e-01,5.5374967591e-02,1.3828791506e-01,-4.3444760141e-02,2.0671947626e-01,9.9928340065e-01,-9.0093391624e-03,2.9403586073e-02,-2.2066855627e-02,1.0807356268e+00,-2.1271671468e-01,6.7752003967e-02,2.5189427868e-01,-5.8588442555e-02,-2.0909426084e-01,9.9901487743e-01,-2.3367337297e-02,-1.5462298126e-02,-3.4411619405e-02,0.0000000000e+00,1.0000348669e-04,1.0000425367e-04,1.0000355860e-04,1.5955058659e-08,1.6128290033e-08,1.5590461492e-08,8.7543743191e-09,4.8461945383e-09,1.2083319526e-08
3.9900000000e+00,-1.1269619628e+01,-4.1140701701e-01,3.7077564304e+01,-5.1079032233e-02,6.5149346236e+00,3.6779843711e-01,9.0669039018e-01,-1.7021937283e-01,5.5312510262e-02,1.8444210768e-01,-4.5570346825e-02,-1.0737111024e-02,9.9869079429e-01,-8.7288561740e-03,4.5688373995e-02,-2.1285604335e-02,1.0819663550e+00,-2.1300337209e-01,6.6995916777e-02,1.8609073554e-01,-4.6254383452e-02,-2.9062895852e-02,9.9916190494e-01,-2.2966043113e-02,5.7316368083e-04,-3.3878017381e-02,1.0000000000e+00,1.0000348688e-04,1.0000425276e-04,1.0000355928e-04,7.1431305766e-09,7.1458248579e-09,7.1390754376e-09,8.7608938979e-09,4.8517809293e-09,1.2097640870e-08
3.9950000000e+00,-1.0045524472e+01,-2.1651791152e-01,3.1522198031e+01,-9.7333201176e-03,5.3657257288e+00,3.5160695963e-01,9.0753560241e-01,-1.7043886499e-01,5.5647165100e-02,1.6678967009e-01,-4.4566789116e-02,6.8863701944e-02,9.9800654875e-01,-8.4060828320e-03,5.9086905356e-02,-2.0518382874e-02,1.0829849654e+00,-2.1326538546e-01,6.6755437846e-02,1.5535005068e-01,-4.1614971860e-02,7.2822681096e-02,9.9909068339e-01,-2.2451876017e-02,1.4298067152e-02,-3.3305929070e-02,1.0000000000e+00,1.0000348708e-04,1.0000425190e-04,1.0000355966e-04,6.2452855824e-09,6.2499412950e-09,6.2357762462e-09,8.7445614014e-09,4.8564699041e-09,1.2116656556e-08
4.0000000000e+00,-8.2912591080e+00,-1.0995154307e-01,2.6614684484e+01,2.1273241107e-02,4.4664229406e+00,3.4168265395e-01,9.0829105983e-01,-1.7065417887e-01,5.6313811643e-02,1.4983190546e-01,-4.3724919606e-02,1.3537708506e-01,9.9730229278e-01,-8.0631840156e-03,7.0233649302e-02,-1.9757438721e-02,1.0838377329e+00,-2.1352335180e-01,6.6971613019e-02,1.3747234702e-01,-3.9777986155e-02,1.4413472262e-01,9.9889045208e-01,-2.1843429544e-02,2.5891775880e-02,-3.2716131776e-02,1.0000000000e+00,1.0000348725e-04,1.0000425090e-04,1.0000355965e-04,6.1261991964e-09,6.1363445338e-09,6.1045999286e-09,8.6906172875e-09,4.8436398020e-09,1.2135462220e-08
4.0050000000e+00,-5.0449136072e+00,-9.2014062065e-01,2.5776853995e+01,4.0358232542e-02,3.7756853172e+00,3.3550537937e-01,9.0897537482e-01,-1.7086643781e-01,5.7248521981e-02,1.3625057124e-01,-4.3075573616e-02,1.8904480512e-01,9.9661205336e-01,-7.7091481565e-03,7.9649622543e-02,-1.8997940951e-02,1.0845603378e+00,-2.1375538029e-01,6.7571023324e-02,1.2947976176e-01,-4.0822736122e-02,2.0319466982e-01,9.9862580733e-01,-2.1303418329e-02,3.5525761681e-02,-3.2102672248e-02,1.0000000000e+00,1.0000348731e-04,1.0000424895e-04,1.0000355949e-04,6.1118219519e-09,6.1264360205e-09,6.0836937031e-09,8.6139139530e-09,4.8244144345e-09,1.2143202961e-08
4.0100000000e+00,-4.5512572894e+00,-1.0644495904e-01,2.1429224342e+01,1.3161403032e-01,3.3517859086e+00,2.9001117139e-01,9.0969855406e-01,-1.7108635080e-01,5.8435595775e-02,1.4443040014e-01,-4.4659159802e-02,2.3982404665e-01,9.9592583508e-01,-7.1555031572e-03,8.7996607251e-02,-1.8361015747e-02,1.0852701618e+00,-2.1400956951e-01,6.8440775964e-02,1.3277776863e-01,-4.1111039866e-02,2.4873718427e-01,9.9830592706e-01,-2.0514228985e-02,4.4341109581e-02,-3.1596018752e-02,1.0000000000e+00,1.0000348741e-04,1.0000424733e-04,1.0000355937e-04,6.1048343588e-09,6.1183176864e-09,6.0802315930e-09,8.5451371909e-09,4.8106107082e-09,1.2152917479e-08
4.0150000000e+00,-3.5128272641e+00,3.3750574258e-01,1.7699059617e+01,1.9009753742e-01,3.0608658086e+00,2.5380431337e-01,9.1043912193e-01,-1.7130165348e-01,5.9819462171e-02,1.4816802826e-01,-4.3710307360e-02,2.7938113501e-01,9.9523863805e-01,-6.4734081847e-03,9.5606179419e-02,-1.7821525499e-02,1.0859799720e+00,-2.1427390322e-01,6.9585111436e-02,1.3848863598e-01,-4.0280979583e-02,2.8324501484e-01,9.9795053196e-01,-1.9606622427e-02,5.2320400914e-02,-3.1191212931e-02,1.0000000000e+00,1.0000348754e-04,1.0000424608e-04,1.0000355934e-04,6.0981907673e-09,6.1091171766e-09,6.0794762098e-09,8.4958443124e-09,4.8050457379e-09,1.2162805956e-08
4.0200000000e+00,-2.2938037660e+00,5.1045859665e-01,1.4560257322e+01,2.2849145635e-01,2.8662010246e+00,2.2577478446e-01,9.1119413250e-01,-1.7150747554e-01,6.1346965516e-02,1.5120615580e-01,-4.1729215862e-02,3.0819064950e-01,9.9454195954e-01,-5.7153494812e-03,1.0272483532e-01,-1.7356085400e-02,1.0866971618e+00,-2.1453204017e-01,7.0953538033e-02,1.4485333108e-01,-3.8864768767e-02,3.0796862454e-01,9.9756743375e-01,-1.8643910867e-02,5.9661387266e-02,-3.0856742826e-02,1.0000000000e+00,1.0000348769e-04,1.0000424508e-04,1.0000355938e-04,6.0925775452e-09,6.1012014571e-09,6.0792066329e-09,8.4645140732e-09,4.8067010671e-09,1.2172093520e-08
4.0250000000e+00,5.7637212963e-01,-2.6410195996e-01,1.7141565966e+01,2.4833156942e-01,2.7452829092e+00,2.0488748531e-01,9.1196834957e-01,-1.7170274630e-01,6.2970248978e-02,1.5511015640e-01,-3.9507832756e-02,3.2732961991e-01,9.9382613936e-01,-4.9198011898e-03,1.0953691085e-01,-1.6943005785e-02,1.0874108919e+00,-2.1474527319e-01,7.2463764604e-02,1.5621361377e-01,-3.8721968773e-02,3.3373738470e-01,9.9716318576e-01,-1.7743313933e-02,6.6471956119e-02,-3.0532520936e-02,1.0000000000e+00,1.0000348773e-04,1.0000424291e-04,1.0000355939e-04,6.0929072193e-09,6.1056731234e-09,6.0790992398e-09,8.4257333985e-09,4.8077771337e-09,1.2165840956e-08
4.0300000000e+00,-3.6419458836e-01,4.3880843107e-01,1.4125453289e+01,3.6508549989e-01,2.8150624977e+00,1.3389592148e-01,9.1289880071e-01,-1.7189452545e-01,6.4707451330e-02,1.8638319331e-01,-3.8734342600e-02,3.5056123513e-01,9.9304010457e-01,-3.8501805353e-03,1.1651750596e-01,-1.6739104838e-02,1.0882365316e+00,-2.1496727954e-01,7.4069227073e-02,1.7762383427e-01,-3.6965435818e-02,3.5222095909e-01,9.9667769829e-01,-1.6534689519e-02,7.3721976086e-02,-3.0417758381e-02,1.0000000000e+00,1.0000348782e-04,1.0000424131e-04,1.0000355948e-04,6.0901917598e-09,6.1012033050e-09,6.0791623323e-09,8.3942323023e-09,4.8122041731e-09,1.2165101998e-08
4.0350000000e+00,-4.2222110696e-01,7.4316109252e-01,1.1651550901e+01,4.2941475494e-01,2.9161847710e+00,8.2515673624e-02,9.1393103557e-01,-1.7207335274e-01,6.6523196857e-02,2.0671640937e-01,-3.6006166986e-02,3.6656800898e-01,9.9217145924e-01,-2.6350143928e-03,1.2373613187e-01,-1.6679983016e-02,1.0891651794e+00,-2.1518948714e-01,7.5795376074e-02,1.9797411154e-01,-3.4232977901e-02,3.6435704553e-01,9.9611981519e-01,-1.5153712198e-02,8.1164803493e-02,-3.0462328802e-02,1.0000000000e+00,1.0000348795e-04,1.0000424023e-04,1.0000355961e-04,6.0872010179e-09,6.0955544826e-09,6.0791945377e-09,8.3754747748e-09,4.8204433059e-09,1.2168941106e-08
4.0400000000e+00,-1.5545696670e-01,6.9336589923e-01,9.5658899821e+00,4.5174949961e-01,3.0207243877e+00,5.2420345650e-02,9.1503622217e-01,-1.7223768881e-01,6.8382119767e-02,2.2125096082e-01,-3.2945437333e-02,3.7533891328e-01,9.9121361187e-01,-1.3716823839e-03,1.3120447025e-01,-1.6705720888e-02,1.0901815303e+00,-2.1539379293e-01,7.7615718645e-02,2.1496097174e-01,-3.1606333562e-02,3.7029926620e-01,9.9548829648e-01,-1.3722694050e-02,8.8766028789e-02,-3.0583187642e-02,1.0000000000e+00,1.0000348812e-04,1.0000423950e-04,1.0000355977e-04,6.0847293067e-09,6.0909172260e-09,6.0791989073e-09,8.3677014564e-09,4.8317805313e-09,1.2175803415e-08
4.0450000000e+00,-4.6799421100e+00,1.6592666676e+00,1.6456134824e+01,4.4936156422e-01,3.1190782597e+00,3.4663366911e-02,9.1619798443e-01,-1.7239114196e-01,7.0251790095e-02,2.3248549789e-01,-3.0615714346e-02,3.7748517580e-01,9.9016353818e-01,-1.1371589830e-04,1.3890618463e-01,-1.6769811942e-02,1.0912976139e+00,-2.1562325602e-01,7.9351129315e-02,2.2254530165e-01,-2.6482872363e-02,3.8868618941e-01,9.9475664336e-01,-1.2228354228e-02,9.6755519763e-02,-3.0790538242e-02,1.0000000000e+00,1.0000348827e-04,1.0000423856e-04,1.0000355991e-04,6.0894455445e-09,6.0967278527e-09,6.0792723092e-09,8.3453410287e-09,4.8376788583e-09,1.2185496086e-08
4.0500000000e+00,-2.6729206754e-01,1.8527525142e+00,1.1600578656e+01,4.9918846915e-01,3.3641871382e+00,-5.4478829693e-03,9.1742725606e-01,-1.7249993643e-01,7.2242384845e-02,2.4598798880e-01,-2.1764550954e-02,4.0250989252e-01,9.8895934414e-01,1.2643486423e-03,1.4720887106e-01,-1.6951853476e-02,1.0924230811e+00,-2.1581901148e-01,8.1276481721e-02,2.4090188435e-01,-1.9549449431e-02,4.0015861520e-01,9.9390856476e-01,-1.0604210271e-02,1.0519122739e-01,-3.1114647688e-02,1.0000000000e+00,1.0000348842e-04,1.0000423748e-04,1.0000356002e-04,6.0869446818e-09,6.0942955240e-09,6.0794271824e-09,8.3297599059e-09,4.8466485295e-09,1.2190083152e-08
4.0550000000e+00,3.0574751797e+00,1.9403241963e+00,9.8582853313e+00,5.1463043185e-01,3.5504012148e+00,-3.2691678281e-02,9.1876316258e-01,-1.7256836093e-01,7.4262149194e-02,2.6719931956e-01,-1.3666967448e-02,4.0876259211e-01,9.8760973679e-01,2.6752520666e-03,1.5596097439e-01,-1.7205385666e-02,1.0936143675e+00,-2.1596840546e-01,8.3303137388e-02,2.6701710448e-01,-1.2289305174e-02,4.0369921284e-01,9.9294910469e-01,-8.9503366882e-03,1.1393041832e-01,-3.1493281185e-02,1.0000000000e+00,1.0000348853e-04,1.0000423594e-04,1.0000356015e-04,6.0844617792e-09,6.0936063292e-09,6.0800616760e-09,8.3194344841e-09,4.8578020971e-09,1.2184503791e-08
4.0600000000e+00,2.5822636951e+00,1.7984762648e+00,1.0280899569e+01,5.1656875261e-01,3.5819795764e+00,-4.4399870040e-02,9.2025057814e-01,-1.7259811419e-01,7.6259948847e-02,2.9736827976e-01,-5.8705929194e-03,4.0442137123e-01,9.8616698556e-01,4.0877805814e-03,1.6477903006e-01,-1.7488221791e-02,1.0949533433e+00,-2.1606023993e-01,8.5318428169e-02,2.9517594540e-01,-4.9868355284e-03,4.0330418906e-01,9.9189166851e-01,-7.3459348514e-03,1.2280401419e-01,-3.1876782812e-02,1.0000000000e+00,1.0000348861e-04,1.0000423431e-04,1.0000356031e-04,6.0838537483e-09,6.0939505966e-09,6.0803793142e-09,8.3092169614e-09,4.8692333554e-09,1.2175950934e-08
4.0650000000e+00,-1.3704039563e+01,1.3454342932e+00,3.5922909304e+01,5.0888844531e-01,3.4754809685e+00,-4.1265865892e-02,9.2187418137e-01,-1.7259368597e-01,7.8237403512e-02,3.2455436252e-01,1.0342735379e-03,4.0021552785e-01,9.8469064262e-01,5.4781610864e-03,1.7331712606e-01,-1.7762373353e-02,1.0965801421e+00,-2.1600209719e-01,8.6884328117e-02,3.0455329076e-01,3.5717933808e-03,4.5696503083e-01,9.9066593950e-01,-6.1168594617e-03,1.3233016645e-01,-3.2129540932e-02,1.0000000000e+00,1.0000348846e-04,1.0000423049e-04,1.0000356015e-04,6.1149741859e-09,6.1386597876e-09,6.0794326466e-09,8.1916535845e-09,4.8434267534e-09,1.2167290267e-08
4.0700000000e+00,-4.1858270277e+00,8.3528787029e-01,2.2725971012e+01,4.1649568097e-01,2.4425508240e+00,-8.0632832887e-03,9.2353846560e-01,-1.7257415073e-01,8.0612734607e-02,3.3346394489e-01,3.6982968834e-03,4.8032338868e-01,9.8360713783e-01,6.6088032411e-03,1.7930949128e-01,-1.7928426320e-02,1.0981029086e+00,-2.1598423822e-01,8.9169153271e-02,3.1449673867e-01,9.5164116532e-03,5.2294982844e-01,9.8984460111e-01,-4.8917021720e-03,1.3834339100e-01,-3.2324032499e-02,0.0000000000e+00,1.0000348888e-04,1.0000423203e-04,1.0000356047e-04,1.5697925040e-08,1.5851616250e-08,1.5505453854e-08,8.2103113845e-09,4.8620845534e-09,1.2185948067e-08
4.0750000000e+00,1.6666860898e+00,4.8157150455e-01,1.4986008177e+01,3.6690386004e-01,1.8600373172e+00,1.5231975818e-02,9.2531886454e-01,-1.7254956693e-01,8.3165409221e-02,3.5691094234e-01,4.5518347044e-03,5.1593121777e-01,9.8275680670e-01,7.5984477371e-03,1.8386494730e-01,-1.8027856886e-02,1.0996753923e+00,-2.1593665616e-01,9.1783902413e-02,3.4318989755e-01,1.1430053710e-02,5.4363357548e-01,9.8919589268e-01,-3.8281288182e-03,1.4291522634e-01,-3.2435619441e-02,0.0000000000e+00,1.0000348996e-04,1.0000423605e-04,1.0000356136e-04,2.5280419165e-08,2.5639493390e-08,2.4937124464e-08,8.2289691845e-09,4.8807423534e-09,1.2204605867e-08
4.0800000000e+00,5.2301776313e+00,1.8025781523e-01,1.0342166793e+01,3.3487529264e-01,1.5030347717e+00,3.0335871841e-02,9.2726195375e-01,-1.7252723567e-01,8.5759281852e-02,3.8940387639e-01,4.0693618518e-03,5.2400342311e-01,9.8205325999e-01,8.5057127245e-03,1.8754233239e-01,-1.8080955784e-02,1.1013913418e+00,-2.1587950589e-01,9.4502070291e-02,3.8290804141e-01,1.0534912069e-02,5.3677788069e-01,9.8865720943e-01,-2.8672413497e-03,1.4660428294e-01,-3.2494390022e-02,0.0000000000e+00,1.0000349215e-04,1.0000424288e-04,1.0000356337e-04,3.4823880432e-08,3.5451525325e-08,3.4383772273e-08,8.2476269845e-09,4.8994001534e-09,1.2223263667e-08
4.0850000000e+00,-3.2720881023e+00,-1.7899274572e+00,2.4964281400e+01,3.1523815383e-01,1.2558168083e+00,4.4169184272e-02,9.2939541394e-01,-1.7251274113e-01,8.8309074983e-02,4.2730055606e-01,2.5346681920e-03,5.1483336857e-01,9.8145371196e-01,9.3589222105e-03,1.9061356777e-01,-1.8096674643e-02,1.1033058820e+00,-2.1582683133e-01,9.7185959694e-02,4.0292474279e-01,2.1876752061e-03,6.1205727774e-01,9.8819760220e-01,-1.9698657144e-03,1.4968214740e-01,-3.2509589089e-02,0.0000000000e+00,1.0000349592e-04,1.0000425289e-04,1.0000356705e-04,4.4704495541e-08,4.5855498881e-08,4.3823039311e-08,8.2662847845e-09,4.9180579534e-09,1.2241921467e-08
4.0900000000e+00,2.5860619697e+00,-2.0356235769e+00,1.4563867235e+01,2.3006807581e-01,2.9058323164e-01,9.3956749544e-02,9.3167337275e-01,-1.7255905066e-01,9.1033496284e-02,4.5625630739e-01,-9.9314372961e-03,5.4970664930e-01,9.8131400894e-01,9.9808255057e-03,1.9131215942e-01,-1.7968211906e-02,1.1053205057e+00,-2.1581589296e-01,1.0024624608e-01,4.3615190978e-01,-9.2324608887e-03,6.2887820139e-01,9.8809718218e-01,-1.3427071341e-03,1.5038172720e-01,-3.2364978406e-02,0.0000000000e+00,1.0000350194e-04,1.0000426731e-04,1.0000357278e-04,5.4441769370e-08,5.6097036869e-08,5.3282271251e-08,8.2849425845e-09,4.9367157534e-09,1.2260579267e-08
4.0950000000e+00,5.8131560700e+00,-2.1402154150e+00,8.5596523038e+00,1.7536417561e-01,-2.2935031135e-01,1.2347838130e-01,9.3411933618e-01,-1.7266720338e-01,9.3769578193e-02,4.8966841855e-01,-2.2402932325e-02,5.5178617494e-01,9.8142473095e-01,1.0461261058e-02,1.9073772561e-01,-1.7753296471e-02,1.1075012652e+00,-2.1586205526e-01,1.0339063709e-01,4.7588471600e-01,-2.2084894963e-02,6.1218778846e-01,9.8819368254e-01,-8.8164971230e-04,1.4980135528e-01,-3.2125105900e-02,0.0000000000e+00,1.0000351066e-04,1.0000428615e-04,1.0000358112e-04,6.4048121892e-08,6.6181615231e-08,6.2763923166e-08,8.3036003845e-09,4.9553735534e-09,1.2279237067e-08
4.1000000000e+00,7.5105901044e+00,-2.1722577297e+00,5.1717830853e+00,1.3770245155e-01,-5.1307494222e-01,1.4254855649e-01,9.3674414896e-01,-1.7283705287e-01,9.6422891930e-02,5.2518067214e-01,-3.4725271645e-02,5.3486029923e-01,9.8167122486e-01,1.0846121969e-02,1.8946830663e-01,-1.7485099557e-02,1.1098806888e+00,-2.1597247974e-01,1.0645157603e-01,5.1864541109e-01,-3.5521794274e-02,5.7684354942e-01,9.8839664853e-01,-5.2927880785e-04,1.4852292545e-01,-3.1823350820e-02,0.0000000000e+00,1.0000352249e-04,1.0000430960e-04,1.0000359256e-04,7.3568628307e-08,7.6169441878e-08,7.2268729452e-08,8.3222581845e-09,4.9740313534e-09,1.2297894867e-08
4.1050000000e+00,9.9197282548e+00,-5.0291856135e+00,8.9075240527e+00,1.0820401442e-01,-6.7629732781e-01,1.5289661443e-01,9.3955071755e-01,-1.7306790791e-01,9.8939505792e-02,5.6127213410e-01,-4.6845151681e-02,5.0710397784e-01,9.8199312598e-01,1.1158858955e-02,1.8780241099e-01,-1.7182398247e-02,1.1124739159e+00,-2.1615008871e-01,1.0933579378e-01,5.7745516930e-01,-6.4119150163e-02,5.5606979579e-01,9.8865854883e-01,-2.5894040560e-04,1.4684316649e-01,-3.1484777833e-02,0.0000000000e+00,1.0000353791e-04,1.0000433797e-04,1.0000360759e-04,8.3215446906e-08,8.6577950309e-08,8.1841051151e-08,8.3409159845e-09,4.9926891534e-09,1.2316552667e-08
4.1100000000e+00,1.0239988721e+01,-4.6744483276e+00,3.7895767321e+00,7.1245958023e-02,-1.4793929797e+00,2.0159047784e-01,9.4259525404e-01,-1.7342571024e-01,1.0131207301e-01,6.0845444279e-01,-7.2260016514e-02,4.7771739937e-01,9.8268782586e-01,1.1364753446e-02,1.8415921280e-01,-1.6758986399e-02,1.1153611917e+00,-2.1647068446e-01,1.1211614276e-01,6.3039422532e-01,-9.0801920292e-02,5.1051326477e-01,9.8921065505e-01,-1.2528453300e-04,1.4318013602e-01,-3.1011495996e-02,0.0000000000e+00,1.0000355754e-04,1.0000437244e-04,1.0000362681e-04,9.2739013906e-08,9.6718248852e-08,9.1436664917e-08,8.3595737845e-09,5.0113469534e-09,1.2335210467e-08
4.1150000000e+00,9.6734930892e+00,-4.3518093390e+00,1.2494915261e+00,2.8342565485e-02,-1.9185766355e+00,2.2985273084e-01,9.4584656788e-01,-1.7390068562e-01,1.0348506765e-01,6.4948538696e-01,-9.5635592820e-02,4.3735570728e-01,9.8356860473e-01,1.1463354500e-02,1.7943548467e-01,-1.6257248919e-02,1.1185131629e+00,-2.1692469406e-01,1.1466870908e-01,6.7712109028e-01,-1.1554230944e-01,4.5395248654e-01,9.8990369194e-01,-1.2166013150e-04,1.3843166700e-01,-3.0452248634e-02,0.0000000000e+00,1.0000358179e-04,1.0000441300e-04,1.0000365067e-04,1.0220830888e-07,1.0669722015e-07,1.0104369042e-07,8.3782315845e-09,5.0300047534e-09,1.2353868267e-08
4.1200000000e+00,8.6894612298e+00,-4.0962540207e+00,2.3610121395e-01,-1.2295756048e-02,-2.1491288613e+00,2.4631016405e-01,9.4927739285e-01,-1.7448456051e-01,1.0543819008e-01,6.8517680719e-01,-1.1731784749e-01,3.9303350605e-01,9.8452854931e-01,1.1458821095e-02,1.7414245417e-01,-1.5704670177e-02,1.1218987683e+00,-2.1750240561e-01,1.1693847151e-01,7.1791205610e-01,-1.3861614497e-01,3.9430816483e-01,9.9065172897e-01,-2.3045855736e-04,1.3311210306e-01,-2.9837338992e-02,0.0000000000e+00,1.0000361111e-04,1.0000445982e-04,1.0000367961e-04,1.1166732992e-07,1.1659211490e-07,1.1065365664e-07,8.3968893845e-09,5.0486625534e-09,1.2372526067e-08
4.1250000000e+00,2.4745679655e+01,-6.5162676754e+00,-1.0501576140e+01,-5.0476735282e-02,-2.2590461866e+00,2.5538975058e-01,9.5286392804e-01,-1.7517012367e-01,1.0717013087e-01,7.1620358292e-01,-1.3754447857e-01,3.4853123955e-01,9.8550755804e-01,1.1356881301e-02,1.6857431013e-01,-1.5118738382e-02,1.1254883286e+00,-2.1819548633e-01,1.1891001234e-01,8.2126248746e-01,-1.7806837201e-01,2.6225486487e-01,9.9140650362e-01,-4.3898702286e-04,1.2751907449e-01,-2.9186255392e-02,0.0000000000e+00,1.0000364594e-04,1.0000451317e-04,1.0000371409e-04,1.2083587852e-07,1.2662489179e-07,1.2060630437e-07,8.4155471845e-09,5.0673203534e-09,1.2391183867e-08
4.1300000000e+00,1.8448188308e+01,-5.8662361324e+00,-8.4235962132e+00,-4.2991180101e-02,-2.9987519782e+00,2.7459895107e-01,9.5680790271e-01,-1.7600999993e-01,1.0837962678e-01,7.8743932281e-01,-1.6810472079e-01,2.4358304630e-01,9.8675527630e-01,1.1255230367e-02,1.6117276424e-01,-1.4514976943e-02,1.1295946410e+00,-2.1908582819e-01,1.2022128666e-01,8.9800179935e-01,-2.1242111376e-01,1.4938009750e-01,9.9235437938e-01,-6.7679101525e-04,1.2008651313e-01,-2.8487840273e-02,0.0000000000e+00,1.0000368670e-04,1.0000457412e-04,1.0000375495e-04,1.3015231778e-07,1.3661596676e-07,1.3051568935e-07,8.4342049845e-09,5.0859781534e-09,1.2409841667e-08
4.1350000000e+00,1.3306943665e+01,-5.3289243799e+00,-5.9839262337e+00,-6.7390738996e-02,-3.4407767909e+00,2.8284431427e-01,9.6101717536e-01,-1.7698946613e-01,1.0915655361e-01,8.4049598375e-01,-1.9586734789e-01,1.5702058516e-01,9.8811679506e-01,1.1077464214e-02,1.5267459530e-01,-1.3890898592e-02,1.1340846500e+00,-2.2014793376e-01,1.2096818715e-01,9.5387530122e-01,-2.4263063498e-01,5.5636411546e-02,9.9337039777e-01,-1.0040867500e-03,1.1155124790e-01,-2.7759029837e-02,0.0000000000e+00,1.0000373384e-04,1.0000464275e-04,1.0000380255e-04,1.3957848814e-07,1.4655182017e-07,1.4035461183e-07,8.4528627845e-09,5.1046359534e-09,1.2428499467e-08
4.1400000000e+00,9.2084474188e+00,-4.8114583515e+00,-3.5954740560e+00,-1.0659267415e-01,-3.6819237901e+00,2.8600321498e-01,9.6541969841e-01,-1.7809606456e-01,1.0958226089e-01,8.7928038485e-01,-2.2121865663e-01,8.6896652500e-02,9.8949276913e-01,1.0792612792e-02,1.4356916055e-01,-1.3246716422e-02,1.1388540265e+00,-2.2136108694e-01,1.2124636921e-01,9.9339413281e-01,-2.6912487276e-01,-2.0948004004e-02,9.9437439894e-01,-1.4445092176e-03,1.0241094952e-01,-2.7008619816e-02,0.0000000000e+00,1.0000378786e-04,1.0000471930e-04,1.0000385728e-04,1.4907913803e-07,1.5642582252e-07,1.5011560166e-07,8.4715205845e-09,5.1232937534e-09,1.2447157267e-08
4.1450000000e+00,3.6810757944e+01,-5.4398948428e+00,-3.1542741715e+01,-1.5310929088e-01,-3.7875646889e+00,2.8712631126e-01,9.6995840661e-01,-1.7931874836e-01,1.0972731816e-01,9.0670943065e-01,-2.4440444217e-01,3.0934322617e-02,9.9082149521e-01,1.0392131586e-02,1.3418811743e-01,-1.2582422876e-02,1.1438209972e+00,-2.2270671130e-01,1.2114162919e-01,1.1397319574e+00,-3.0580576342e-01,-2.6164605681e-01,9.9531803196e-01,-2.0072854487e-03,9.3002197800e-02,-2.6240755896e-02,0.0000000000e+00,1.0000384926e-04,1.0000480409e-04,1.0000391956e-04,1.5823307232e-07,1.6680905902e-07,1.6073087566e-07,8.4901783845e-09,5.1419515534e-09,1.2465815067e-08
4.1500000000e+00,2.4287746428e+01,-4.8622279631e+00,-1.9343341282e+01,-1.1985251681e-01,-4.2904527778e+00,2.4938663890e-01,9.7497917003e-01,-1.8066915569e-01,1.0900788252e-01,1.0041002805e+00,-2.6987846116e-01,-1.4085660009e-01,9.9221483108e-01,1.0038566974e-02,1.2354718184e-01,-1.2043671327e-02,1.1495196570e+00,-2.2423574012e-01,1.1983339890e-01,1.2397261745e+00,-3.3638641069e-01,-4.2799268522e-01,9.9627383189e-01,-2.5288659295e-03,8.2330232529e-02,-2.5569308710e-02,0.0000000000e+00,1.0000391807e-04,1.0000489788e-04,1.0000399049e-04,1.6774775657e-07,1.7737391772e-07,1.7112332440e-07,8.5088361845e-09,5.1606093534e-09,1.2484472867e-08
4.1550000000e+00,1.5047593073e+01,-4.3297834630e+00,-1.0252194036e+01,-1.3101854138e-01,-4.6472341262e+00,2.2412975591e-01,9.8033248531e-01,-1.8213594837e-01,1.0769036164e-01,1.0715289921e+00,-2.9330482903e-01,-2.5912187028e-01,9.9359268737e-01,9.6344437840e-03,1.1201215504e-01,-1.1576969538e-02,1.1557182879e+00,-2.2591767217e-01,1.1769343548e-01,1.3043360053e+00,-3.6191377816e-01,-5.3974067072e-01,9.9717638089e-01,-3.1059423323e-03,7.0759917514e-02,-2.4953007468e-02,0.0000000000e+00,1.0000399494e-04,1.0000500116e-04,1.0000407036e-04,1.7736247239e-07,1.8778686758e-07,1.8125838537e-07,8.5274939845e-09,5.1792671534e-09,1.2503130667e-08
4.1600000000e+00,8.1562182483e+00,-3.8452171180e+00,-3.3457788076e+00,-1.6402622849e-01,-4.8598218513e+00,2.0793239117e-01,9.8590103824e-01,-1.8370785359e-01,1.0597419119e-01,1.1152592962e+00,-3.1450542184e-01,-3.3768811966e-01,9.9488960266e-01,9.1390172461e-03,9.9934581359e-02,-1.1146135182e-02,1.1622399679e+00,-2.2772724106e-01,1.1499473212e-01,1.3413462168e+00,-3.8320749998e-01,-6.1091344902e-01,9.9797394348e-01,-3.7809881875e-03,5.8651576244e-02,-2.4366059586e-02,0.0000000000e+00,1.0000408048e-04,1.0000511442e-04,1.0000415949e-04,1.8697885453e-07,1.9793753629e-07,1.9114491891e-07,8.5461517845e-09,5.1979249534e-09,1.2521788467e-08
4.1650000000e+00,4.6614215158e+01,-1.6142585406e+00,-5.1146323401e+01,-2.0321887525e-01,-4.9481955053e+00,2.0166489378e-01,9.9159149047e-01,-1.8537363093e-01,1.0400809507e-01,1.1400535741e+00,-3.3341726513e-01,-3.8684944342e-01,9.9605958484e-01,8.5401926569e-03,8.7620507872e-02,-1.0724512402e-02,1.1689466990e+00,-2.2964327856e-01,1.1194016488e-01,1.5421635879e+00,-4.0390636777e-01,-9.4108597112e-01,9.9863322272e-01,-4.5595460034e-03,4.6316249022e-02,-2.3784492633e-02,0.0000000000e+00,1.0000417527e-04,1.0000523809e-04,1.0000425823e-04,1.9700949757e-07,2.1064173257e-07,2.0286799403e-07,8.5648095845e-09,5.2165827534e-09,1.2540446267e-08
4.1700000000e+00,2.8699339536e+01,-1.6963490265e+00,-2.6174181566e+01,-1.8755829115e-01,-5.0428642874e+00,7.3483136109e-02,9.9793686410e-01,-1.8709203118e-01,1.0094057457e-01,1.2742682416e+00,-3.4500407374e-01,-6.0255920388e-01,9.9709059316e-01,7.9558559648e-03,7.5060604172e-02,-1.0628221312e-02,1.1766575169e+00,-2.3166281040e-01,1.0723473502e-01,1.6723482271e+00,-4.2015888992e-01,-1.1335871893e+00,9.9913986780e-01,-5.3187640430e-03,3.3734956687e-02,-2.3519949278e-02,0.0000000000e+00,1.0000427896e-04,1.0000537310e-04,1.0000436814e-04,2.0710895982e-07,2.2304845619e-07,2.1401906074e-07,8.5834673845e-09,5.2352405534e-09,1.2559104067e-08
4.1750000000e+00,1.5886786915e+01,-1.6136131609e+00,-8.9748236035e+00,-1.9257603557e-01,-5.2278274521e+00,-1.3204684430e-02,1.0047165506e+00,-1.8886281704e-01,9.7235140877e-02,1.3632083274e+00,-3.5649328480e-01,-7.2620910504e-01,9.9798941901e-01,7.3393343719e-03,6.2029649983e-02,-1.0750639127e-02,1.1850192580e+00,-2.3376360485e-01,1.0156679908e-01,1.7481009035e+00,-4.3238515747e-01,-1.2326429941e+00,9.9949197109e-01,-6.1078218905e-03,2.0685264339e-02,-2.3465167313e-02,0.0000000000e+00,1.0000439247e-04,1.0000552050e-04,1.0000448939e-04,2.1688142282e-07,2.3453923704e-07,2.2454351225e-07,8.6021251845e-09,5.2538983534e-09,1.2577761867e-08
4.1800000000e+00,6.6162376047e+00,-1.3915681418e+00,2.8879248936e+00,-2.0770894441e-01,-5.3769999083e+00,-7.0428567147e-02,1.0117548776e+00,-1.9068043517e-01,9.3213334029e-02,1.4158832866e+00,-3.6653841775e-01,-7.8675805635e-01,9.9873460382e-01,6.6713978669e-03,4.8614470202e-02,-1.1014394048e-02,1.1937597626e+00,-2.3592553064e-01,9.5403584107e-02,1.7813939527e+00,-4.4073261626e-01,-1.2685335066e+00,9.9967226803e-01,-6.9453250002e-03,7.2592361177e-03,-2.3546177511e-02,0.0000000000e+00,1.0000451656e-04,1.0000568094e-04,1.0000462216e-04,2.2632428927e-07,2.4506769163e-07,2.3448627560e-07,8.6207829845e-09,5.2725561534e-09,1.2596419667e-08
4.1850000000e+00,3.6235812350e+01,5.2552486278e+00,-4.1946577077e+01,-2.2831364109e-01,-5.4461609180e+00,-1.0270908259e-01,1.0189103797e+00,-1.9253628528e-01,8.9094904818e-02,1.4393716344e+00,-3.7449744058e-01,-8.0461878395e-01,9.9930431195e-01,5.9482041706e-03,3.5020851957e-02,-1.1360058063e-02,1.2026667323e+00,-2.3812919372e-01,8.9060916574e-02,1.9604747741e+00,-4.2587633931e-01,-1.5302182333e+00,9.9966823883e-01,-7.8377039318e-03,-6.3403007732e-03,-2.3701967259e-02,0.0000000000e+00,1.0000465185e-04,1.0000585479e-04,1.0000476669e-04,2.3685393337e-07,2.5960332076e-07,2.4658761131e-07,8.6394407845e-09,5.2912139534e-09,1.2615077467e-08
4.1900000000e+00,1.9085535464e+01,3.5956403211e+00,-1.2771711268e+01,-3.3803754945e-01,-4.9740916004e+00,-3.4046983724e-01,1.0266338226e+00,-1.9432178822e-01,8.4200845447e-02,1.5565001794e+00,-3.6332243274e-01,-9.5299211841e-01,9.9965679633e-01,4.9623276843e-03,2.2607220515e-02,-1.2271040872e-02,1.2124691062e+00,-2.4025857541e-01,8.1409825407e-02,2.0574270718e+00,-4.1345307838e-01,-1.6421449947e+00,9.9948459048e-01,-8.9712190007e-03,-1.8757227334e-02,-2.4458884632e-02,0.0000000000e+00,1.0000479797e-04,1.0000604344e-04,1.0000492456e-04,2.4663002131e-07,2.7227542820e-07,2.5758773939e-07,8.6580985845e-09,5.3098717534e-09,1.2633735267e-08
4.1950000000e+00,6.9970715807e+00,2.6632082732e+00,5.8596330709e+00,-3.7071410657e-01,-4.8185597163e+00,-5.0585158975e-01,1.0346736999e+00,-1.9605490945e-01,7.9009754040e-02,1.6210460575e+00,-3.5492070155e-01,-1.0080307635e+00,9.9984415222e-01,3.8909284951e-03,1.0579638186e-02,-1.3586876414e-02,1.2227562415e+00,-2.4232584081e-01,7.3199100434e-02,2.0919158087e+00,-4.0130156954e-01,-1.6608216087e+00,9.9914564611e-01,-1.0167755753e-02,-3.0784415047e-02,-2.5630341258e-02,0.0000000000e+00,1.0000495587e-04,1.0000624767e-04,1.0000509576e-04,2.5572245188e-07,2.8306253278e-07,2.6756541087e-07,8.6767563845e-09,5.3285295534e-09,1.2652393067e-08
4.2000000000e+00,-1.6353371038e+00,2.2038542421e+00,1.7394450959e+01,-3.7412968702e-01,-4.7662408813e+00,-6.2130889467e-01,1.0428322139e+00,-1.9774079453e-01,7.3823245089e-02,1.6444341470e+00,-3.4660418352e-01,-1.0051145735e+00,9.9987985634e-01,2.8180806984e-03,-1.3113355654e-03,-1.5185904733e-02,1.2332158206e+00,-2.4433234865e-01,6.4894992390e-02,2.0790317601e+00,-3.8798102945e-01,-1.6237959436e+00,9.9865694870e-01,-1.1359097862e-02,-4.2679133691e-02,-2.7088027963e-02,0.0000000000e+00,1.0000512627e-04,1.0000646768e-04,1.0000528034e-04,2.6443931527e-07,2.9236402289e-07,2.7670781665e-07,8.6954141845e-09,5.3471873534e-09,1.2671050867e-08
4.2050000000e+00,5.5104887126e+00,6.7004535266e+00,-2.4621541322e+00,-3.6061624331e-01,-4.7110742410e+00,-6.9499181945e-01,1.0509546372e+00,-1.9937754767e-01,6.8821959214e-02,1.6359133427e+00,-3.3709500524e-01,-9.6802733315e-01,9.9976901980e-01,1.7853795109e-03,-1.3063721700e-02,-1.6972290544e-02,1.2436109794e+00,-2.4627225380e-01,5.6776012673e-02,2.1093303013e+00,-3.5630830368e-01,-1.6834256886e+00,9.9802581883e-01,-1.2503471019e-02,-5.4432995357e-02,-2.8725897503e-02,0.0000000000e+00,1.0000530970e-04,1.0000670330e-04,1.0000547835e-04,2.7368632618e-07,3.0289326998e-07,2.8655563226e-07,8.7140719845e-09,5.3658451534e-09,1.2689708667e-08
4.2100000000e+00,-4.1913508604e+00,4.3021570370e+00,1.3935215037e+01,-5.7976691012e-01,-3.9802493024e+00,-8.8627513763e-01,1.0591359419e+00,-2.0091253052e-01,6.3733792138e-02,1.6478422520e+00,-3.1920546009e-01,-9.8376297392e-01,9.9955089979e-01,2.4259111105e-04,-2.2982982526e-02,-1.9228166835e-02,1.2541576309e+00,-2.4805379532e-01,4.8358884230e-02,2.0822746662e+00,-3.3170980301e-01,-1.6659959077e+00,9.9734950987e-01,-1.4114569624e-02,-6.4346981412e-02,-3.0890128883e-02,0.0000000000e+00,1.0000550620e-04,1.0000695478e-04,1.0000569060e-04,2.8251406861e-07,3.1163824376e-07,2.9541843026e-07,8.7327297845e-09,5.3845029534e-09,1.2708366467e-08
4.2150000000e+00,-1.0764327780e+01,3.1090651859e+00,2.2857604934e+01,-6.4764747407e-01,-3.5720621382e+00,-9.9396092077e-01,1.0672052445e+00,-2.0236221077e-01,5.8783747215e-02,1.6243170479e+00,-3.0305185108e-01,-9.5666741217e-01,9.9925408900e-01,-1.4396394976e-03,-3.1875561223e-02,-2.1751819441e-02,1.2645690042e+00,-2.4971234433e-01,4.0028904691e-02,2.0154179918e+00,-3.0930976205e-01,-1.6090808106e+00,9.9663112486e-01,-1.5844704121e-02,-7.3235546048e-02,-3.3345181269e-02,0.0000000000e+00,1.0000571643e-04,1.0000722188e-04,1.0000591703e-04,2.9121045575e-07,3.1920482251e-07,3.0361630720e-07,8.7513875845e-09,5.4031607534e-09,1.2727024267e-08
4.2200000000e+00,-9.4426482217e+01,4.4688544546e+00,3.5569716932e+01,-6.3834818654e-01,-3.3066136650e+00,-1.0449723390e+00,1.0750400441e+00,-2.0372863298e-01,5.4083568903e-02,1.5757366925e+00,-2.8617759629e-01,-9.0870106065e-01,9.9889282121e-01,-3.0829723320e-03,-4.0102075369e-02,-2.4401855980e-02,1.2777935701e+00,-2.5408081742e-01,8.1483585323e-02,1.5742612071e+00,-2.8508830032e-01,-9.2906647606e-01,9.9530824683e-01,-1.8477211975e-02,-8.7682495456e-02,-3.6494745033e-02,1.0000000000e+00,1.0000421185e-04,1.0000522001e-04,1.0000429196e-04,9.6771867264e-09,9.6909014238e-09,9.6833322382e-09,8.8053597066e-09,5.2997997748e-09,1.2133871691e-08
4.2250000000e+00,-7.1257143508e+01,5.8463417875e+00,5.0034520786e+01,-3.9739583330e-01,1.3374318809e+00,-1.0716555280e+00,1.0807999352e+00,-2.0486230667e-01,4.9906023547e-02,1.1564930994e+00,-2.3592069685e-01,-8.1909264120e-01,9.9894874518e-01,-3.8740763022e-03,-3.6742735890e-02,-2.7136090107e-02,1.2850270123e+00,-2.5542492914e-01,7.6501984556e-02,1.1655370916e+00,-2.3083990565e-01,-8.1125442238e-01,9.9542559670e-01,-1.9163196144e-02,-8.5439271297e-02,-3.8220207484e-02,1.0000000000e+00,1.0000419603e-04,1.0000522816e-04,1.0000428906e-04,6.5835234949e-09,6.7011553197e-09,6.6401728445e-09,8.8322018512e-09,5.1789558733e-09,1.1729970896e-08
4.2300000000e+00,-7.9811670020e+01,9.2618493931e+00,9.8944145632e+01,-2.0532617683e-01,3.7628321556e+00,-9.4021227374e-01,1.0851431942e+00,-2.0572962074e-01,4.6383078091e-02,8.6929227095e-01,-1.7835110004e-01,-6.9733505053e-01,9.9918122234e-01,-4.0509379361e-03,-2.7340447271e-02,-2.9546146279e-02,1.2926987417e+00,-2.5672716384e-01,7.1170138957e-02,7.9953555298e-01,-1.6113949310e-01,-6.0224424689e-01,9.9563757079e-01,-1.9705107238e-02,-8.1940831660e-02,-4.0040435704e-02,1.0000000000e+00,1.0000419115e-04,1.0000521388e-04,1.0000428670e-04,6.3146625270e-09,6.6107138195e-09,6.3964996654e-09,8.8224524473e-09,4.6981386176e-09,1.0894066400e-08
4.2350000000e+00,-5.4709724043e+01,5.6214002745e+00,7.1491853290e+01,-4.7158596853e-02,3.6092205272e+00,-6.6374913476e-01,1.0880278728e+00,-2.0627293835e-01,4.4254528030e-02,5.7623149634e-01,-1.1029749681e-01,-4.2399166123e-01,9.9933625564e-01,-3.8622685486e-03,-1.8324277445e-02,-3.1246630312e-02,1.2972561383e+00,-2.5776341010e-01,6.7578773102e-02,5.3689825561e-01,-1.0446160953e-01,-3.9287868550e-01,9.9628222996e-01,-1.9439182359e-02,-7.2528323237e-02,-4.2231253662e-02,1.0000000000e+00,1.0000418925e-04,1.0000520077e-04,1.0000428112e-04,6.2499828770e-09,6.4772206567e-09,6.2900184994e-09,8.7340146329e-09,4.3242881689e-09,1.0426972358e-08
4.2400000000e+00,-3.7042211278e+01,3.2513638624e+00,5.1931297587e+01,3.6993915078e-02,3.1842007843e+00,-4.4840996683e-01,1.0899153056e+00,-2.0661819076e-01,4.3117901115e-02,3.7650867968e-01,-6.9518601583e-02,-2.2701105875e-01,9.9941506941e-01,-3.5075154460e-03,-1.0373931070e-02,-3.2397498642e-02,1.3001916954e+00,-2.5837945421e-01,6.5158008457e-02,3.5428267600e-01,-6.6409250577e-02,-2.2095912194e-01,9.9686718118e-01,-1.8818877009e-02,-6.3230487804e-02,-4.3630016802e-02,1.0000000000e+00,1.0000418868e-04,1.0000519459e-04,1.0000427694e-04,6.1914566820e-09,6.3199269557e-09,6.1978915510e-09,8.6538973782e-09,4.1135832131e-09,1.0239396684e-08
4.2450000000e+00,-2.4847832813e+01,2.1629930343e+00,3.8114461562e+01,7.7880838785e-02,2.6465480873e+00,-2.9228553554e-01,1.0911154456e+00,-2.0684430455e-01,4.2674333878e-02,2.3907972187e-01,-4.5429095522e-02,-8.8463251304e-02,9.9943847451e-01,-3.0931227047e-03,-3.7686026543e-03,-3.3150654454e-02,1.3020963557e+00,-2.5872147475e-01,6.3780954040e-02,2.2744599016e-01,-4.2181195777e-02,-9.1679632648e-02,9.9729722859e-01,-1.8074131865e-02,-5.5681353838e-02,-4.4397639948e-02,1.0000000000e+00,1.0000418866e-04,1.0000519242e-04,1.0000427448e-04,6.1480194123e-09,6.2125602077e-09,6.1394570140e-09,8.5978600885e-09,4.0078802175e-09,1.0182551413e-08
4.2500000000e+00,-1.8092573360e+01,7.0400326754e-01,2.9365423653e+01,9.7596457954e-02,2.0895007612e+00,-2.2243069674e-01,1.0919338131e+00,-2.0696452652e-01,4.2643028509e-02,1.6322502996e-01,-2.3819353216e-02,-5.8259013952e-03,9.9942658996e-01,-2.6809625056e-03,1.4437631809e-03,-3.3722681814e-02,1.3033517877e+00,-2.5896229097e-01,6.3102960089e-02,1.4729094566e-01,-2.4181283287e-02,-5.4429733131e-03,9.9758723964e-01,-1.7659152061e-02,-4.9693695911e-02,-4.5148535414e-02,1.0000000000e+00,1.0000418880e-04,1.0000519182e-04,1.0000427314e-04,6.1212706270e-09,6.1550086035e-09,6.1100834911e-09,8.5605420371e-09,3.9570672771e-09,1.0176126342e-08
4.2550000000e+00,-1.2739845456e+01,8.9161515257e-02,2.2708440626e+01,9.5995357816e-02,1.5704996594e+00,-1.5669523300e-01,1.0924534300e+00,-2.0702778932e-01,4.2897772047e-02,1.0383068697e-01,-1.2430354201e-02,5.1687095600e-02,9.9940049848e-01,-2.3103976138e-03,5.3579818700e-03,-3.4126202893e-02,1.3041744365e+00,-2.5907806055e-01,6.2948933544e-02,9.1872831237e-02,-1.2874773623e-02,5.1864404270e-02,9.9777988158e-01,-1.7302558581e-02,-4.5321036952e-02,-4.5628203943e-02,1.0000000000e+00,1.0000418901e-04,1.0000519174e-04,1.0000427244e-04,6.1050224103e-09,6.1227921833e-09,6.0947280065e-09,8.5392820770e-09,3.9358800138e-09,1.0188030134e-08
4.2600000000e+00,-8.5131551836e+00,-2.0798259926e-01,1.7660094933e+01,8.9323013556e-02,1.1062751287e+00,-1.0318236184e-01,1.0927453658e+00,-2.0705990758e-01,4.3340183832e-02,5.8526391557e-02,-6.3015316803e-03,8.9433194578e-02,9.9937344933e-01,-1.9962503039e-03,8.1139260712e-03,-3.4393138274e-02,1.3046819049e+00,-2.5912995860e-01,6.3152835383e-02,5.1965238657e-02,-6.4491680823e-03,8.8426474381e-02,9.9790286430e-01,-1.6979240534e-02,-4.2347004785e-02,-4.5916336844e-02,1.0000000000e+00,1.0000418924e-04,1.0000519178e-04,1.0000427213e-04,6.0951619117e-09,6.1045993356e-09,6.0866190358e-09,8.5292697915e-09,3.9314922886e-09,1.0206049149e-08
4.2650000000e+00,-5.3361069538e+00,-1.5543436895e-01,1.3976143815e+01,7.9519618256e-02,7.0739467048e-01,-6.5241513308e-02,1.0928689549e+00,-2.0707408266e-01,4.3894685700e-02,2.4989333163e-02,-2.7994514253e-03,1.1194144770e-01,9.9935227788e-01,-1.7396879050e-03,9.8722939346e-03,-3.4562060166e-02,1.3049579015e+00,-2.5915882994e-01,6.3582466907e-02,2.2893891092e-02,-2.5558379962e-03,1.0988856077e-01,9.9797576616e-01,-1.6692612352e-02,-4.0511550659e-02,-4.6092744798e-02,1.0000000000e+00,1.0000418948e-04,1.0000519178e-04,1.0000427204e-04,6.0892513345e-09,6.0945609432e-09,6.0824678404e-09,8.5265882779e-09,3.9366505500e-09,1.0225280387e-08
4.2700000000e+00,-2.7733287529e+00,-1.0884796154e-01,1.1116770888e+01,6.7195345372e-02,3.7254479594e-01,-5.5561216410e-02,1.0928614648e+00,-2.0707980553e-01,4.4509586408e-02,-1.1600409284e-03,-1.1349646619e-03,1.2399794475e-01,9.9933810027e-01,-1.5379962900e-03,1.0797592221e-02,-3.4704580615e-02,1.3050583428e+00,-2.5918138535e-01,6.4151118589e-02,1.1253731345e-03,-6.0614344276e-04,1.2050174354e-01,9.9800905755e-01,-1.6449114196e-02,-3.9606827322e-02,-4.6245506961e-02,1.0000000000e+00,1.0000418971e-04,1.0000519168e-04,1.0000427207e-04,6.0856073969e-09,6.0890013010e-09,6.0803717136e-09,8.5288680900e-09,3.9473067015e-09,1.0243556254e-08
4.2750000000e+00,-1.0080232858e+00,-6.6330810696e-02,9.1645309301e+00,5.9610260091e-02,1.0568317696e-01,-4.1693970521e-02,1.0927684242e+00,-2.0707898783e-01,4.5140109122e-02,-1.8262283859e-02,1.7771854380e-04,1.2705143145e-01,9.9933180207e-01,-1.3840774842e-03,1.1055918734e-02,-3.4810923005e-02,1.3050370203e+00,-2.5919815795e-01,6.4785045453e-02,-1.4030640826e-02,5.7497692817e-04,1.2299531043e-01,9.9801494947e-01,-1.6255622495e-02,-3.9401471500e-02,-4.6362047146e-02,1.0000000000e+00,1.0000418994e-04,1.0000519148e-04,1.0000427218e-04,6.0834507996e-09,6.0861413516e-09,6.0794472969e-09,8.5341253789e-09,3.9609585598e-09,1.0260376419e-08
4.2800000000e+00,1.5207005602e-01,-8.4183217752e-02,7.8636311948e+00,4.8131935293e-02,-1.0027708032e-01,-2.8923553998e-02,1.0926232211e+00,-2.0707327123e-01,4.5755460721e-02,-2.8721443365e-02,1.1780331632e-03,1.2393181496e-01,9.9933221045e-01,-1.2704806194e-03,1.0802335558e-02,-3.4883070273e-02,1.3049364514e+00,-2.5920727334e-01,6.5435064170e-02,-2.3873346111e-02,1.3057165286e-03,1.1972082173e-01,9.9800093859e-01,-1.6123118196e-02,-3.9716654326e-02,-4.6440919383e-02,1.0000000000e+00,1.0000419015e-04,1.0000519119e-04,1.0000427234e-04,6.0821960108e-09,6.0847240188e-09,6.0791031801e-09,8.5412101721e-09,3.9761771737e-09,1.0275802412e-08
4.2850000000e+00,9.4463755674e-01,-6.7788994825e-02,7.0751329094e+00,4.1685199236e-02,-2.4921976585e-01,-2.0382284681e-02,1.0924499591e+00,-2.0706392795e-01,4.6335560592e-02,-3.4375804128e-02,1.9312589271e-03,1.1679979682e-01,9.9933733051e-01,-1.1897806654e-03,1.0176662628e-02,-3.4927350372e-02,1.3047869939e+00,-2.5921040445e-01,6.6068612302e-02,-2.9513940571e-02,1.8813376124e-03,1.1268569490e-01,9.9797253377e-01,-1.6030376815e-02,-4.0402315751e-02,-4.6491953522e-02,1.0000000000e+00,1.0000419035e-04,1.0000519083e-04,1.0000427251e-04,6.0814873054e-09,6.0840969534e-09,6.0790083949e-09,8.5492875556e-09,3.9921837628e-09,1.0290033510e-08
4.2900000000e+00,1.3672323426e+00,6.7225200518e-03,6.5596844937e+00,3.4822001113e-02,-3.4315444995e-01,-6.1993210279e-03,1.0922653913e+00,-2.0705552257e-01,4.6871637337e-02,-3.6698611091e-02,1.7773943854e-03,1.0792566297e-01,9.9934537626e-01,-1.1336832162e-03,9.3130856097e-03,-3.4939950720e-02,1.3046106314e+00,-2.5921555822e-01,6.6666226563e-02,-3.2240539659e-02,2.0448122600e-03,1.0359115831e-01,9.9793540711e-01,-1.5960490247e-02,-4.1316534077e-02,-4.6509461369e-02,1.0000000000e+00,1.0000419054e-04,1.0000519044e-04,1.0000427271e-04,6.0810646471e-09,6.0837680191e-09,6.0790086037e-09,8.5580283061e-09,4.0085965893e-09,1.0303529901e-08
4.2950000000e+00,1.5809329217e+00,-3.8907705760e-02,6.4586521707e+00,2.9452423654e-02,-4.0326015337e-01,2.7463362177e-03,1.0920826173e+00,-2.0704622302e-01,4.7354466062e-02,-3.6393608260e-02,1.9821648476e-03,9.7220174451e-02,9.9935452085e-01,-1.0956804534e-03,8.3031241105e-03,-3.4934213414e-02,1.3044259428e+00,-2.5921590311e-01,6.7214186522e-02,-3.2724304518e-02,2.0985298274e-03,9.3360800903e-02,9.9789237853e-01,-1.5918489382e-02,-4.2371052036e-02,-4.6498349613e-02,1.0000000000e+00,1.0000419073e-04,1.0000519000e-04,1.0000427291e-04,6.0808927071e-09,6.0837151511e-09,6.0790272357e-09,8.5668615564e-09,4.0251556627e-09,1.0316535694e-08
4.3000000000e+00,1.6403730818e+00,-5.4167579253e-02,6.4543396795e+00,2.5521513297e-02,-4.3233298992e-01,3.7346573704e-03,1.0919100347e+00,-2.0703575863e-01,4.7781001134e-02,-3.4397136322e-02,2.2369971135e-03,8.5916107889e-02,9.9936350290e-01,-1.0712444478e-03,7.2223667945e-03,-3.4918174744e-02,1.3042447016e+00,-2.5921210852e-01,6.7706711738e-02,-3.1613570432e-02,2.2343589303e-03,8.2484447440e-02,9.9784559062e-01,-1.5895606926e-02,-4.3487794627e-02,-4.6479228492e-02,1.0000000000e+00,1.0000419092e-04,1.0000518956e-04,1.0000427311e-04,6.0808350460e-09,6.0837310072e-09,6.0790402566e-09,8.5756025191e-09,4.0417521845e-09,1.0329335919e-08
4.3050000000e+00,1.6033720158e+00,-8.1759182696e-02,6.6631861079e+00,2.1474783705e-02,-4.3742959187e-01,7.1900932536e-03,1.0917526299e+00,-2.0702457108e-01,4.8151631599e-02,-3.1391409547e-02,2.4002499081e-03,7.4697716782e-02,9.9937157747e-01,-1.0566805150e-03,6.1298194692e-03,-3.4896402264e-02,1.3040746339e+00,-2.5920498963e-01,6.8139810987e-02,-2.9491213606e-02,2.3554111315e-03,7.1807613138e-02,9.9779777784e-01,-1.5887718201e-02,-4.4606640973e-02,-4.6448062633e-02,1.0000000000e+00,1.0000419110e-04,1.0000518909e-04,1.0000427332e-04,6.0808891684e-09,6.0838628211e-09,6.0790422946e-09,8.5839482143e-09,4.0582803831e-09,1.0342061863e-08
4.3100000000e+00,1.5252981237e+00,-5.8099314054e-02,6.7733100465e+00,1.9937024867e-02,-4.2128856362e-01,1.2167163133e-02,1.0916082700e+00,-2.0701552882e-01,4.8473838585e-02,-2.8827851570e-02,1.9647912147e-03,6.4984512251e-02,9.9937865815e-01,-1.0490532303e-03,5.0743180031e-03,-3.4863281943e-02,1.3039162796e+00,-2.5920184636e-01,6.8518941466e-02,-2.7296599121e-02,2.2071239578e-03,6.1920758428e-02,9.9775110486e-01,-1.5875977877e-02,-4.5681546921e-02,-4.6409937993e-02,1.0000000000e+00,1.0000419129e-04,1.0000518863e-04,1.0000427353e-04,6.0809484634e-09,6.0839421532e-09,6.0790387233e-09,8.5920556566e-09,4.0747361692e-09,1.0354846568e-08
4.3150000000e+00,1.4235282906e+00,-7.8637554550e-02,7.0407868537e+00,1.5368112015e-02,-3.9554492821e-01,1.3933776706e-02,1.0914808582e+00,-2.0700665941e-01,4.8747712923e-02,-2.5463123977e-02,1.9385574140e-03,5.5291626917e-02,9.9938441318e-01,-1.0454947113e-03,4.0803348703e-03,-3.4828903112e-02,1.3037737045e+00,-2.5919687127e-01,6.8844376185e-02,-2.4667937692e-02,2.1314326177e-03,5.2660123026e-02,9.9770683876e-01,-1.5876420851e-02,-4.6682490331e-02,-4.6365377676e-02,1.0000000000e+00,1.0000419147e-04,1.0000518816e-04,1.0000427374e-04,6.0810691114e-09,6.0841037767e-09,6.0790309537e-09,8.5996720997e-09,4.0910651002e-09,1.0367744233e-08
4.3200000000e+00,1.2340338535e+00,-1.0226609020e-01,7.3031511456e+00,1.3248045537e-02,-3.6588555185e-01,1.4369297987e-02,1.0913716627e+00,-2.0699738261e-01,4.8976147391e-02,-2.1828981489e-02,2.0398825979e-03,4.6178398825e-02,9.9938884295e-01,-1.0447843465e-03,3.1653532007e-03,-3.4796976141e-02,1.3036498415e+00,-2.5918913877e-01,6.9118881576e-02,-2.1875352143e-02,2.1713583084e-03,4.3970002354e-02,9.9766572364e-01,-1.5883167140e-02,-4.7598116259e-02,-4.6316824305e-02,1.0000000000e+00,1.0000419165e-04,1.0000518770e-04,1.0000427394e-04,6.0812126665e-09,6.0842423968e-09,6.0790195597e-09,8.6068142794e-09,4.1072485798e-09,1.0380920835e-08
4.3250000000e+00,1.1216288338e+00,-8.4139297963e-02,7.6699302301e+00,1.1215165429e-02,-3.2957786830e-01,9.5934614274e-03,1.0912805517e+00,-2.0698767532e-01,4.9163688278e-02,-1.8210334372e-02,2.1523876511e-03,3.7975381262e-02,9.9939210607e-01,-1.0462619517e-03,2.3409283205e-03,-3.4768429839e-02,1.3035437600e+00,-2.5918070038e-01,6.9345169218e-02,-1.8888997705e-02,2.3384126998e-03,3.6271104430e-02,9.9762801001e-01,-1.5890821868e-02,-4.8414264804e-02,-4.6280604863e-02,1.0000000000e+00,1.0000419183e-04,1.0000518723e-04,1.0000427415e-04,6.0814080178e-09,6.0845106496e-09,6.0790118796e-09,8.6132310850e-09,4.1232219396e-09,1.0394232502e-08
4.3300000000e+00,1.0727916139e+00,-6.9150182399e-02,7.8506259217e+00,8.2840406515e-03,-2.8774805517e-01,1.8344932127e-02,1.0912012071e+00,-2.0698005820e-01,4.9321284623e-02,-1.5888374454e-02,1.6932012536e-03,3.1972794272e-02,9.9939513411e-01,-1.0526105227e-03,1.6184504858e-03,-3.4722306194e-02,1.3034507329e+00,-2.5917727792e-01,6.9534194364e-02,-1.6457203337e-02,2.1765813173e-03,2.9946833208e-02,9.9759543845e-01,-1.5893158103e-02,-4.9126859394e-02,-4.6230946198e-02,1.0000000000e+00,1.0000419202e-04,1.0000518674e-04,1.0000427435e-04,6.0815603550e-09,6.0847289850e-09,6.0790082026e-09,8.6191509743e-09,4.1390191840e-09,1.0407552579e-08
4.3350000000e+00,9.5516376141e-01,-9.1658603652e-02,8.0360752435e+00,5.5730619703e-03,-2.4906953729e-01,1.6483555894e-02,1.0911359127e+00,-2.0697241781e-01,4.9450249365e-02,-1.3086047912e-02,1.6982834015e-03,2.6228517929e-02,9.9939748146e-01,-1.0605697358e-03,9.9527984015e-04,-3.4677927678e-02,1.3033729529e+00,-2.5917222687e-01,6.9689643009e-02,-1.4089678930e-02,2.1078112734e-03,2.4315854429e-02,9.9756726650e-01,-1.5900982763e-02,-4.9736142352e-02,-4.6184669468e-02,1.0000000000e+00,1.0000419220e-04,1.0000518626e-04,1.0000427454e-04,6.0816993079e-09,6.0848880371e-09,6.0790045496e-09,8.6246291847e-09,4.1546643740e-09,1.0421035742e-08
4.3400000000e+00,8.0899719116e-01,-6.5838111036e-02,8.2238690817e+00,3.3768727069e-03,-2.1130895157e-01,1.3176501654e-02,1.0910848556e+00,-2.0696334286e-01,4.9552796135e-02,-1.0231670025e-02,2.0117971709e-03,2.0925326665e-02,9.9939913907e-01,-1.0706568251e-03,4.7038240925e-04,-3.4640918864e-02,1.3033105967e+00,-2.5916522906e-01,6.9814119493e-02,-1.1760232015e-02,2.3625500058e-03,1.9220433229e-02,9.9754349429e-01,-1.5912792367e-02,-5.0243006768e-02,-4.6145425617e-02,1.0000000000e+00,1.0000419238e-04,1.0000518580e-04,1.0000427474e-04,6.0818292881e-09,6.0850120682e-09,6.0790027085e-09,8.6297356802e-09,4.1701666513e-09,1.0434778367e-08
4.3450000000e+00,7.1984105423e-01,7.9605512208e-03,8.4685318979e+00,6.0918188822e-04,-1.7176890412e-01,1.1296028637e-02,1.0910472579e+00,-2.0695167228e-01,4.9631667884e-02,-7.5247067732e-03,2.5715553866e-03,1.6170952694e-02,9.9940029936e-01,-1.0865401076e-03,4.2648661690e-05,-3.4610103219e-02,1.3032619748e+00,-2.5915742947e-01,6.9909920401e-02,-9.4243396341e-03,2.9811139544e-03,1.4787605069e-02,9.9752445528e-01,-1.5925892669e-02,-5.0644957742e-02,-4.6113071042e-02,1.0000000000e+00,1.0000419257e-04,1.0000518533e-04,1.0000427493e-04,6.0819804234e-09,6.0852112185e-09,6.0790041175e-09,8.6343344123e-09,4.1854970642e-09,1.0448676483e-08
4.3500000000e+00,6.1972886494e-01,-8.5399952391e-03,8.6358708238e+00,-8.3196593464e-03,-1.3087303156e-01,2.4996485738e-02,1.0910200677e+00,-2.0693792358e-01,4.9692350281e-02,-5.4648967048e-03,2.9274328171e-03,1.2522694331e-02,9.9940238628e-01,-1.1221264714e-03,-2.8521318635e-04,-3.4547500488e-02,1.3032255229e+00,-2.5914812906e-01,6.9982668432e-02,-7.4996116009e-03,3.4384265676e-03,1.1138491365e-02,9.9751180192e-01,-1.5955599283e-02,-5.0940599590e-02,-4.6050832701e-02,1.0000000000e+00,1.0000419275e-04,1.0000518486e-04,1.0000427512e-04,6.0821174144e-09,6.0853689005e-09,6.0790056881e-09,8.6385523348e-09,4.2006665242e-09,1.0462716468e-08
4.3550000000e+00,4.9256981479e-01,-9.5330247490e-02,8.8812546281e+00,-1.7303595104e-02,-9.6088329679e-02,2.6189487034e-02,1.0910028984e+00,-2.0692113777e-01,4.9736983790e-02,-3.4599179642e-03,3.5328941180e-03,9.2986932757e-03,9.9940449855e-01,-1.1754146695e-03,-5.2571533911e-04,-3.4481738733e-02,1.3032018289e+00,-2.5913189150e-01,7.0034713500e-02,-5.8467207952e-03,3.8584196500e-03,8.2047506814e-03,9.9750376075e-01,-1.6010977546e-02,-5.1141866472e-02,-4.5982663851e-02,1.0000000000e+00,1.0000419293e-04,1.0000518440e-04,1.0000427531e-04,6.0822907826e-09,6.0855625254e-09,6.0790071734e-09,8.6422777245e-09,4.2156388681e-09,1.0476917166e-08
4.3600000000e+00,3.5457746884e-01,-1.2396757785e-01,9.0516879651e+00,-2.4481323868e-02,-6.6484876333e-02,2.1383189629e-02,1.0909940626e+00,-2.0690167195e-01,4.9768334349e-02,-1.7807238015e-03,4.1010403144e-03,6.6275530958e-03,9.9940630526e-01,-1.2426427536e-03,-6.9135493121e-04,-3.4424045027e-02,1.3031888961e+00,-2.5911108679e-01,7.0069927231e-02,-4.4911915805e-03,4.3516727872e-03,5.7360695841e-03,9.9749902131e-01,-1.6083965480e-02,-5.1262663879e-02,-4.5925459463e-02,1.0000000000e+00,1.0000419312e-04,1.0000518395e-04,1.0000427550e-04,6.0824411761e-09,6.0857043611e-09,6.0790114886e-09,8.6456392893e-09,4.2304342095e-09,1.0491336463e-08
4.3650000000e+00,2.5420980467e-01,-2.3532605829e-02,9.1645219511e+00,-2.9023688727e-02,-4.3031232970e-02,1.8958112118e-02,1.0909915653e+00,-2.0688033360e-01,4.9789185842e-02,-4.9553254702e-04,4.5264060828e-03,4.5146575823e-03,9.9940775395e-01,-1.3193833592e-03,-7.9418901075e-04,-3.4376879448e-02,1.3031828330e+00,-2.5909229726e-01,7.0091156480e-02,-3.3812239347e-03,5.0277970624e-03,3.6775378471e-03,9.9749687756e-01,-1.6157962694e-02,-5.1321375004e-02,-4.5880453048e-02,1.0000000000e+00,1.0000419330e-04,1.0000518351e-04,1.0000427568e-04,6.0825455457e-09,6.0858036943e-09,6.0790186351e-09,8.6487679680e-09,4.2450952485e-09,1.0505973152e-08
4.3700000000e+00,1.4576482212e-01,-1.2715724489e-01,9.3600447400e+00,-3.8783303634e-02,-1.8590097142e-02,3.3573785215e-02,1.0909945059e+00,-2.0685834679e-01,4.9800648807e-02,5.7327932882e-04,4.5827424671e-03,2.6299654588e-03,9.9941041394e-01,-1.4173470667e-03,-8.3876055932e-04,-3.4294491093e-02,1.3031838183e+00,-2.5907047665e-01,7.0099409088e-02,-2.5661555728e-03,5.1608603766e-03,2.0891206423e-03,9.9749941135e-01,-1.6254359623e-02,-5.1312708384e-02,-4.5800940048e-02,1.0000000000e+00,1.0000419349e-04,1.0000518307e-04,1.0000427586e-04,6.0826924736e-09,6.0859529728e-09,6.0790249816e-09,8.6515372082e-09,4.2595719015e-09,1.0520778521e-08
4.3750000000e+00,1.3034948381e-01,-2.9879034264e-01,9.4823207422e+00,-4.3018221396e-02,-1.2389101237e-03,3.2837668629e-02,1.0910015520e+00,-2.0683553625e-01,4.9805374614e-02,1.3950141147e-03,4.7406106996e-03,1.2736539965e-03,9.9941312754e-01,-1.5281187509e-03,-8.3849379865e-04,-3.4210557907e-02,1.3031910248e+00,-2.5904081465e-01,7.0099285810e-02,-1.8317467336e-03,4.9897797920e-03,8.8631718013e-04,9.9750422747e-01,-1.6370541250e-02,-5.1257554317e-02,-4.5716350370e-02,1.0000000000e+00,1.0000419367e-04,1.0000518262e-04,1.0000427604e-04,6.0828370738e-09,6.0861132056e-09,6.0790283527e-09,8.6539250758e-09,4.2738758707e-09,1.0535581075e-08
4.3800000000e+00,3.8531484617e-02,-2.6236354721e-01,9.5664676593e+00,-3.8892555475e-02,1.4340762842e-02,2.9087706330e-02,1.0910114504e+00,-2.0681428119e-01,4.9804802701e-02,1.9748473448e-03,4.4612756508e-03,2.0613937137e-04,9.9941556831e-01,-1.6282849462e-03,-8.0062338878e-04,-3.4135458324e-02,1.3032022761e+00,-2.5901399132e-01,7.0091830391e-02,-1.3771464552e-03,4.8501144823e-03,-9.0671025278e-05,9.9751087204e-01,-1.6470502027e-02,-5.1161659863e-02,-4.5642822993e-02,1.0000000000e+00,1.0000419386e-04,1.0000518219e-04,1.0000427621e-04,6.0829346680e-09,6.0862026802e-09,6.0790348640e-09,8.6561059748e-09,4.2880474755e-09,1.0550510800e-08
4.3850000000e+00,-2.4769469096e-02,-3.6313132194e-02,9.5960838504e+00,-3.5471578554e-02,2.5294954511e-02,2.6238182726e-02,1.0910225542e+00,-2.0679400525e-01,4.9800956498e-02,2.2286002185e-03,4.3189087454e-03,-4.5421908927e-04,9.9941762269e-01,-1.7164392242e-03,-7.3520913093e-04,-3.4072404555e-02,1.3032138180e+00,-2.5899712228e-01,7.0078734420e-02,-1.1285666060e-03,5.1657021862e-03,-8.4241529253e-04,9.9751850021e-01,-1.6545095790e-02,-5.1038972859e-02,-4.5586453975e-02,1.0000000000e+00,1.0000419405e-04,1.0000518176e-04,1.0000427639e-04,6.0829661792e-09,6.0862356540e-09,6.0790415681e-09,8.6582469253e-09,4.3021588250e-09,1.0565621650e-08
4.3900000000e+00,-2.3574457289e-02,-7.0051905302e-02,9.6951204969e+00,-4.6221153116e-02,3.0224499039e-02,3.6057608001e-02,1.0910322220e+00,-2.0677340393e-01,4.9793823238e-02,1.9219240061e-03,4.2976764833e-03,-1.1121889017e-03,9.9942067305e-01,-1.8298823974e-03,-6.5218971505e-04,-3.3978588158e-02,1.3032249783e+00,-2.5898072508e-01,7.0061608919e-02,-1.2362881391e-03,5.2200855756e-03,-1.3415907698e-03,9.9752719373e-01,-1.6643811830e-02,-5.0905383605e-02,-4.5509594769e-02,1.0000000000e+00,1.0000419423e-04,1.0000518133e-04,1.0000427657e-04,6.0830415175e-09,6.0863439048e-09,6.0790451231e-09,8.6601883406e-09,4.3161695967e-09,1.0580715862e-08
4.3950000000e+00,-4.1712973944e-02,-1.5655985468e-01,9.7927520100e+00,-5.0936425832e-02,3.5003823213e-02,3.7791028227e-02,1.0910417301e+00,-2.0675228700e-01,4.9785004648e-02,1.8875224090e-03,4.3860582368e-03,-1.4521784687e-03,9.9942362637e-01,-1.9573193855e-03,-5.5867642081e-04,-3.3886159984e-02,1.3032369358e+00,-2.5896050885e-01,7.0041324338e-02,-1.3641260937e-03,5.1404369149e-03,-1.5520592612e-03,9.9753665716e-01,-1.6759736495e-02,-5.0756968467e-02,-4.5425312292e-02,1.0000000000e+00,1.0000419442e-04,1.0000518090e-04,1.0000427674e-04,6.0831375583e-09,6.0864690437e-09,6.0790470118e-09,8.6618347701e-09,4.3300590378e-09,1.0595800479e-08
4.4000000000e+00,-8.8918346224e-02,-2.2705731672e-01,9.8157658450e+00,-5.4266133851e-02,3.7335428125e-02,3.3949521194e-02,1.0910509738e+00,-2.0673082216e-01,4.9775791976e-02,1.8403517005e-03,4.4817100090e-03,-1.5331362304e-03,9.9942610772e-01,-2.0895501793e-03,-4.5959125936e-04,-3.3806475276e-02,1.3032499984e+00,-2.5893644289e-01,7.0019931926e-02,-1.5457864963e-03,5.0441468547e-03,-1.6439082297e-03,9.9754605424e-01,-1.6890092515e-02,-5.0599443541e-02,-4.5346342280e-02,1.0000000000e+00,1.0000419461e-04,1.0000518047e-04,1.0000427691e-04,6.0832007093e-09,6.0865149287e-09,6.0790501238e-09,8.6633574026e-09,4.3438634341e-09,1.0610947730e-08
4.4050000000e+00,-1.1568556009e-01,-4.1329399265e-02,9.7545496343e+00,-5.2084850865e-02,3.8771606946e-02,2.7005478606e-02,1.0910594067e+00,-2.0670938972e-01,4.9767138020e-02,1.6872199794e-03,4.5247783756e-03,-1.4215267796e-03,9.9942808639e-01,-2.2193996293e-03,-3.5862807124e-04,-3.3740862397e-02,1.3032608494e+00,-2.5891915045e-01,6.9998306824e-02,-1.7103631432e-03,5.3989661990e-03,-1.7467309848e-03,9.9755477058e-01,-1.7003426119e-02,-5.0438726208e-02,-4.5291258465e-02,1.0000000000e+00,1.0000419480e-04,1.0000518006e-04,1.0000427709e-04,6.0831798431e-09,6.0864670199e-09,6.0790540104e-09,8.6650004558e-09,4.3576726365e-09,1.0626233178e-08
4.4100000000e+00,-7.3460716603e-02,-1.0421549261e-01,9.8723597202e+00,-5.9294093957e-02,3.8083670425e-02,3.7605678884e-02,1.0910644461e+00,-2.0669018796e-01,4.9756265932e-02,9.9179786829e-04,3.9828292796e-03,-1.8640561136e-03,9.9943097608e-01,-2.3688930740e-03,-2.5905419234e-04,-3.3645880734e-02,1.3032683077e+00,-2.5890487482e-01,6.9974855429e-02,-2.1438898210e-03,5.0908973288e-03,-1.8137870455e-03,9.9756391980e-01,-1.7127807399e-02,-5.0283366670e-02,-4.5215563327e-02,1.0000000000e+00,1.0000419498e-04,1.0000517963e-04,1.0000427726e-04,6.0832510395e-09,6.0865863627e-09,6.0790532880e-09,8.6664200304e-09,4.3713777951e-09,1.0641407787e-08
4.4150000000e+00,-6.7185719726e-02,-9.6064715495e-02,9.9066093056e+00,-6.2325324811e-02,3.5434507261e-02,3.7969509254e-02,1.0910688803e+00,-2.0667195953e-01,4.9744812342e-02,8.6801001366e-04,3.7631302523e-03,-1.9813071872e-03,9.9943377530e-01,-2.5253323378e-03,-1.6324774381e-04,-3.3551823030e-02,1.3032743177e+00,-2.5889174290e-01,6.9950229255e-02,-2.3757743832e-03,4.8583548448e-03,-1.8432571763e-03,9.9757271952e-01,-1.7260724514e-02,-5.0132102909e-02,-4.5138774017e-02,1.0000000000e+00,1.0000419517e-04,1.0000517919e-04,1.0000427743e-04,6.0833050585e-09,6.0866733618e-09,6.0790529571e-09,8.6676217145e-09,4.3850085054e-09,1.0656557761e-08
4.4200000000e+00,-8.6329509231e-02,-1.8362172277e-01,9.9149579034e+00,-6.3111108459e-02,3.5097143896e-02,3.4493862636e-02,1.0910732179e+00,-2.0665439448e-01,4.9733999611e-02,8.5283896703e-04,3.6449463279e-03,-1.8531399638e-03,9.9943615743e-01,-2.6790251841e-03,-7.2152698454e-05,-3.3469162523e-02,1.3032809234e+00,-2.5887537085e-01,6.9925613948e-02,-2.5242111000e-03,4.5335834019e-03,-1.7587887784e-03,9.9758124863e-01,-1.7402492242e-02,-4.9978705657e-02,-4.5065891996e-02,1.0000000000e+00,1.0000419536e-04,1.0000517876e-04,1.0000427760e-04,6.0833471293e-09,6.0867066350e-09,6.0790528814e-09,8.6687199940e-09,4.3985796034e-09,1.0671728827e-08
4.4250000000e+00,-7.6872339514e-02,2.2825050072e-03,9.8624040648e+00,-5.8637595451e-02,3.3467110989e-02,2.9133446204e-02,1.0910771223e+00,-2.0663764158e-01,4.9724658380e-02,7.7320972715e-04,3.5191889690e-03,-1.5566926363e-03,9.9943811287e-01,-2.8229060261e-03,1.3708822852e-05,-3.3398945346e-02,1.3032852340e+00,-2.5886657574e-01,6.9901824092e-02,-2.5628351049e-03,4.6913445604e-03,-1.6564641313e-03,9.9758895899e-01,-1.7522667928e-02,-4.9830878422e-02,-4.5012315605e-02,1.0000000000e+00,1.0000419555e-04,1.0000517833e-04,1.0000427777e-04,6.0833251688e-09,6.0866815746e-09,6.0790545988e-09,8.6698828967e-09,4.4121612147e-09,1.0686953575e-08
4.4300000000e+00,-5.8673808050e-02,-9.2185776102e-02,9.9427832441e+00,-6.5420663074e-02,2.8669021063e-02,3.8422788363e-02,1.0910761011e+00,-2.0662471181e-01,4.9713744324e-02,-2.2522228514e-04,2.6600230026e-03,-1.8698310312e-03,9.9944074180e-01,-2.9840090920e-03,9.1191864279e-05,-3.3306020409e-02,1.3032860870e+00,-2.5886167369e-01,6.9877990475e-02,-3.1765521704e-03,4.0534122665e-03,-1.6403391189e-03,9.9759635142e-01,-1.7653137525e-02,-4.9701017760e-02,-4.4941019167e-02,1.0000000000e+00,1.0000419573e-04,1.0000517790e-04,1.0000427794e-04,6.0833785753e-09,6.0867611959e-09,6.0790532266e-09,8.6709329980e-09,4.4256566171e-09,1.0702066132e-08
4.4350000000e+00,-1.7102854251e-02,-3.8484915990e-03,9.8887541353e+00,-6.7371677681e-02,2.6464033130e-02,3.5859759511e-02,1.0910730034e+00,-2.0661794027e-01,4.9704821092e-02,-6.5125136997e-04,1.3602073495e-03,-1.4722969995e-03,9.9944330310e-01,-3.1509078597e-03,1.6177258118e-04,-3.3213393266e-02,1.3032819107e+00,-2.5886813627e-01,6.9854572712e-02,-3.5640815711e-03,3.1779468983e-03,-1.4943782104e-03,9.9760289637e-01,-1.7774094875e-02,-4.9577284309e-02,-4.4884692110e-02,1.0000000000e+00,1.0000419592e-04,1.0000517746e-04,1.0000427811e-04,6.0833727940e-09,6.0867697581e-09,6.0790519022e-09,8.6719567895e-09,4.4391353275e-09,1.0717159857e-08
4.4400000000e+00,-8.8752095657e-02,-1.1979291343e-01,1.0033284438e+01,-6.1956809217e-02,2.5112574981e-02,2.7248260458e-02,1.0910707257e+00,-2.0661178872e-01,4.9692781331e-02,-4.8482250747e-04,1.2438226452e-03,-2.0934248227e-03,9.9944509868e-01,-3.3074482307e-03,2.2567061551e-04,-3.3143695913e-02,1.3032803277e+00,-2.5886869565e-01,6.9828793730e-02,-3.7969322324e-03,2.5667343185e-03,-1.5396833069e-03,9.9760905192e-01,-1.7898413423e-02,-4.9450609584e-02,-4.4838192877e-02,1.0000000000e+00,1.0000419611e-04,1.0000517702e-04,1.0000427828e-04,6.0834637327e-09,6.0868712248e-09,6.0790538668e-09,8.6726988610e-09,4.4525061476e-09,1.0732312876e-08
4.4450000000e+00,-1.1888870585e-01,8.7343663069e-02,1.0005625127e+01,-5.5959152263e-02,2.1864119330e-02,2.3717967440e-02,1.0910705615e+00,-2.0660569508e-01,4.9680149127e-02,-5.4499006990e-05,1.2595967504e-03,-2.2092474781e-03,9.9944645191e-01,-3.4465897961e-03,2.8453024131e-04,-3.3088212869e-02,1.3032784605e+00,-2.5887545172e-01,6.9801542024e-02,-3.6374131040e-03,2.7480999839e-03,-1.6999072599e-03,9.9761481682e-01,-1.8002695727e-02,-4.9328044319e-02,-4.4803172290e-02,1.0000000000e+00,1.0000419630e-04,1.0000517660e-04,1.0000427846e-04,6.0834715529e-09,6.0868726956e-09,6.0790611254e-09,8.6734026876e-09,4.4658594713e-09,1.0747612259e-08
4.4500000000e+00,-9.1231240863e-02,-6.0298689360e-02,9.9863468625e+00,-6.5835096931e-02,1.8442972844e-02,3.7289776821e-02,1.0910688136e+00,-2.0659852469e-01,4.9670808019e-02,-3.7992114396e-04,1.3998206175e-03,-1.5486319806e-03,9.9944885332e-01,-3.6115185333e-03,3.3577719014e-04,-3.2997481619e-02,1.3032770879e+00,-2.5887657272e-01,6.9776576156e-02,-3.7369194939e-03,2.6143660768e-03,-1.3838926630e-03,9.9762113423e-01,-1.8141666701e-02,-4.9215092831e-02,-4.4730605929e-02,1.0000000000e+00,1.0000419649e-04,1.0000517617e-04,1.0000427863e-04,6.0834875459e-09,6.0868721061e-09,6.0790584810e-09,8.6741362093e-09,4.4791840815e-09,1.0762873449e-08
4.4550000000e+00,-9.7494750048e-02,-1.1207981229e-01,9.9264578536e+00,-7.2280259580e-02,1.5159434722e-02,4.1416894677e-02,1.0910659497e+00,-2.0659140498e-01,4.9665210566e-02,-6.0437736037e-04,1.3494048154e-03,-7.9489306471e-04,9.9945165007e-01,-3.7863748922e-03,3.8004481233e-04,-3.2892523465e-02,1.3032755533e+00,-2.5887573378e-01,6.9755042721e-02,-3.9178647926e-03,2.4318812385e-03,-9.1625517997e-04,9.9762722661e-01,-1.8301842908e-02,-4.9109473532e-02,-4.4645479939e-02,1.0000000000e+00,1.0000419667e-04,1.0000517575e-04,1.0000427880e-04,6.0834739448e-09,6.0868130397e-09,6.0790564744e-09,8.6750013192e-09,4.4925098247e-09,1.0778171016e-08
4.4600000000e+00,-1.0548734948e-01,-1.3270064490e-01,9.8767326605e+00,-6.9946802696e-02,1.2210645196e-02,4.4307662292e-02,1.0910617821e+00,-2.0658510196e-01,4.9663332635e-02,-8.6310654026e-04,1.1629021606e-03,-4.2997427373e-05,9.9945457909e-01,-3.9598175896e-03,4.1796236151e-04,-3.2782457097e-02,1.3032731665e+00,-2.5887497732e-01,6.9737063682e-02,-4.1515900210e-03,2.2100178897e-03,-3.7274748820e-04,9.9763336565e-01,-1.8458076970e-02,-4.9011384653e-02,-4.4551670117e-02,1.0000000000e+00,1.0000419686e-04,1.0000517535e-04,1.0000427897e-04,6.0834512212e-09,6.0867405707e-09,6.0790556585e-09,8.6760278865e-09,4.5058462359e-09,1.0793525441e-08
4.4650000000e+00,3.2292889565e-02,5.5142268468e-02,9.7870691796e+00,-6.5639687367e-02,8.7942577269e-03,4.4948894339e-02,1.0910560363e+00,-2.0658017768e-01,4.9664878706e-02,-1.1760275219e-03,8.7072339169e-04,6.5264940483e-04,9.9945757824e-01,-4.1245585881e-03,4.5003016133e-04,-3.2670090218e-02,1.3032656945e+00,-2.5888362905e-01,6.9723380932e-02,-4.1118586897e-03,2.2860206022e-03,1.0357184131e-04,9.9763883023e-01,-1.8590040024e-02,-4.8928973141e-02,-4.4464934586e-02,1.0000000000e+00,1.0000419705e-04,1.0000517493e-04,1.0000427914e-04,6.0833921673e-09,6.0867111913e-09,6.0790512029e-09,8.6771524525e-09,4.5192408475e-09,1.0808736410e-08
4.4700000000e+00,6.5507238296e-02,2.4104093042e-02,9.7002222920e+00,-7.7126425384e-02,8.4196538096e-03,5.2948725114e-02,1.0910470728e+00,-2.0657621952e-01,4.9669904364e-02,-1.8218450537e-03,6.3899825560e-04,1.3495486594e-03,9.9946109689e-01,-4.3166068950e-03,4.7380369999e-04,-3.2537028452e-02,1.3032559456e+00,-2.5889379217e-01,6.9714519347e-02,-4.4106100415e-03,2.1062797206e-03,5.5314555615e-04,9.9764421912e-01,-1.8748566621e-02,-4.8851948338e-02,-4.4362038465e-02,1.0000000000e+00,1.0000419725e-04,1.0000517451e-04,1.0000427931e-04,6.0833352463e-09,6.0866390400e-09,6.0790471332e-09,8.6784763653e-09,4.5326923385e-09,1.0823854099e-08
4.4750000000e+00,1.1647352010e-01,4.1817473067e-02,9.6317567913e+00,-8.1039234916e-02,4.4982476979e-03,6.0369891350e-02,1.0910361600e+00,-2.0657429015e-01,4.9677661379e-02,-2.2142811294e-03,1.8437872723e-04,1.9016613375e-03,9.9946496035e-01,-4.5220565740e-03,4.9241484670e-04,-3.2389837362e-02,1.3032431463e+00,-2.5890778879e-01,6.9709050188e-02,-4.6483702403e-03,1.7851850231e-03,9.4032870719e-04,9.9764953137e-01,-1.8913197880e-02,-4.8786835690e-02,-4.4244188020e-02,1.0000000000e+00,1.0000419744e-04,1.0000517410e-04,1.0000427949e-04,6.0832855870e-09,6.0865787290e-09,6.0790435320e-09,8.6799420046e-09,4.5461890343e-09,1.0838907995e-08
4.4800000000e+00,1.4587031358e-01,-3.0909925057e-03,9.5961264640e+00,-8.4608661330e-02,3.3774493499e-03,6.2752785729e-02,1.0910241541e+00,-2.0657495919e-01,4.9686942844e-02,-2.4359025423e-03,-3.9129505538e-04,2.2157779047e-03,9.9946900268e-01,-4.7310301804e-03,5.0822208635e-04,-3.2234635676e-02,1.3032288069e+00,-2.5892358233e-01,6.9705930758e-02,-4.8178915118e-03,1.2197068966e-03,1.2222012763e-03,9.9765470343e-01,-1.9086818225e-02,-4.8725009028e-02,-4.4120965334e-02,1.0000000000e+00,1.0000419762e-04,1.0000517368e-04,1.0000427966e-04,6.0832602507e-09,6.0865408107e-09,6.0790393663e-09,8.6814877886e-09,4.5597014445e-09,1.0853919135e-08
4.4850000000e+00,2.3774972911e-01,1.4911689304e-01,9.5927306768e+00,-8.1990634561e-02,4.0277732408e-03,6.2506854726e-02,1.0910117644e+00,-2.0657847913e-01,4.9696528962e-02,-2.5163286036e-03,-1.0219230029e-03,2.2885303969e-03,9.9947308783e-01,-4.9367177947e-03,5.2307756836e-04,-3.2076500833e-02,1.3032111100e+00,-2.5894890309e-01,6.9703800938e-02,-4.7249347027e-03,9.0143325599e-04,1.3780316617e-03,9.9765970894e-01,-1.9242561068e-02,-4.8665566096e-02,-4.4005586900e-02,1.0000000000e+00,1.0000419782e-04,1.0000517325e-04,1.0000427984e-04,6.0832496950e-09,6.0865812283e-09,6.0790396091e-09,8.6829519412e-09,4.5732148294e-09,1.0868781879e-08
4.4900000000e+00,1.8481000978e-01,6.3475754609e-02,9.6026260377e+00,-8.8972356777e-02,1.9270190327e-03,5.3276381536e-02,1.0910015308e+00,-2.0657933778e-01,4.9706379746e-02,-2.0809584073e-03,-4.2979263850e-04,2.3355632722e-03,9.9947624524e-01,-5.1603946692e-03,5.3848730720e-04,-3.1942378737e-02,1.3031974024e+00,-2.5896605053e-01,6.9702400131e-02,-4.5409345098e-03,9.8589979024e-04,1.4823091067e-03,9.9766342454e-01,-1.9431966604e-02,-4.8605895916e-02,-4.3903950671e-02,1.0000000000e+00,1.0000419800e-04,1.0000517283e-04,1.0000428002e-04,6.0832620608e-09,6.0865763015e-09,6.0790388522e-09,8.6843820849e-09,4.5867170768e-09,1.0883699612e-08
4.4950000000e+00,1.6563661947e-01,-4.9104969229e-03,9.5948953622e+00,-9.4290440204e-02,3.1382624596e-03,5.0418424982e-02,1.0909919750e+00,-2.0658042209e-01,4.9716042205e-02,-1.9460210074e-03,-4.6873952459e-04,2.3006660045e-03,9.9947910299e-01,-5.3917063610e-03,5.5792819886e-04,-3.1814162159e-02,1.3031851819e+00,-2.5898096213e-01,6.9701446175e-02,-4.4320785056e-03,8.7154897469e-04,1.4876693375e-03,9.9766673645e-01,-1.9637050094e-02,-4.8542068658e-02,-4.3807953734e-02,1.0000000000e+00,1.0000419819e-04,1.0000517241e-04,1.0000428019e-04,6.0832745755e-09,6.0865572157e-09,6.0790369331e-09,8.6858526340e-09,4.6001873128e-09,1.0898670575e-08
4.5000000000e+00,1.7383787851e-01,-4.6048783270e-02,9.5808741479e+00,-9.2080063631e-02,5.1386325603e-03,5.2117461273e-02,1.0909829672e+00,-2.0658332727e-01,4.9724702010e-02,-1.8394562599e-03,-8.5712542869e-04,2.1077413934e-03,9.9948188776e-01,-5.6228233976e-03,5.8266969363e-04,-3.1685965105e-02,1.3031733913e+00,-2.5899670232e-01,6.9700297087e-02,-4.3106175656e-03,5.1521065624e-04,1.3494465218e-03,9.9767053522e-01,-1.9835897533e-02,-4.8473644603e-02,-4.3707506283e-02,1.0000000000e+00,1.0000419838e-04,1.0000517200e-04,1.0000428037e-04,6.0832835159e-09,6.0865432511e-09,6.0790347201e-09,8.6873553689e-09,4.6136271608e-09,1.0913662359e-08
4.5050000000e+00,2.7803976596e-01,-1.0212428269e-01,9.6192634837e+00,-9.0026361980e-02,9.1320302128e-03,5.2144761485e-02,1.0909748268e+00,-2.0658931747e-01,4.9731493123e-02,-1.6705646060e-03,-1.5139468040e-03,1.7443410001e-03,9.9948465452e-01,-5.8459179897e-03,6.1281260930e-04,-3.1557488491e-02,1.3031611828e+00,-2.5901439025e-01,6.9698218398e-02,-3.9720748070e-03,-1.4014009324e-04,1.1730947080e-03,9.9767472218e-01,-2.0028814421e-02,-4.8398528632e-02,-4.3607083530e-02,1.0000000000e+00,1.0000419857e-04,1.0000517156e-04,1.0000428055e-04,6.0833269406e-09,6.0866377039e-09,6.0790285481e-09,8.6886586642e-09,4.6269973471e-09,1.0928466953e-08
4.5100000000e+00,1.9689076110e-01,-1.9696323738e-01,9.4707372474e+00,-8.0748828684e-02,1.5323710649e-02,4.4697487114e-02,1.0909700092e+00,-2.0659690519e-01,4.9744044324e-02,-1.0015524398e-03,-1.7396374988e-03,2.9002280006e-03,9.9948687440e-01,-6.0468428096e-03,6.5647001629e-04,-3.1448253539e-02,1.3031538699e+00,-2.5902808862e-01,6.9698994800e-02,-3.5758127437e-03,-7.1089331024e-04,1.5080147027e-03,9.9767966638e-01,-2.0209205656e-02,-4.8303167395e-02,-4.3516379953e-02,1.0000000000e+00,1.0000419875e-04,1.0000517116e-04,1.0000428073e-04,6.0832751446e-09,6.0864874550e-09,6.0790269251e-09,8.6902405536e-09,4.6404220204e-09,1.0943445842e-08
4.5150000000e+00,2.2082541740e-01,-6.6648112349e-02,9.5035384214e+00,-7.1332397101e-02,2.0128187540e-02,4.4669081443e-02,1.0909645964e+00,-2.0661051820e-01,4.9757328039e-02,-1.1241089292e-03,-2.9451983615e-03,3.0620166109e-03,9.9948922780e-01,-6.2192113403e-03,7.1160050239e-04,-3.1338451599e-02,1.3031448259e+00,-2.5905460780e-01,6.9700734106e-02,-3.4283705262e-03,-1.4089467074e-03,1.7971800148e-03,9.9768524618e-01,-2.0348178724e-02,-4.8202402089e-02,-4.3435349667e-02,1.0000000000e+00,1.0000419895e-04,1.0000517075e-04,1.0000428091e-04,6.0832687614e-09,6.0864777029e-09,6.0790281976e-09,8.6918925448e-09,4.6538267269e-09,1.0958418378e-08
4.5200000000e+00,2.1016118312e-01,-1.1210097213e-01,9.5269142587e+00,-6.2739003754e-02,2.3147505623e-02,4.5425070015e-02,1.0909589610e+00,-2.0662936119e-01,4.9768301883e-02,-1.1759876047e-03,-4.0442979703e-03,2.6188338272e-03,9.9949179469e-01,-6.3705454281e-03,7.7534424207e-04,-3.1224467009e-02,1.3031359508e+00,-2.5908594105e-01,6.9702376819e-02,-3.4311943225e-03,-2.4308797161e-03,1.6880314346e-03,9.9769161126e-01,-2.0463097384e-02,-4.8096198619e-02,-4.3352810140e-02,1.0000000000e+00,1.0000419914e-04,1.0000517035e-04,1.0000428109e-04,6.0832903603e-09,6.0864920631e-09,6.0790283344e-09,8.6935228895e-09,4.6671882910e-09,1.0973399398e-08
4.5250000000e+00,3.7664415192e-01,-1.9141422793e-01,9.6726552855e+00,-5.3679284089e-02,2.6295024216e-02,4.9124022442e-02,1.0909541884e+00,-2.0665386277e-01,4.9774614410e-02,-1.0134333217e-03,-5.2508289605e-03,1.7054218996e-03,9.9949458975e-01,-6.5015426151e-03,8.4376248578e-04,-3.1105997404e-02,1.3031259725e+00,-2.5912121285e-01,6.9701415815e-02,-3.0466205723e-03,-3.7304017060e-03,1.4118584196e-03,9.9769898032e-01,-2.0557728372e-02,-4.7987140543e-02,-4.3259204951e-02,1.0000000000e+00,1.0000419932e-04,1.0000516989e-04,1.0000428126e-04,6.0834048529e-09,6.0867373225e-09,6.0790212677e-09,8.6946199990e-09,4.6803981372e-09,1.0988023547e-08
4.5300000000e+00,1.2949308411e-01,-6.8792380228e-02,9.6069560031e+00,-3.1301546663e-02,3.3385210510e-02,3.5919622075e-02,1.0909608305e+00,-2.0667912414e-01,4.9786459871e-02,1.2808945970e-03,-5.2757472108e-03,2.8118628813e-03,9.9949684445e-01,-6.5784537123e-03,9.3228844749e-04,-3.1014717746e-02,1.3031262665e+00,-2.5915670293e-01,6.9698601869e-02,-1.9425426083e-03,-3.9767767432e-03,1.7922536138e-03,9.9770809473e-01,-2.0604653980e-02,-4.7840663564e-02,-4.3188851059e-02,1.0000000000e+00,1.0000419951e-04,1.0000516949e-04,1.0000428144e-04,6.0833936201e-09,6.0866272156e-09,6.0790300134e-09,8.6957743927e-09,4.6936189006e-09,1.1003156765e-08
4.5350000000e+00,1.2407476770e-01,-5.6406717432e-03,9.6830891930e+00,-2.0973231378e-02,4.1731728898e-02,3.4536792728e-02,1.0909697019e+00,-2.0670860994e-01,4.9798705439e-02,1.7237422519e-03,-6.1244876947e-03,2.9083177258e-03,9.9949917675e-01,-6.6277926510e-03,1.0387947045e-03,-3.0925538597e-02,1.3031290296e+00,-2.5920081089e-01,6.9696541747e-02,-1.2488022271e-03,-4.4577850035e-03,2.1433117164e-03,9.9771825421e-01,-2.0611728382e-02,-4.7679461035e-02,-4.3129002658e-02,1.0000000000e+00,1.0000419970e-04,1.0000516910e-04,1.0000428162e-04,6.0834336271e-09,6.0866577712e-09,6.0790362238e-09,8.6969185936e-09,4.7067678346e-09,1.1018357364e-08
4.5400000000e+00,1.1011333547e-01,3.5454670680e-02,9.7996652038e+00,-1.7457596188e-02,4.6446931312e-02,3.7847423847e-02,1.0909798288e+00,-2.0674374262e-01,4.9808010289e-02,1.9638352297e-03,-7.3271410354e-03,2.3406686802e-03,9.9950172894e-01,-6.6649702582e-03,1.1601650463e-03,-3.0830602181e-02,1.3031329130e+00,-2.5925443137e-01,6.9693122784e-02,-8.6635521398e-04,-5.2855002111e-03,2.1581038884e-03,9.9772927110e-01,-2.0597255422e-02,-4.7509972517e-02,-4.3068052788e-02,1.0000000000e+00,1.0000419990e-04,1.0000516869e-04,1.0000428180e-04,6.0835187994e-09,6.0867770030e-09,6.0790415079e-09,8.6978330811e-09,4.7197892012e-09,1.1033554070e-08
4.5450000000e+00,6.6809274039e-01,-8.4191695848e-02,1.0850523623e+01,-1.5354502650e-02,5.3518350790e-02,3.8081697563e-02,1.0909921131e+00,-2.0678434689e-01,4.9812029287e-02,2.3769874324e-03,-8.5158302588e-03,1.3032151340e-03,9.9950438391e-01,-6.6957653596e-03,1.2916976082e-03,-3.0732471334e-02,1.3031331939e+00,-2.5931355807e-01,6.9680193332e-02,4.1294479968e-04,-6.5662221861e-03,3.6971449657e-03,9.9774037534e-01,-2.0574989872e-02,-4.7338906811e-02,-4.3009779184e-02,1.0000000000e+00,1.0000420006e-04,1.0000516805e-04,1.0000428196e-04,6.0842227087e-09,6.0882324219e-09,6.0790235063e-09,8.6955823744e-09,4.7319296796e-09,1.1047184569e-08
4.5500000000e+00,-3.4476417694e-01,-2.1114363847e-01,1.0928471853e+01,-2.1190979937e-02,8.9410677746e-02,4.1392955273e-02,1.0910563780e+00,-2.0682094310e-01,4.9819744304e-02,1.2822711088e-02,-7.4848008338e-03,1.9699167582e-03,9.9950684723e-01,-6.7439477440e-03,1.5160624078e-03,-3.0631406560e-02,1.3031801891e+00,-2.5934673126e-01,6.9653489198e-02,5.2742335664e-03,-6.5138682530e-03,4.6770337348e-03,9.9776165643e-01,-2.0618477490e-02,-4.6964319211e-02,-4.2905804639e-02,1.0000000000e+00,1.0000420024e-04,1.0000516758e-04,1.0000428213e-04,6.0845147979e-09,6.0882586032e-09,6.0790577783e-09,8.6923573073e-09,4.7437094380e-09,1.1062848225e-08
4.5550000000e+00,-7.7004838358e-01,-2.5326237186e-01,1.0899298153e+01,-3.1776561461e-02,1.2158664420e-01,5.0905689925e-02,1.0911401405e+00,-2.0686192412e-01,4.9832197368e-02,1.6745863439e-02,-8.2940411700e-03,2.8979279572e-03,9.9950968993e-01,-6.8132377289e-03,1.8251474034e-03,-3.0506202140e-02,1.3032534572e+00,-2.5938335345e-01,6.9629972637e-02,8.7528224773e-03,-7.0001273638e-03,5.4944606897e-03,9.9778750419e-01,-2.0676694360e-02,-4.6499717521e-02,-4.2782555488e-02,1.0000000000e+00,1.0000420043e-04,1.0000516722e-04,1.0000428230e-04,6.0845977920e-09,6.0880143521e-09,6.0791112454e-09,8.6898281054e-09,4.7553042463e-09,1.1079566273e-08
4.5600000000e+00,-9.8278452253e-01,-2.5920046761e-01,1.0815809984e+01,-3.7105599402e-02,1.4432949111e-01,6.0513242550e-02,1.0912270718e+00,-2.0691003528e-01,4.9846691061e-02,1.7388329330e-02,-9.7253408384e-03,3.3138078061e-03,9.9951299000e-01,-6.8963902149e-03,2.1901846830e-03,-3.0354994982e-02,1.3033382084e+00,-2.5942995564e-01,6.9613301013e-02,1.0125959145e-02,-8.0449853204e-03,5.8693060800e-03,9.9781574258e-01,-2.0731365307e-02,-4.5994127956e-02,-4.2643810178e-02,1.0000000000e+00,1.0000420063e-04,1.0000516693e-04,1.0000428247e-04,6.0845734998e-09,6.0877429608e-09,6.0791577402e-09,8.6882604955e-09,4.7668480076e-09,1.1096779779e-08
4.5650000000e+00,9.7483197584e-01,-1.0685698373e+00,1.4227186000e+01,-3.8803137387e-02,1.5160984058e-01,6.9532859172e-02,1.0913087967e+00,-2.0696596992e-01,4.9858995744e-02,1.6343789041e-02,-1.1317842073e-02,2.8989989895e-03,9.9951669709e-01,-6.9787227380e-03,2.5746919365e-03,-3.0183449699e-02,1.3034082423e+00,-2.5946905679e-01,6.9579675699e-02,1.3113871570e-02,-1.1016366506e-02,1.2839181243e-02,9.9784168454e-01,-2.0814489666e-02,-4.5546676795e-02,-4.2476226903e-02,1.0000000000e+00,1.0000420074e-04,1.0000516579e-04,1.0000428258e-04,6.0872279089e-09,6.0927865837e-09,6.0790504983e-09,8.6756159240e-09,4.7751944443e-09,1.1108387228e-08
4.5700000000e+00,-7.3031711663e-01,-6.2993098219e-01,1.3381519467e+01,-6.6956655384e-02,2.5533989631e-01,1.0287236993e-01,1.0914742737e+00,-2.0704839724e-01,4.9920957375e-02,3.3139745101e-02,-1.6511660936e-02,1.2816324059e-02,9.9952135452e-01,-7.1250142550e-03,3.2191331982e-03,-2.9932143440e-02,1.3035449346e+00,-2.5952972887e-01,6.9550121780e-02,2.1444589106e-02,-1.4280898127e-02,1.9612248004e-02,9.9789185693e-01,-2.0926698796e-02,-4.4624540843e-02,-4.2220439336e-02,1.0000000000e+00,1.0000420089e-04,1.0000516504e-04,1.0000428271e-04,6.0875055456e-09,6.0926629721e-09,6.0791236191e-09,8.6616300245e-09,4.7830136994e-09,1.1123734330e-08
4.5750000000e+00,-1.7626297451e+00,1.3979647073e-01,1.2269666523e+01,-8.4184487326e-02,3.3516772957e-01,1.2615416535e-01,1.0916709471e+00,-2.0714505690e-01,5.0017882670e-02,3.9406347629e-02,-1.9354326035e-02,1.9875609449e-02,9.9952625601e-01,-7.3076967978e-03,4.0668548964e-03,-2.9619618590e-02,1.3037208446e+00,-2.5963691095e-01,6.9562461181e-02,2.6879776924e-02,-1.5720031904e-02,2.4157785084e-02,9.9795108800e-01,-2.1026650271e-02,-4.3495300814e-02,-4.1948358132e-02,1.0000000000e+00,1.0000420110e-04,1.0000516470e-04,1.0000428286e-04,6.0865859118e-09,6.0906589119e-09,6.0792705375e-09,8.6527610680e-09,4.7918314010e-09,1.1142020302e-08
4.5800000000e+00,-2.3534879465e+00,1.0183682214e-01,1.1473273904e+01,-9.1438174669e-02,3.7186271630e-01,5.5840896179e-02,1.0918776043e+00,-2.0720168192e-01,5.0126839800e-02,4.1560299672e-02,-1.1235845663e-02,2.2300863072e-02,9.9952447737e-01,-7.5072426273e-03,5.0023025337e-03,-2.9486224255e-02,1.3039327476e+00,-2.5969141753e-01,6.9616327543e-02,2.9347212309e-02,-1.1388700122e-02,2.5773155060e-02,9.9800306369e-01,-2.1272459547e-02,-4.2298894213e-02,-4.1811133400e-02,1.0000000000e+00,1.0000420132e-04,1.0000516459e-04,1.0000428301e-04,6.0856735806e-09,6.0888435917e-09,6.0794325806e-09,8.6487697830e-09,4.8018649841e-09,1.1161563842e-08
4.5850000000e+00,1.7097896834e+00,-2.1358287549e+00,1.8288613041e+01,-9.1945998245e-02,3.7600600730e-01,2.0688698745e-02,1.0920703392e+00,-2.0721423308e-01,5.0248798225e-02,3.8852555709e-02,-2.3858357788e-03,2.4928318430e-02,9.9951925265e-01,-7.7076637053e-03,5.9503911665e-03,-2.9435494594e-02,1.3041387686e+00,-2.5958636228e-01,6.9664476073e-02,3.5144658771e-02,-8.6779313351e-03,4.2175087780e-02,9.9804402955e-01,-2.1780944528e-02,-4.1263373604e-02,-4.1605763260e-02,1.0000000000e+00,1.0000420133e-04,1.0000516266e-04,1.0000428305e-04,6.0916062736e-09,6.0996473670e-09,6.0791077338e-09,8.6206999063e-09,4.8050531754e-09,1.1168826979e-08
4.5900000000e+00,3.7109022545e-01,-1.3292744279e+00,1.6529879913e+01,-9.9085976330e-02,5.9224665498e-01,9.4612267893e-02,1.0923764664e+00,-2.0726973744e-01,5.0532858589e-02,6.1597890353e-02,-1.1348820333e-02,5.7548004242e-02,9.9951443118e-01,-7.9069938814e-03,7.4408015647e-03,-2.9206434080e-02,1.3044108571e+00,-2.5956341396e-01,6.9767651434e-02,4.9157200101e-02,-1.1428770676e-02,6.4722076751e-02,9.9812647771e-01,-2.2054574528e-02,-3.9390979173e-02,-4.1297469534e-02,1.0000000000e+00,1.0000420140e-04,1.0000516098e-04,1.0000428311e-04,6.0923281588e-09,6.1008681882e-09,6.0791013396e-09,8.5873083861e-09,4.8069543665e-09,1.1178466709e-08
4.5950000000e+00,-5.8211696104e-02,-9.4875737493e-01,1.4717714526e+01,-1.0318275360e-01,7.9907025560e-01,1.4582175921e-01,1.0927469229e+00,-2.0734585704e-01,5.0958331582e-02,7.4509497797e-02,-1.5709769885e-02,8.6033682506e-02,9.9950610031e-01,-8.1013251975e-03,9.4515650494e-03,-2.8854668574e-02,1.3047441719e+00,-2.5958818292e-01,7.0012052405e-02,6.2118900987e-02,-1.4509576889e-02,8.7250879735e-02,9.9822863835e-01,-2.2262212768e-02,-3.7013234893e-02,-4.0914543936e-02,1.0000000000e+00,1.0000420151e-04,1.0000515971e-04,1.0000428319e-04,6.0907520823e-09,6.0981256493e-09,6.0790920742e-09,8.5604643507e-09,4.8107457433e-09,1.1190383366e-08
4.6000000000e+00,2.3072790051e-01,-6.5138226148e-01,1.3562338234e+01,-1.1032718122e-01,9.8781330437e-01,2.0713104485e-01,1.0931582560e+00,-2.0742462149e-01,5.1504787346e-02,8.2688037287e-02,-1.6422375006e-02,1.1039530181e-01,9.9949234784e-01,-8.3004900214e-03,1.1930503224e-02,-2.8351570771e-02,1.3051217383e+00,-2.5963530062e-01,7.0403907463e-02,7.3074594911e-02,-1.5716767887e-02,1.0866645481e-01,9.9834271325e-01,-2.2478920999e-02,-3.4256005297e-02,-4.0411026992e-02,1.0000000000e+00,1.0000420164e-04,1.0000515860e-04,1.0000428329e-04,6.0891230612e-09,6.0957077486e-09,6.0790508501e-09,8.5399795154e-09,4.8166287938e-09,1.1202489840e-08
4.6050000000e+00,2.7853883587e+00,-2.1221022479e+00,1.6676870366e+01,-1.3178643851e-01,1.1695671389e+00,2.4189219128e-01,1.0936004119e+00,-2.0750535693e-01,5.2161532667e-02,8.8828727192e-02,-1.6909460030e-02,1.3256517946e-01,9.9946749944e-01,-8.5371691049e-03,1.4867676315e-02,-2.7763042198e-02,1.3055298389e+00,-2.5962491686e-01,7.0913310737e-02,8.5575589807e-02,-1.9442817506e-02,1.3710641882e-01,9.9846012749e-01,-2.2862244583e-02,-3.1198876941e-02,-3.9765835284e-02,1.0000000000e+00,1.0000420163e-04,1.0000515622e-04,1.0000428333e-04,6.0919339435e-09,6.1020109460e-09,6.0790941569e-09,8.5067226341e-09,4.8192342300e-09,1.1203030202e-08
4.6100000000e+00,1.9150619501e+00,-1.2197023964e+00,1.4927273410e+01,-1.0191834844e-01,1.4823421615e+00,2.8739782597e-01,1.0941607996e+00,-2.0764020739e-01,5.2980390168e-02,1.1248277049e-01,-2.7878403958e-02,1.6525767801e-01,9.9942305046e-01,-8.6724492101e-03,1.8586238704e-02,-2.7072247284e-02,1.3060129554e+00,-2.5972797327e-01,7.1547152154e-02,1.0372998084e-01,-2.5841479956e-02,1.6450685786e-01,9.9860031451e-01,-2.2945849673e-02,-2.7213173366e-02,-3.9119599190e-02,1.0000000000e+00,1.0000420167e-04,1.0000515416e-04,1.0000428341e-04,6.0910619447e-09,6.1009331221e-09,6.0790736712e-09,8.4748513882e-09,4.8226110955e-09,1.1205727907e-08
4.6150000000e+00,2.1542981054e+00,-2.9157442144e+00,1.2871393876e+01,-8.8820878306e-02,1.7783183554e+00,3.2532017378e-01,1.0948039207e+00,-2.0780759473e-01,5.3935178209e-02,1.2900996624e-01,-3.4452701008e-02,1.9265074180e-01,9.9935048099e-01,-8.7494226028e-03,2.3044322969e-02,-2.6287314822e-02,1.3066061038e+00,-2.5975016440e-01,7.2364393729e-02,1.2154294313e-01,-3.5868364349e-02,1.8804075643e-01,9.9874509900e-01,-2.3176781092e-02,-2.2544688542e-02,-3.8246582314e-02,1.0000000000e+00,1.0000420169e-04,1.0000515229e-04,1.0000428351e-04,6.0895929177e-09,6.0976448208e-09,6.0793093927e-09,8.4502504176e-09,4.8283752087e-09,1.1207489335e-08
4.6200000000e+00,2.0149169846e+00,-9.4355388689e-01,1.1584778132e+01,1.7005733251e-02,2.0620011010e+00,3.6118270727e-01,1.0955191874e+00,-2.0803703475e-01,5.4993313844e-02,1.4337739717e-01,-4.6872332926e-02,2.1344250140e-01,9.9924234545e-01,-8.5435257939e-03,2.8201010598e-02,-2.5425306679e-02,1.3072392961e+00,-2.5997352484e-01,7.3304913231e-02,1.3763430130e-01,-4.3615292418e-02,2.0718017221e-01,9.9888616319e-01,-2.2865295705e-02,-1.7254904302e-02,-3.7495060003e-02,1.0000000000e+00,1.0000420180e-04,1.0000515081e-04,1.0000428365e-04,6.0872789275e-09,6.0945811319e-09,6.0791549411e-09,8.4338587650e-09,4.8364996636e-09,1.1212070508e-08
4.6250000000e+00,4.4490795325e+00,-5.3074621303e+00,1.2029463628e+01,4.1439296248e-02,2.3129321051e+00,3.9797088909e-01,1.0962953857e+00,-2.0829033164e-01,5.6130684987e-02,1.5547408541e-01,-5.1646390163e-02,2.2934068402e-01,9.9908846010e-01,-8.2581523168e-03,3.3983404340e-02,-2.4478154383e-02,1.3079766793e+00,-2.5998629294e-01,7.4386569651e-02,1.5561850559e-01,-5.8367412798e-02,2.2574950271e-01,9.9900975711e-01,-2.2922682507e-02,-1.1466170481e-02,-3.6367330954e-02,1.0000000000e+00,1.0000420172e-04,1.0000514824e-04,1.0000428374e-04,6.0889983430e-09,6.0966341893e-09,6.0802795096e-09,8.4126649972e-09,4.8441611242e-09,1.1202700034e-08
4.6300000000e+00,2.5266184943e+01,2.0476100966e+00,-7.1859663944e+01,3.4973856421e-01,2.6971175273e+00,3.6785470162e-01,1.0972216496e+00,-2.0864250707e-01,5.7341642372e-02,1.8531750624e-01,-7.1430076052e-02,2.4435807280e-01,9.9886583974e-01,-7.1768351485e-03,4.0704735157e-02,-2.3635815324e-02,1.3087547718e+00,-2.6027813001e-01,7.5515317165e-02,2.8996369529e-01,-7.4035834122e-02,-1.7948229546e-01,9.9911704287e-01,-2.1813998357e-02,-4.7405536509e-03,-3.5592292453e-02,0.0000000000e+00,1.0000420223e-04,1.0000514950e-04,1.0000428416e-04,1.5980784467e-08,1.6161123635e-08,1.5603289031e-08,8.4313227972e-09,4.8628189242e-09,1.1221357834e-08
4.6350000000e+00,-1.4179789433e+01,1.4755991726e+00,3.7808629165e+01,1.4666979047e-01,7.1097115917e+00,3.7878960372e-01,1.0984065574e+00,-2.0899181996e-01,5.7436177891e-02,2.3253612385e-01,-7.0677489833e-02,2.1515238185e-02,9.9800972711e-01,-6.3272415381e-03,5.8445277035e-02,-2.2818856429e-02,1.3102340748e+00,-2.6073139297e-01,7.4940335875e-02,2.2848451144e-01,-6.5733838229e-02,3.6985106192e-03,9.9908313860e-01,-2.0971602187e-02,1.2602026504e-02,-3.5132079391e-02,1.0000000000e+00,1.0000420243e-04,1.0000514857e-04,1.0000428490e-04,7.1435061620e-09,7.1462269667e-09,7.1389990699e-09,8.4374898890e-09,4.8678738124e-09,1.1234469032e-08
4.6400000000e+00,-1.1801002540e+01,1.0097447298e+00,3.1691082869e+01,1.2975563060e-01,5.9406778065e+00,3.8160559695e-01,1.0994446011e+00,-2.0929819276e-01,5.7951749052e-02,2.0486451184e-01,-6.2162410926e-02,1.0590030463e-01,9.9705564691e-01,-5.5907561211e-03,7.3255569295e-02,-2.1963651468e-02,1.3114566563e+00,-2.6113994051e-01,7.4864436527e-02,1.9335567226e-01,-5.7608752895e-02,1.0899576966e-01,9.9881861906e-01,-1.9948539482e-02,2.7753818426e-02,-3.4541967974e-02,1.0000000000e+00,1.0000420263e-04,1.0000514770e-04,1.0000428528e-04,6.2455147329e-09,6.2497059874e-09,6.2361199233e-09,8.4237027079e-09,4.8723382567e-09,1.1254846452e-08
4.6450000000e+00,-7.8559676868e+00,-3.6778597334e-01,3.0153235462e+01,1.0904282043e-01,5.0156760824e+00,3.8501143383e-01,1.1003662229e+00,-2.0957766314e-01,5.8811404614e-02,1.8272441765e-01,-5.6762356119e-02,1.7479106453e-01,9.9608085539e-01,-4.9561651471e-03,8.5753867749e-02,-2.1086491536e-02,1.3124718352e+00,-2.6145646410e-01,7.5276074943e-02,1.7494255809e-01,-5.4516419313e-02,1.8951807658e-01,9.9842267231e-01,-1.9141205349e-02,4.0499505382e-02,-3.3846295882e-02,1.0000000000e+00,1.0000420268e-04,1.0000514557e-04,1.0000428519e-04,6.1314935159e-09,6.1442726257e-09,6.1043203548e-09,8.3558237283e-09,4.8533715637e-09,1.1268736032e-08
4.6500000000e+00,-6.9049344835e+00,2.8974743403e-01,2.4874696814e+01,1.7241238133e-01,4.4029260844e+00,3.4566843044e-01,1.1012968782e+00,-2.0985553140e-01,5.9990047892e-02,1.8524665167e-01,-5.6584543956e-02,2.3899223279e-01,9.9509656256e-01,-4.2054155084e-03,9.6708989954e-02,-2.0310512857e-02,1.3134235882e+00,-2.6179330854e-01,7.6046974292e-02,1.7188651802e-01,-5.2575464039e-02,2.4999464488e-01,9.9792802218e-01,-1.8114761117e-02,5.2022104351e-02,-3.3244828602e-02,1.0000000000e+00,1.0000420275e-04,1.0000514362e-04,1.0000428503e-04,6.1129157949e-09,6.1267482254e-09,6.0839976208e-09,8.2798767217e-09,4.8327804470e-09,1.1284067981e-08
4.6550000000e+00,-5.3401100786e+00,6.3680357057e-01,2.0345191571e+01,2.1165626456e-01,3.9539037030e+00,3.1200144944e-01,1.1022212967e+00,-2.1012328936e-01,6.1420315598e-02,1.8447761736e-01,-5.4556917370e-02,2.8956115451e-01,9.9410976038e-01,-3.3878704341e-03,1.0653343074e-01,-1.9619754911e-02,1.3143374777e+00,-2.6213330615e-01,7.7169062049e-02,1.7348348324e-01,-5.0545694718e-02,2.9549594783e-01,9.9737530015e-01,-1.7014530996e-02,6.2304682465e-02,-3.2728319954e-02,1.0000000000e+00,1.0000420285e-04,1.0000514201e-04,1.0000428492e-04,6.1039970677e-09,6.1157476258e-09,6.0804338244e-09,8.2206275763e-09,4.8202483888e-09,1.1298158810e-08
4.6600000000e+00,-3.6818099730e+00,7.8245316584e-01,1.6498826138e+01,2.3339840991e-01,3.6317269985e+00,2.8648498448e-01,1.1031430303e+00,-2.1037808397e-01,6.3037634191e-02,1.8424063499e-01,-5.1862234915e-02,3.2705670189e-01,9.9311737528e-01,-2.5404094959e-03,1.1554485557e-01,-1.8995040930e-02,1.3152327632e+00,-2.6246175167e-01,7.8578506934e-02,1.7705970428e-01,-4.8384833083e-02,3.2836167681e-01,9.9678434648e-01,-1.5910230327e-02,7.1600366819e-02,-3.2267919865e-02,1.0000000000e+00,1.0000420298e-04,1.0000514070e-04,1.0000428491e-04,6.0966742497e-09,6.1059440868e-09,6.0795332357e-09,8.1814163596e-09,4.8168168244e-09,1.1310533027e-08
4.6650000000e+00,-5.7175200687e-01,-2.6620409449e-02,1.8861108847e+01,2.4392887875e-01,3.4073330330e+00,2.6643135901e-01,1.1040726227e+00,-2.1061990920e-01,6.4783553304e-02,1.8597349871e-01,-4.9120141622e-02,3.5273187223e-01,9.9211105997e-01,-1.6871002146e-03,1.2398999609e-01,-1.8419534678e-02,1.3161064114e+00,-2.6273556979e-01,8.0180482886e-02,1.8668127519e-01,-4.7814643253e-02,3.6068429884e-01,9.9617091388e-01,-1.4915513256e-02,8.0056490097e-02,-3.1811887517e-02,1.0000000000e+00,1.0000420297e-04,1.0000513805e-04,1.0000428487e-04,6.0963865211e-09,6.1094826992e-09,6.0790976814e-09,8.1363623364e-09,4.8137266912e-09,1.1308560258e-08
4.6700000000e+00,-1.1786037531e+00,7.9008734888e-01,1.5303672849e+01,3.7441007989e-01,3.4010278799e+00,1.8042126176e-01,1.1051572608e+00,-2.1085406183e-01,6.6666769091e-02,2.1706101094e-01,-4.7525289322e-02,3.8075700359e-01,9.9103068853e-01,-5.4080035260e-04,1.3240250370e-01,-1.8095826564e-02,1.3170856361e+00,-2.6302098296e-01,8.1905496530e-02,2.0781324969e-01,-4.5213651855e-02,3.8357022861e-01,9.9545511091e-01,-1.3583128282e-02,8.8797885235e-02,-3.1615761218e-02,1.0000000000e+00,1.0000420303e-04,1.0000513604e-04,1.0000428492e-04,6.0925833090e-09,6.1038282864e-09,6.0791682606e-09,8.1006729083e-09,4.8153495147e-09,1.1311078179e-08
4.6750000000e+00,-9.2238642541e-01,9.8874287836e-01,1.2241893285e+01,4.3634880672e-01,3.4352585893e+00,1.1852054512e-01,1.1063431393e+00,-2.1106998805e-01,6.8644802398e-02,2.3731777974e-01,-4.3722762800e-02,4.0007002206e-01,9.8986261745e-01,7.4118398365e-04,1.4088806473e-01,-1.7944426593e-02,1.3181658173e+00,-2.6329456058e-01,8.3781606581e-02,2.2837482376e-01,-4.1749561622e-02,3.9823463953e-01,9.9465591409e-01,-1.2110700449e-02,9.7544055849e-02,-3.1592731337e-02,1.0000000000e+00,1.0000420314e-04,1.0000513467e-04,1.0000428503e-04,6.0885108082e-09,6.0968919022e-09,6.0792184504e-09,8.0802210058e-09,4.8220912984e-09,1.1317100335e-08
4.6800000000e+00,-3.6882473554e-01,9.0113570381e-01,9.7601535750e+00,4.5903237810e-01,3.4878161707e+00,7.7758939467e-02,1.1076025755e+00,-2.1126764786e-01,7.0674968299e-02,2.5199308652e-01,-3.9866497258e-02,4.1062742515e-01,9.8859892593e-01,2.0631602207e-03,1.4949097122e-01,-1.7898506893e-02,1.3193322478e+00,-2.6354349634e-01,8.5771639062e-02,2.4586764446e-01,-3.8457796546e-02,4.0538654894e-01,9.9377386367e-01,-1.0600063967e-02,1.0629406838e-01,-3.1665715849e-02,1.0000000000e+00,1.0000420329e-04,1.0000513376e-04,1.0000428518e-04,6.0852845688e-09,6.0913866831e-09,6.0792368571e-09,8.0724134608e-09,4.8328051296e-09,1.1325359832e-08
4.6850000000e+00,-9.5888168359e+00,2.2480067304e+00,2.1532118457e+01,4.5636348235e-01,3.5455378935e+00,5.5971652313e-02,1.1089204434e+00,-2.1145162743e-01,7.2718169369e-02,2.6360882945e-01,-3.6931207135e-02,4.1318648549e-01,9.8723555166e-01,3.3735133897e-03,1.5822121802e-01,-1.7906175087e-02,1.3206392380e+00,-2.6382242292e-01,8.7586010867e-02,2.4758652075e-01,-3.1316689983e-02,4.3599124632e-01,9.9275305452e-01,-9.0313814230e-03,1.1552569504e-01,-3.1837409943e-02,1.0000000000e+00,1.0000420341e-04,1.0000513251e-04,1.0000428526e-04,6.0957820064e-09,6.1040832777e-09,6.0796563169e-09,8.0354456083e-09,4.8309855526e-09,1.1339960357e-08
4.6900000000e+00,-2.4966066490e+00,2.1829507885e+00,1.6124620712e+01,4.6228625990e-01,3.5252090172e+00,6.5696587393e-03,1.1102515681e+00,-2.1158483040e-01,7.4973114833e-02,2.6651432196e-01,-2.6875298288e-02,4.5647742888e-01,9.8579899603e-01,4.6770307124e-03,1.6689364797e-01,-1.8027065366e-02,1.3218871282e+00,-2.6405564146e-01,8.9705620544e-02,2.6188666145e-01,-2.3707941500e-02,4.6098956392e-01,9.9168704874e-01,-7.4541077861e-03,1.2437809809e-01,-3.2114208048e-02,1.0000000000e+00,1.0000420350e-04,1.0000513068e-04,1.0000428528e-04,6.0934777299e-09,6.1031149760e-09,6.0795018082e-09,8.0023377096e-09,4.8322192960e-09,1.1345061882e-08
4.6950000000e+00,2.2357050748e+00,2.0820886441e+00,1.2597278345e+01,4.6182598336e-01,3.4357657465e+00,-1.7477342884e-02,1.1116842840e+00,-2.1167398959e-01,7.7323949074e-02,2.8691135879e-01,-1.8039081447e-02,4.7602319257e-01,9.8432129861e-01,5.9615270228e-03,1.7533999446e-01,-1.8218881222e-02,1.3231765420e+00,-2.6423326359e-01,9.2022415158e-02,2.8769133288e-01,-1.6319314468e-02,4.7365646059e-01,9.9059296344e-01,-5.9211942406e-03,1.3281233827e-01,-3.2425345651e-02,1.0000000000e+00,1.0000420354e-04,1.0000512834e-04,1.0000428534e-04,6.0884458321e-09,6.0998736663e-09,6.0800328627e-09,7.9797509582e-09,4.8386747825e-09,1.1338229552e-08
4.7000000000e+00,5.3335448660e+00,1.7760767890e+00,1.0323019435e+01,4.5725156795e-01,3.2893121331e+00,-3.1411436584e-02,1.1132770494e+00,-2.1172611896e-01,7.9689643182e-02,3.1888018120e-01,-1.0551425200e-02,4.7894017407e-01,9.8283747062e-01,7.2213458736e-03,1.8340706264e-01,-1.8444724976e-02,1.3245855921e+00,-2.6434689504e-01,9.4433177195e-02,3.2225936381e-01,-9.9691776732e-03,4.7434643400e-01,9.8948823531e-01,-4.4640017434e-03,1.4078975409e-01,-3.2731483687e-02,1.0000000000e+00,1.0000420353e-04,1.0000512563e-04,1.0000428545e-04,6.0846021989e-09,6.0983188398e-09,6.0812781070e-09,7.9664918728e-09,4.8478979053e-09,1.1320540317e-08
4.7050000000e+00,-1.1736589911e+01,1.0461903649e+00,3.4809982469e+01,4.5110690135e-01,3.0913547694e+00,-3.5254418740e-02,1.1150672078e+00,-2.1174788288e-01,8.2012642099e-02,3.5824286264e-01,-4.3904611691e-03,4.7007983545e-01,9.8138091445e-01,8.4536327974e-03,1.9097451059e-01,-1.8675468999e-02,1.3261968889e+00,-2.6439674092e-01,9.6804909364e-02,3.1490539204e-01,-9.4125129963e-04,6.0867810990e-01,9.8837213519e-01,-3.1074140200e-03,1.4839522312e-01,-3.3010969594e-02,0.0000000000e+00,1.0000420389e-04,1.0000512703e-04,1.0000428586e-04,1.5729334647e-08,1.5904560209e-08,1.5506384290e-08,7.9851496728e-09,4.8665557053e-09,1.1339198117e-08
4.7100000000e+00,-2.5905653170e+00,3.9411872117e-01,2.1356866573e+01,3.3177543711e-01,1.9515424353e+00,4.6065421650e-03,1.1169413662e+00,-2.1176926530e-01,8.4700088210e-02,3.7570398650e-01,-4.6686326004e-03,5.4330616962e-01,9.8043058530e-01,9.3625518506e-03,1.9574363881e-01,-1.8778655296e-02,1.3277714159e+00,-2.6440144718e-01,9.9848299914e-02,3.3402400025e-01,1.4919091363e-03,6.6547286061e-01,9.8763899352e-01,-2.1248212433e-03,1.5318816697e-01,-3.3137427742e-02,0.0000000000e+00,1.0000420502e-04,1.0000513163e-04,1.0000428677e-04,2.5428265726e-08,2.5858160711e-08,2.4936225121e-08,8.0038074728e-09,4.8852135053e-09,1.1357855917e-08
4.7150000000e+00,2.9629655965e+00,-1.0512262315e-03,1.3571895470e+01,2.7035310162e-01,1.3167679821e+00,3.0172555225e-02,1.1189587024e+00,-2.1179998147e-01,8.7529936583e-02,4.0444857636e-01,-6.6772837339e-03,5.7176498614e-01,9.7977490995e-01,1.0103731189e-02,1.9896067401e-01,-1.8806664923e-02,1.3294415359e+00,-2.6439398763e-01,1.0317566422e-01,3.6865374594e-01,1.0317521800e-04,6.7661621534e-01,9.8713306723e-01,-1.3366416045e-03,1.5641628721e-01,-3.3173273462e-02,0.0000000000e+00,1.0000420735e-04,1.0000513943e-04,1.0000428875e-04,3.5058073083e-08,3.5788861826e-08,3.4377651507e-08,8.0224652728e-09,4.9038713053e-09,1.1376513717e-08
4.7200000000e+00,6.1884066639e+00,-2.9487701673e-01,8.9969580211e+00,2.3731466175e-01,9.4581441365e-01,4.7351735873e-02,1.1211542109e+00,-2.1184646865e-01,9.0367315598e-02,4.3994519538e-01,-9.8463620388e-03,5.7298204584e-01,9.7929762084e-01,1.0753696219e-02,2.0126494745e-01,-1.8786930811e-02,1.3312848046e+00,-2.6439347176e-01,1.0655874529e-01,4.1181329820e-01,-3.7555084470e-03,6.6081645123e-01,9.8676499549e-01,-6.5402956890e-04,1.5873040770e-01,-3.3152278748e-02,0.0000000000e+00,1.0000421130e-04,1.0000515064e-04,1.0000429238e-04,4.4612736529e-08,4.5682641708e-08,4.3838762498e-08,8.0411230728e-09,4.9225291053e-09,1.1395171517e-08
4.7250000000e+00,5.5535250154e-01,-2.8793341290e+00,2.1271071192e+01,2.1691083841e-01,7.0322059229e-01,6.0165250723e-02,1.1235472855e+00,-2.1191330761e-01,9.3129503907e-02,4.7921240927e-01,-1.3865544928e-02,5.5750444203e-01,9.7893876969e-01,1.1349311017e-02,2.0297574458e-01,-1.8733004097e-02,1.3333438711e+00,-2.6441224930e-01,1.0986282755e-01,4.4682649994e-01,-1.9284836945e-02,7.1206277188e-01,9.8648959946e-01,-3.6770199264e-05,1.6044704061e-01,-3.3091025574e-02,0.0000000000e+00,1.0000421735e-04,1.0000516556e-04,1.0000429815e-04,5.4503791608e-08,5.6202160339e-08,5.3303501540e-08,8.0597808728e-09,4.9411869053e-09,1.1413829317e-08
4.7300000000e+00,5.0928250686e+00,-2.9802797358e+00,1.1686676340e+01,1.3196840716e-01,-2.8999051089e-01,1.1774839681e-01,1.1261256941e+00,-2.1206607897e-01,9.5980233187e-02,5.1612880427e-01,-3.1318629943e-02,5.7493204938e-01,9.7908717021e-01,1.1721392061e-02,2.0225714891e-01,-1.8519390083e-02,1.3355780036e+00,-2.6450867349e-01,1.1342314141e-01,4.8844882994e-01,-3.6432649130e-02,7.1053610975e-01,9.8661531723e-01,3.1193417086e-04,1.5972089469e-01,-3.2853527943e-02,0.0000000000e+00,1.0000422619e-04,1.0000518558e-04,1.0000430653e-04,6.4201172422e-08,6.6451052620e-08,6.2794599257e-08,8.0784386728e-09,4.9598447053e-09,1.1432487117e-08
4.7350000000e+00,7.3481034243e+00,-2.9749741339e+00,6.3402133147e+00,7.7951146118e-02,-8.2289786845e-01,1.5378618183e-01,1.1288932530e+00,-2.1230237800e-01,9.8777257533e-02,5.5365572055e-01,-4.8095957024e-02,5.6380656499e-01,9.7950561537e-01,1.1951624632e-02,2.0023568314e-01,-1.8209319595e-02,1.3380202477e+00,-2.6469083673e-01,1.1697582196e-01,5.3226014720e-01,-5.4005753099e-02,6.8013656535e-01,9.8695429274e-01,4.9802225275e-04,1.5768431191e-01,-3.2505903910e-02,0.0000000000e+00,1.0000423825e-04,1.0000521056e-04,1.0000431804e-04,7.3760872710e-08,7.6499913358e-08,7.2310678971e-08,8.0970964728e-09,4.9785025053e-09,1.1451144917e-08
4.7400000000e+00,8.3270727890e+00,-2.9415554479e+00,3.3878687684e+00,3.6582241797e-02,-1.1062894437e+00,1.7249870267e-01,1.1318471904e+00,-2.1261926912e-01,1.0144178798e-01,5.9062465009e-01,-6.4174051004e-02,5.3687532990e-01,9.8006285180e-01,1.2082567707e-02,1.9751590682e-01,-1.7840533124e-02,1.3406815485e+00,-2.6496086550e-01,1.2037650478e-01,5.7606293458e-01,-7.1537683823e-02,6.3435930650e-01,9.8740050528e-01,5.6638121391e-04,1.5495086667e-01,-3.2095954633e-02,0.0000000000e+00,1.0000425394e-04,1.0000524061e-04,1.0000433316e-04,8.3241423318e-08,8.6430238665e-08,8.1848776524e-08,8.1157542728e-09,4.9971603053e-09,1.1469802717e-08
4.7450000000e+00,1.4839031573e+01,-6.0139927761e+00,3.4637554897e+00,7.2025834890e-03,-1.2613508530e+00,1.8292559670e-01,1.1349809278e+00,-2.1301374223e-01,1.0393199875e-01,6.2631903788e-01,-7.9591374748e-02,5.0158335681e-01,9.8068845500e-01,1.2136609854e-02,1.9441929929e-01,-1.7435394704e-02,1.3435618631e+00,-2.6531855392e-01,1.2354830132e-01,6.4993007091e-01,-1.0642700689e-01,5.7935569103e-01,9.8789877802e-01,5.5380849630e-04,1.5183560219e-01,-3.1648816514e-02,0.0000000000e+00,1.0000427371e-04,1.0000527599e-04,1.0000435238e-04,9.2725759515e-08,9.6671773486e-08,9.1520030970e-08,8.1344120728e-09,5.0158181053e-09,1.1488460517e-08
4.7500000000e+00,1.3197312029e+01,-5.3964637135e+00,-5.6757604114e-02,-1.0192679695e-02,-2.0818071925e+00,2.2517585383e-01,1.1383924979e+00,-2.1355411184e-01,1.0615612125e-01,6.8139378597e-01,-1.0867348056e-01,4.4768777661e-01,9.8169678395e-01,1.2133342936e-02,1.8930764142e-01,-1.6935857303e-02,1.3468115135e+00,-2.6585068895e-01,1.2644507977e-01,7.1096501335e-01,-1.3746736882e-01,5.1046674187e-01,9.8869329950e-01,4.4938548903e-04,1.4669250293e-01,-3.1091271299e-02,0.0000000000e+00,1.0000429816e-04,1.0000531788e-04,1.0000437634e-04,1.0214303389e-07,1.0667359175e-07,1.0120267566e-07,8.1530698728e-09,5.0344759053e-09,1.1507118317e-08
4.7550000000e+00,1.1222652757e+01,-4.9645581592e+00,-1.3919541476e+00,-4.3537589624e-02,-2.5366447215e+00,2.5225425686e-01,1.1420302906e+00,-2.1422726656e-01,1.0809678390e-01,7.2632328948e-01,-1.3511292611e-01,3.9056228929e-01,9.8288893817e-01,1.2039069428e-02,1.8307473990e-01,-1.6371794361e-02,1.3503663386e+00,-2.6653802579e-01,1.2899741348e-01,7.6100684814e-01,-1.6561490449e-01,4.3868265446e-01,9.8962313310e-01,2.3710523794e-04,1.4042275724e-01,-3.0454022061e-02,0.0000000000e+00,1.0000432769e-04,1.0000536622e-04,1.0000440548e-04,1.1155550336e-07,1.1654382274e-07,1.1087970884e-07,8.1717276728e-09,5.0531337053e-09,1.1525776117e-08
4.7600000000e+00,9.2937910022e+00,-4.5915680509e+00,-1.5823286944e+00,-8.3969769852e-02,-2.7734049000e+00,2.6258218520e-01,1.1458524255e+00,-2.1502243722e-01,1.0976149767e-01,7.6303727696e-01,-1.5939937714e-01,3.3509249262e-01,9.8414810615e-01,1.1842512949e-02,1.7624915674e-01,-1.5763717635e-02,1.3541713728e+00,-2.6736610032e-01,1.3119082675e-01,8.0197289302e-01,-1.9125664644e-01,3.6930276148e-01,9.9059276714e-01,-8.9615989705e-05,1.3356407734e-01,-2.9775810589e-02,0.0000000000e+00,1.0000436274e-04,1.0000542115e-04,1.0000444022e-04,1.2098956335e-07,1.2634663132e-07,1.2054234433e-07,8.1903854728e-09,5.0717915053e-09,1.1544433917e-08
4.7650000000e+00,2.9334482616e+01,-6.7949263267e+00,-1.6777514109e+01,-1.2439249524e-01,-2.8827664695e+00,2.7108401020e-01,1.1498245179e+00,-2.1593040720e-01,1.1116955039e-01,7.9299034637e-01,-1.8185208027e-01,2.8358160874e-01,9.8540685383e-01,1.1542872253e-02,1.6914884181e-01,-1.5124940851e-02,1.3581812373e+00,-2.6832238355e-01,1.3303734056e-01,9.1895036874e-01,-2.3317461246e-01,2.0082348892e-01,9.9154949436e-01,-5.2173967851e-04,1.2643083539e-01,-2.9061518858e-02,0.0000000000e+00,1.0000440377e-04,1.0000548297e-04,1.0000448101e-04,1.3006747528e-07,1.3628570284e-07,1.3069051112e-07,8.2090432728e-09,5.0904493053e-09,1.1563091717e-08
4.7700000000e+00,2.0987942378e+01,-6.0327141902e+00,-1.2290835941e+01,-9.4814287866e-02,-3.6227914987e+00,2.8124374552e-01,1.1541915717e+00,-2.1699727958e-01,1.1192976080e-01,8.7195349402e-01,-2.1331142765e-01,1.5385697389e-01,9.8691142587e-01,1.1285785897e-02,1.6021252511e-01,-1.4505699858e-02,1.3627759891e+00,-2.6948825661e-01,1.3404145801e-01,1.0032135931e+00,-2.6896091807e-01,6.6229057793e-02,9.9267392896e-01,-9.3106000465e-04,1.1745255139e-01,-2.8328467254e-02,0.0000000000e+00,1.0000445107e-04,1.0000555254e-04,1.0000452876e-04,1.3938338456e-07,1.4628041171e-07,1.4075013674e-07,8.2277010728e-09,5.1091071053e-09,1.1581749517e-08
4.7750000000e+00,1.4413969058e+01,-5.4058980426e+00,-8.2349351933e+00,-1.1373318949e-01,-4.0715700700e+00,2.8057415635e-01,1.1588432337e+00,-2.1820712731e-01,1.1218156807e-01,9.2909121298e-01,-2.4178708714e-01,5.2447354365e-02,9.8850456599e-01,1.0967652087e-02,1.5015200254e-01,-1.3885595488e-02,1.3677920571e+00,-2.7083306120e-01,1.3437260330e-01,1.0620616124e+00,-2.9981819724e-01,-3.9431443285e-02,9.9383734484e-01,-1.4192209296e-03,1.0735096259e-01,-2.7587834976e-02,0.0000000000e+00,1.0000450515e-04,1.0000563007e-04,1.0000458382e-04,1.4883709408e-07,1.5623207413e-07,1.5069011484e-07,8.2463588728e-09,5.1277649053e-09,1.1600407317e-08
4.7800000000e+00,9.2515250862e+00,-4.8667599382e+00,-4.5622050502e+00,-1.5157847439e-01,-4.3200856588e+00,2.8218503876e-01,1.1636934358e+00,-2.1954636826e-01,1.1204183447e-01,9.6910703835e-01,-2.6764021405e-01,-2.5473204741e-02,9.9008215247e-01,1.0545160178e-02,1.3946500576e-01,-1.3253042184e-02,1.3731023651e+00,-2.7233215219e-01,1.3417544608e-01,1.1009865385e+00,-3.2659475561e-01,-1.2042061417e-01,9.9495737859e-01,-2.0179593055e-03,9.6622676228e-02,-2.6829108757e-02,0.0000000000e+00,1.0000456654e-04,1.0000571586e-04,1.0000464656e-04,1.5836944661e-07,1.6610336613e-07,1.6050650196e-07,8.2650166728e-09,5.1464227053e-09,1.1619065117e-08
4.7850000000e+00,4.0602655841e+01,-4.9485512939e+00,-3.8426561594e+01,-1.9661397143e-01,-4.4233281518e+00,2.8736465308e-01,1.1686741188e+00,-2.2100282571e-01,1.1160655868e-01,9.9551283462e-01,-2.9109813992e-01,-8.4220509780e-02,9.9157838810e-01,1.0004782299e-02,1.2850462656e-01,-1.2600219659e-02,1.3786072978e+00,-2.7396512597e-01,1.3357334301e-01,1.2616432605e+00,-3.6199464821e-01,-3.9679829994e-01,9.9598291203e-01,-2.7341467974e-03,8.5629036906e-02,-2.6042876666e-02,0.0000000000e+00,1.0000463574e-04,1.0000581027e-04,1.0000471737e-04,1.6773973227e-07,1.7687866501e-07,1.7143116077e-07,8.2836744728e-09,5.1650805053e-09,1.1637722917e-08
4.7900000000e+00,2.6160312103e+01,-4.3736723563e+00,-2.2626048030e+01,-1.5338309377e-01,-4.8318548571e+00,2.2901260766e-01,1.1741791045e+00,-2.2257664053e-01,1.1019772009e-01,1.1020178458e+00,-3.1472505410e-01,-2.7697846199e-01,9.9306866299e-01,9.5397220244e-03,1.1651973339e-01,-1.2115115758e-02,1.3849155141e+00,-2.7577509921e-01,1.3158935151e-01,1.3699122689e+00,-3.9079137378e-01,-5.7939340519e-01,9.9695821478e-01,-3.3814114017e-03,7.3603502069e-02,-2.5404891741e-02,0.0000000000e+00,1.0000471266e-04,1.0000591380e-04,1.0000479747e-04,1.7744788691e-07,1.8781026973e-07,1.8204335594e-07,8.3023322728e-09,5.1837383053e-09,1.1656380717e-08
4.7950000000e+00,1.5572298224e+01,-3.8874295183e+00,-1.1124275300e+01,-1.5959445941e-01,-5.1427241379e+00,1.9506595048e-01,1.1800413900e+00,-2.2425729645e-01,1.0814438844e-01,1.1748153397e+00,-3.3642622771e-01,-4.0384434115e-01,9.9449427055e-01,9.0396226785e-03,1.0373953002e-01,-1.1727786518e-02,1.3917650755e+00,-2.7772905608e-01,1.2869238448e-01,1.4376822049e+00,-4.1435283754e-01,-6.9467062945e-01,9.9783294040e-01,-4.0696168019e-03,6.0791840452e-02,-2.4843780034e-02,0.0000000000e+00,1.0000479802e-04,1.0000602723e-04,1.0000488713e-04,1.8716489797e-07,1.9844440778e-07,1.9230363734e-07,8.3209900728e-09,5.2023961053e-09,1.1675038517e-08
4.8000000000e+00,7.7881630690e+00,-3.4022425439e+00,-2.6883787981e+00,-1.8826729036e-01,-5.3368949576e+00,1.7013581597e-01,1.1861286958e+00,-2.2603364058e-01,1.0568773163e-01,1.2206928178e+00,-3.5585496046e-01,-4.8288753782e-01,9.9579890042e-01,8.4574376589e-03,9.0461513381e-02,-1.1390183254e-02,1.3989534865e+00,-2.7980082026e-01,1.2521903133e-01,1.4738186394e+00,-4.3336100375e-01,-7.6158961633e-01,9.9856365257e-01,-4.8444934055e-03,4.7486913023e-02,-2.4334250482e-02,0.0000000000e+00,1.0000489251e-04,1.0000615118e-04,1.0000498663e-04,1.9679288869e-07,2.0865850343e-07,2.0222939275e-07,8.3396478728e-09,5.2210539053e-09,1.1693696317e-08
4.8050000000e+00,4.7644853950e+01,4.2901389630e-02,-5.3949514188e+01,-2.2329050119e-01,-5.4137517533e+00,1.6454817810e-01,1.1923348183e+00,-2.2789407697e-01,1.0300359008e-01,1.2448837486e+00,-3.7285533684e-01,-5.2731999541e-01,9.9694101887e-01,7.7782866483e-03,7.6978112275e-02,-1.1066769227e-02,1.4063225797e+00,-2.8196762528e-01,1.2141108325e-01,1.6850509480e+00,-4.4682014146e-01,-1.1016969374e+00,9.9912194780e-01,-5.7112607075e-03,3.3983603160e-02,-2.3829176064e-02,0.0000000000e+00,1.0000499673e-04,1.0000628614e-04,1.0000509628e-04,2.0730863227e-07,2.2236011534e-07,2.1434614698e-07,8.3583056728e-09,5.2397117053e-09,1.1712354117e-08
4.8100000000e+00,2.8722013749e+01,-2.0015130609e-01,-2.5851239069e+01,-2.1096389087e-01,-5.3724058261e+00,1.5810837904e-02,1.1992275162e+00,-2.2977538591e-01,9.9208738643e-02,1.3861332622e+00,-3.7855554885e-01,-7.4359540946e-01,9.9788925352e-01,7.1111897547e-03,6.3583819338e-02,-1.1116051542e-02,1.4147478344e+00,-2.8420172599e-01,1.1590259857e-01,1.8193063035e+00,-4.5597944378e-01,-1.2893962219e+00,9.9948604286e-01,-6.5563726907e-03,2.0574509011e-02,-2.3692903807e-02,0.0000000000e+00,1.0000511022e-04,1.0000643305e-04,1.0000521779e-04,2.1758591511e-07,2.3530270613e-07,2.2572526311e-07,8.3769634728e-09,5.2583695053e-09,1.1731011917e-08
4.8150000000e+00,1.5281753354e+01,-2.4129100336e-01,-6.6878647284e+00,-2.1199697254e-01,-5.4883771021e+00,-8.7669188576e-02,1.2065690790e+00,-2.3167940942e-01,9.4811861262e-02,1.4781941669e+00,-3.8440434380e-01,-8.5924960567e-01,9.9866855737e-01,6.4261179476e-03,4.9893114977e-02,-1.1423423310e-02,1.4238443660e+00,-2.8648162321e-01,1.0945561746e-01,1.8941221053e+00,-4.6122953966e-01,-1.3749561634e+00,9.9966542159e-01,-7.4150458378e-03,6.8702289405e-03,-2.3808862345e-02,0.0000000000e+00,1.0000523399e-04,1.0000659317e-04,1.0000535127e-04,2.2729398083e-07,2.4693191527e-07,2.3632113525e-07,8.3956212728e-09,5.2770273053e-09,1.1749669717e-08
4.8200000000e+00,5.5889405590e+00,-1.5071682934e-01,6.1761534436e+00,-2.2215032583e-01,-5.6013919306e+00,-1.5796535494e-01,1.2141686485e+00,-2.3360160330e-01,9.0159984110e-02,1.5306215405e+00,-3.8886280845e-01,-9.0714466976e-01,9.9926763123e-01,5.7106843201e-03,3.5914773310e-02,-1.1904550429e-02,1.4333149765e+00,-2.8878777091e-01,1.0258083664e-01,1.9224317709e+00,-4.6286754281e-01,-1.3934942663e+00,9.9964985899e-01,-8.3055979596e-03,-7.1184879968e-03,-2.4093642274e-02,0.0000000000e+00,1.0000536882e-04,1.0000676720e-04,1.0000549687e-04,2.3653589474e-07,2.5731387758e-07,2.4620239278e-07,8.4142790728e-09,5.2956851053e-09,1.1768327517e-08
4.8250000000e+00,2.8735929753e+01,7.4832754191e+00,-3.3460965256e+01,-2.3266674793e-01,-5.6453421306e+00,-2.0038265825e-01,1.2218717690e+00,-2.3553386559e-01,8.5484810145e-02,1.5510720606e+00,-3.9121840437e-01,-9.1032096360e-01,9.9967154200e-01,4.9633891940e-03,2.1819086990e-02,-1.2494011679e-02,1.4429271353e+00,-2.9110210862e-01,9.5613365308e-02,2.0700509532e+00,-4.3523943602e-01,-1.6083151816e+00,9.9943264477e-01,-9.2226770651e-03,-2.1215867469e-02,-2.4478924712e-02,0.0000000000e+00,1.0000551536e-04,1.0000695547e-04,1.0000565476e-04,2.4691667229e-07,2.7132103048e-07,2.5796764736e-07,8.4329368728e-09,5.3143429053e-09,1.1786985317e-08
4.8300000000e+00,1.3066831592e+01,5.2871501733e+00,-5.5125878501e+00,-3.8432391895e-01,-4.9453424387e+00,-4.6186735331e-01,1.2300282997e+00,-2.3735571946e-01,8.0216933030e-02,1.6447211915e+00,-3.7242325291e-01,-1.0227363801e+00,9.9985373593e-01,3.8526179742e-03,9.4791410124e-03,-1.3704377515e-02,1.4532773901e+00,-2.9327830580e-01,8.7571789400e-02,2.1377082798e+00,-4.1254785034e-01,-1.6825583322e+00,9.9905571742e-01,-1.0460338848e-02,-3.3557374234e-02,-2.5537373322e-02,0.0000000000e+00,1.0000567322e-04,1.0000715895e-04,1.0000582633e-04,2.5636919182e-07,2.8306902275e-07,2.6850817221e-07,8.4515946728e-09,5.3330007053e-09,1.1805643117e-08
4.8350000000e+00,2.0809646301e+00,4.0733283260e+00,1.1737014208e+01,-4.3319686651e-01,-4.6348974855e+00,-6.4482629313e-01,1.2383965515e+00,-2.3908925059e-01,7.4796310790e-02,1.6876450875e+00,-3.5694776805e-01,-1.0498951814e+00,9.9987641796e-01,2.6358455778e-03,-2.0833524568e-03,-1.5357758934e-02,1.4639659315e+00,-2.9534104505e-01,7.9158997739e-02,2.1452260736e+00,-3.9140869298e-01,-1.6727558318e+00,9.9854544175e-01,-1.1783367042e-02,-4.5120300187e-02,-2.7061255072e-02,0.0000000000e+00,1.0000584335e-04,1.0000737829e-04,1.0000601156e-04,2.6515706002e-07,2.9285988724e-07,2.7798820427e-07,8.4702524728e-09,5.3516585053e-09,1.1824300917e-08
4.8400000000e+00,-5.7180121676e+00,3.4148759239e+00,2.1948086922e+01,-4.3146882385e-01,-4.4755614425e+00,-7.6866586575e-01,1.2467884854e+00,-2.4074216002e-01,6.9487807465e-02,1.6914656971e+00,-3.4190574154e-01,-1.0265195325e+00,9.9976124386e-01,1.4363568146e-03,-1.3245602524e-02,-1.7318953788e-02,1.4746920619e+00,-2.9729808852e-01,7.0795218580e-02,2.1079165644e+00,-3.6999889755e-01,-1.6154972706e+00,9.9791096570e-01,-1.3075755577e-02,-5.6283206454e-02,-2.8895152214e-02,0.0000000000e+00,1.0000602640e-04,1.0000761352e-04,1.0000621042e-04,2.7365438466e-07,3.0124851925e-07,2.8665569073e-07,8.4889102728e-09,5.3703163053e-09,1.1842958717e-08
4.8450000000e+00,-2.9053474521e+00,5.4878266018e+00,8.7773380569e+00,-4.0421773453e-01,-4.3496270320e+00,-8.5097035562e-01,1.2550599796e+00,-2.4231456439e-01,6.4439434568e-02,1.6656659659e+00,-3.2599585663e-01,-9.7541556466e-01,9.9951970274e-01,3.1259216433e-04,-2.4096114621e-02,-1.9484439371e-02,1.4852316447e+00,-2.9914808301e-01,6.2717732227e-02,2.0902322269e+00,-3.4051054527e-01,-1.6232232463e+00,9.9716250025e-01,-1.4277824189e-02,-6.7129468063e-02,-3.0930993339e-02,0.0000000000e+00,1.0000622289e-04,1.0000786432e-04,1.0000642296e-04,2.8261273531e-07,3.1019815361e-07,2.9566860108e-07,8.5075680728e-09,5.3889741053e-09,1.1861616517e-08
4.8500000000e+00,-1.0145834266e+01,3.6410882512e+00,2.0043157337e+01,-6.0130277098e-01,-3.7268884889e+00,-9.7347762538e-01,1.2632374952e+00,-2.4379228675e-01,5.9458024704e-02,1.6460652990e+00,-3.0845346754e-01,-9.6228364361e-01,9.9920072536e-01,-1.2616617043e-03,-3.3378433008e-02,-2.1959026928e-02,1.4956828058e+00,-3.0085063573e-01,5.4601615996e-02,2.0278870887e+00,-3.1604552428e-01,-1.5802806525e+00,9.9639295028e-01,-1.5900930093e-02,-7.6405166993e-02,-3.3324157968e-02,0.0000000000e+00,1.0000643301e-04,1.0000813056e-04,1.0000664974e-04,2.9134737416e-07,3.1783335010e-07,3.0392903067e-07,8.5262258728e-09,5.4076319053e-09,1.1880274317e-08
4.8550000000e+00,-9.4666668890e+01,4.7677688432e+00,3.4520237267e+01,-6.5441002857e-01,-3.3474984635e+00,-1.0258130864e+00,1.2711873704e+00,-2.4518253244e-01,5.4686756192e-02,1.5989722315e+00,-2.9095942079e-01,-9.2213772389e-01,9.9882361798e-01,-2.9444006328e-03,-4.1702987738e-02,-2.4567692027e-02,1.5098089813e+00,-3.0520951061e-01,9.3660600293e-02,1.5971326344e+00,-2.8988805964e-01,-9.4141871221e-01,9.9503460350e-01,-1.8495622318e-02,-9.0774368628e-02,-3.6387687476e-02,1.0000000000e+00,1.0000493161e-04,1.0000614031e-04,1.0000502122e-04,9.6773431022e-09,9.6903326738e-09,9.6835285331e-09,8.5837330045e-09,5.2971347674e-09,1.1366382305e-08
4.8600000000e+00,-6.6120379495e+01,4.6859719919e+00,4.0439053232e+01,-4.1730969099e-01,1.3898929910e+00,-1.0596892577e+00,1.2770515358e+00,-2.4633179248e-01,5.0417243675e-02,1.1774926421e+00,-2.3915232480e-01,-8.3696604033e-01,9.9889032398e-01,-3.7750581000e-03,-3.8210097541e-02,-2.7273760938e-02,1.5162355343e+00,-3.0643703663e-01,8.9441764954e-02,1.1983774949e+00,-2.3784317286e-01,-8.4238619345e-01,9.9523383253e-01,-1.9184275383e-02,-8.7516210307e-02,-3.8503182887e-02,1.0000000000e+00,1.0000491595e-04,1.0000614851e-04,1.0000501768e-04,6.5747311491e-09,6.6740610636e-09,6.6270272702e-09,8.6006117964e-09,5.2070085373e-09,1.1053126409e-08
4.8650000000e+00,-8.1595650803e+01,9.9720509689e+00,1.0224294682e+02,-2.4595393694e-01,4.1237379068e+00,-1.0131156952e+00,1.2815070239e+00,-2.4728470445e-01,4.6717865552e-02,8.9186813175e-01,-1.9709056982e-01,-7.3099586824e-01,9.9915625207e-01,-4.0103787527e-03,-2.7902624037e-02,-2.9868786066e-02,1.5241876713e+00,-3.0742338614e-01,8.3978874808e-02,8.2068067763e-01,-1.7400752975e-01,-6.3043140047e-01,9.9550984026e-01,-1.9385461703e-02,-8.3885948277e-02,-3.9338397382e-02,1.0000000000e+00,1.0000491067e-04,1.0000613458e-04,1.0000501532e-04,6.3139171807e-09,6.6062673066e-09,6.4000228477e-09,8.5819345656e-09,4.7171466285e-09,1.0267012419e-08
4.8700000000e+00,-5.7449893854e+01,6.0792755983e+00,7.4692410908e+01,-5.1814207100e-02,3.8964312256e+00,-7.3414597610e-01,1.2845200703e+00,-2.4786717331e-01,4.4426643492e-02,6.0179619421e-01,-1.1847865013e-01,-4.5607062652e-01,9.9932338409e-01,-3.8053769884e-03,-1.8171344478e-02,-3.1750517450e-02,1.5289334546e+00,-3.0866410166e-01,8.0138545107e-02,5.5408032859e-01,-1.1290260558e-01,-4.1865332659e-01,9.9620900977e-01,-1.9284649202e-02,-7.3662826134e-02,-4.2065415734e-02,1.0000000000e+00,1.0000490845e-04,1.0000612118e-04,1.0000500925e-04,6.2575500813e-09,6.4952955840e-09,6.3035701875e-09,8.4766668278e-09,4.3181164859e-09,9.8028577736e-09
4.8750000000e+00,-3.9722106105e+01,3.3079684843e+00,5.4792027300e+01,3.6666017695e-02,3.4050607088e+00,-5.0925354170e-01,1.2865251190e+00,-2.4822185359e-01,4.3151477611e-02,3.9997176194e-01,-7.1287184537e-02,-2.5469067688e-01,9.9940074279e-01,-3.4300904013e-03,-9.6730060514e-03,-3.3057869520e-02,1.5320078249e+00,-3.0945445536e-01,7.7476153798e-02,3.6923903665e-01,-6.9840849240e-02,-2.4321065141e-01,9.9683057199e-01,-1.8879134237e-02,-6.3527254613e-02,-4.4007692086e-02,1.0000000000e+00,1.0000490769e-04,1.0000611476e-04,1.0000500463e-04,6.1994793571e-09,6.3393259107e-09,6.2099004967e-09,8.3833689649e-09,4.0875070698e-09,9.6086154741e-09
4.8800000000e+00,-2.7149868387e+01,1.7978382092e+00,4.0427482151e+01,7.5736098045e-02,2.8105675729e+00,-3.4134762827e-01,1.2878233438e+00,-2.4844364731e-01,4.2597079690e-02,2.5878812306e-01,-4.4246808443e-02,-1.1071002080e-01,9.9941596013e-01,-3.0008989904e-03,-2.6589197730e-03,-3.3936166275e-02,1.5340326410e+00,-3.0986484448e-01,7.5904197309e-02,2.4026388909e-01,-4.2790035250e-02,-1.0994841658e-01,9.9728160390e-01,-1.8305548347e-02,-5.5315358992e-02,-4.5105658982e-02,1.0000000000e+00,1.0000490758e-04,1.0000611248e-04,1.0000500189e-04,6.1540158207e-09,6.2267911548e-09,6.1473765882e-09,8.3190633589e-09,3.9687340618e-09,9.5459819307e-09
4.8850000000e+00,-1.8179510196e+01,1.1896334920e+00,3.0096726256e+01,9.5056840935e-02,2.2028301700e+00,-2.1844438357e-01,1.2886214795e+00,-2.4858534873e-01,4.2541746856e-02,1.5901207571e-01,-2.8218524613e-02,-1.0671825558e-02,9.9939725515e-01,-2.5794491592e-03,2.8314962991e-03,-3.4502977730e-02,1.5353292950e+00,-3.1008848588e-01,7.5178675454e-02,1.4953653497e-01,-2.6062510320e-02,-1.4164470655e-02,9.9758662624e-01,-1.7679269642e-02,-4.9184343131e-02,-4.5708499933e-02,1.0000000000e+00,1.0000490773e-04,1.0000611190e-04,1.0000500041e-04,6.1241296141e-09,6.1599591755e-09,6.1123727693e-09,8.2792497937e-09,3.9132610664e-09,9.5379511040e-09
4.8900000000e+00,-1.3159511019e+01,2.5669615280e-01,2.3395293278e+01,9.3890693502e-02,1.6324547115e+00,-1.6186485038e-01,1.2891371603e+00,-2.4865540640e-01,4.2775294638e-02,1.0296528604e-01,-1.3804172599e-02,4.7369508478e-02,9.9936370853e-01,-2.2029750603e-03,6.9008133219e-03,-3.4924257194e-02,1.5361658397e+00,-3.1021609164e-01,7.4978777240e-02,9.1363354360e-02,-1.3965815916e-02,4.7100155841e-02,9.9778378589e-01,-1.7299453464e-02,-4.4646462368e-02,-4.6205399385e-02,1.0000000000e+00,1.0000490793e-04,1.0000611185e-04,1.0000499965e-04,6.1065756907e-09,6.1253722779e-09,6.0957335685e-09,8.2555870356e-09,3.8901879881e-09,9.5496718973e-09
4.8950000000e+00,-9.0240145296e+00,-1.1035781488e-01,1.8327753608e+01,8.8668795915e-02,1.1329745758e+00,-1.1140673013e-01,1.2894301557e+00,-2.4868736759e-01,4.3201762830e-02,5.8703331319e-02,-6.2653576266e-03,8.6172919801e-02,9.9933076587e-01,-1.8904875072e-03,9.7225324883e-03,-3.5212480761e-02,1.5366813896e+00,-3.1027212218e-01,7.5147096353e-02,5.0835498754e-02,-6.5022098454e-03,8.5813029721e-02,9.9790731801e-01,-1.6981418475e-02,-4.1572641862e-02,-4.6522376761e-02,1.0000000000e+00,1.0000490816e-04,1.0000611189e-04,1.0000499931e-04,6.0961624146e-09,6.1062879320e-09,6.0872203769e-09,8.2439933638e-09,3.8846390988e-09,9.5676404435e-09
4.9000000000e+00,-5.8470759325e+00,-2.6336177807e-01,1.4493384626e+01,7.4098305503e-02,7.0805126849e-01,-7.0760172366e-02,1.2895544312e+00,-2.4869847820e-01,4.3746444962e-02,2.5112835001e-02,-2.1808332745e-03,1.0992775101e-01,9.9930597852e-01,-1.6437757385e-03,1.1481653719e-02,-3.5398176887e-02,1.5369633087e+00,-3.1029468701e-01,7.5552972826e-02,2.1475737185e-02,-2.2668213057e-03,1.0859305608e-01,9.9797885437e-01,-1.6725876166e-02,-3.9703507677e-02,-4.6712768776e-02,1.0000000000e+00,1.0000490839e-04,1.0000611188e-04,1.0000499919e-04,6.0898840839e-09,6.0956025388e-09,6.0828548077e-09,8.2405776520e-09,3.8890059410e-09,9.5869387388e-09
4.9050000000e+00,-3.3521366339e+00,-2.1887666014e-01,1.1691716053e+01,6.2704958191e-02,3.5634026039e-01,-4.2894060002e-02,1.2895557859e+00,-2.4869749291e-01,4.4352829274e-02,5.9608742304e-04,1.8786482405e-04,1.2228716055e-01,9.9929167944e-01,-1.4568523171e-03,1.2364442876e-02,-3.5512498219e-02,1.5370734320e+00,-3.1030505809e-01,7.6100077750e-02,4.4155062520e-04,2.5230451563e-04,1.2000447903e-01,9.9801257840e-01,-1.6521872272e-02,-3.8797590712e-02,-4.6825933443e-02,1.0000000000e+00,1.0000490861e-04,1.0000611176e-04,1.0000499921e-04,6.0861102377e-09,6.0897077350e-09,6.0806415412e-09,8.2423526421e-09,3.8990359328e-09,9.6057285824e-09
4.9100000000e+00,-1.3304140319e+00,-7.3545605082e-02,9.5381930373e+00,5.0997438366e-02,7.6417684377e-02,-3.4848224368e-02,1.2894597756e+00,-2.4869291797e-01,4.4985450161e-02,-1.8862380930e-02,9.2089242618e-04,1.2747327860e-01,9.9928626907e-01,-1.3233909149e-03,1.2548960223e-02,-3.5605121673e-02,1.5370522427e+00,-3.1031851528e-01,7.6726865275e-02,-1.5318000107e-02,1.4386228693e-03,1.2374269533e-01,9.9801637984e-01,-1.6353279739e-02,-3.8653774834e-02,-4.6922931618e-02,1.0000000000e+00,1.0000490883e-04,1.0000611152e-04,1.0000499931e-04,6.0837660619e-09,6.0864808354e-09,6.0795636060e-09,8.2476084660e-09,3.9123291515e-09,9.6231168143e-09
4.9150000000e+00,4.3386877224e-02,-5.3792286387e-02,8.0727500347e+00,4.1488564527e-02,-1.3865419429e-01,-2.4804625156e-02,1.2893047980e+00,-2.4868434443e-01,4.5609633260e-02,-3.0680441443e-02,1.7517623747e-03,1.2570351441e-01,9.9928838043e-01,-1.2326148151e-03,1.2197675776e-02,-3.5671138353e-02,1.5369435816e+00,-3.1032743785e-01,7.7380261065e-02,-2.5782762084e-02,2.0889224902e-03,1.2148214044e-01,9.9799903138e-01,-1.6236887012e-02,-3.9064703411e-02,-4.6991975985e-02,1.0000000000e+00,1.0000490904e-04,1.0000611118e-04,1.0000499946e-04,6.0823647417e-09,6.0848434376e-09,6.0791343455e-09,8.2549223578e-09,3.9273963969e-09,9.6391121063e-09
4.9200000000e+00,8.6371275792e-01,-6.4118007018e-02,7.1691381068e+00,3.3492645766e-02,-2.9546900951e-01,-1.6937710042e-02,1.2891181935e+00,-2.4867235322e-01,4.6202534896e-02,-3.7048978780e-02,2.4712737404e-03,1.1936511917e-01,9.9929571627e-01,-1.1753448524e-03,1.1457008430e-02,-3.5713120337e-02,1.5367825871e+00,-3.1032959747e-01,7.8023356830e-02,-3.2040366129e-02,2.5458957819e-03,1.1510553054e-01,9.9796645898e-01,-1.6167453345e-02,-3.9866283707e-02,-4.7034451478e-02,1.0000000000e+00,1.0000490924e-04,1.0000611076e-04,1.0000499963e-04,6.0815610861e-09,6.0840549274e-09,6.0790136227e-09,8.2634578021e-09,3.9433652677e-09,9.6540199509e-09
4.9250000000e+00,1.4152269939e+00,-7.9246002655e-02,6.6755842135e+00,2.6481518114e-02,-4.0018990224e-01,-8.5833291289e-03,1.2889192774e+00,-2.4865780349e-01,4.6750232054e-02,-3.9558984203e-02,3.0189998661e-03,1.1025186244e-01,9.9930593166e-01,-1.1437693252e-03,1.0453465957e-02,-3.5736141332e-02,1.5365931089e+00,-3.1032555123e-01,7.8632994367e-02,-3.4896355870e-02,2.8929199414e-03,1.0619107014e-01,9.9792346853e-01,-1.6135346412e-02,-4.0923768659e-02,-4.7049407113e-02,1.0000000000e+00,1.0000490942e-04,1.0000611028e-04,1.0000499982e-04,6.0811262555e-09,6.0837463572e-09,6.0790063153e-09,8.2725723112e-09,3.9597630478e-09,9.6680710110e-09
4.9300000000e+00,1.6774641858e+00,-2.6517038837e-02,6.4056101938e+00,2.1745140683e-02,-4.5812313156e-01,5.9410337588e-04,1.2887209659e+00,-2.4864450340e-01,4.7248306525e-02,-3.9495198222e-02,2.8001636417e-03,1.0026926523e-01,9.9931738795e-01,-1.1306528975e-03,9.3060832121e-03,-3.5733409774e-02,1.5363920807e+00,-3.1032341754e-01,7.9196275247e-02,-3.5442717943e-02,2.9323785363e-03,9.6143650727e-02,9.9787433103e-01,-1.6118323878e-02,-4.2118836057e-02,-4.7042775762e-02,1.0000000000e+00,1.0000490961e-04,1.0000610977e-04,1.0000500002e-04,6.0808865911e-09,6.0836103453e-09,6.0790299408e-09,8.2819923920e-09,3.9763612984e-09,9.6816331138e-09
4.9350000000e+00,1.7214505192e+00,-4.1472191307e-02,6.3677626414e+00,1.7632085132e-02,-4.8532497273e-01,7.2641012436e-03,1.2885328333e+00,-2.4863089847e-01,4.7691262492e-02,-3.7505604313e-02,2.8854848059e-03,8.9199647951e-02,9.9932854938e-01,-1.1298759506e-03,8.0927606013e-03,-3.5716676705e-02,1.5361943867e+00,-3.1031808701e-01,7.9705245782e-02,-3.4388663938e-02,2.9612074731e-03,8.5414479684e-02,9.9782197494e-01,-1.6119700710e-02,-4.3370783421e-02,-4.7015281804e-02,1.0000000000e+00,1.0000490979e-04,1.0000610925e-04,1.0000500022e-04,6.0807925899e-09,6.0835622107e-09,6.0790460109e-09,8.2914675208e-09,3.9930305914e-09,9.6950448758e-09
4.9400000000e+00,1.7196822599e+00,-9.8703433987e-02,6.4503295589e+00,1.4041664357e-02,-4.8749342815e-01,9.6219623699e-03,1.2883603904e+00,-2.4861701841e-01,4.8077773608e-02,-3.4401663912e-02,2.9610364331e-03,7.7873288748e-02,9.9933854480e-01,-1.1368665141e-03,6.8739895507e-03,-3.5692137545e-02,1.5360078786e+00,-3.1030842647e-01,8.0156502824e-02,-3.2147795988e-02,2.9150306230e-03,7.4491978630e-02,9.9776849911e-01,-1.6136258520e-02,-4.4617968851e-02,-4.6977443488e-02,1.0000000000e+00,1.0000490996e-04,1.0000610873e-04,1.0000500043e-04,6.0807936913e-09,6.0835961156e-09,6.0790509694e-09,8.3007878723e-09,4.0096872292e-09,9.7084212085e-09
4.9450000000e+00,1.6062773814e+00,-7.2497929434e-02,6.7205477287e+00,1.1865057026e-02,-4.7253818714e-01,1.0840996177e-02,1.2882061814e+00,-2.4860319834e-01,4.8409216256e-02,-3.0777661247e-02,2.9678456737e-03,6.6828353259e-02,9.9934701261e-01,-1.1485566302e-03,5.6931069625e-03,-3.5662553694e-02,1.5358375959e+00,-3.1029841071e-01,8.0547841611e-02,-2.9359786193e-02,2.9942553171e-03,6.4006349625e-02,9.9771572864e-01,-1.6157359628e-02,-4.5817841675e-02,-4.6936019678e-02,1.0000000000e+00,1.0000491014e-04,1.0000610819e-04,1.0000500064e-04,6.0808826523e-09,6.0837292399e-09,6.0790455493e-09,8.3096999294e-09,4.0262471571e-09,9.7218771228e-09
4.9500000000e+00,1.4999332009e+00,-7.8079715547e-02,6.8755695842e+00,9.9959909972e-03,-4.4224244887e-01,1.6904169592e-02,1.2880669673e+00,-2.4859186947e-01,4.8694024434e-02,-2.7816209303e-02,2.4551547589e-03,5.7478817709e-02,9.9935423218e-01,-1.1653136868e-03,4.5871018380e-03,-3.5619084317e-02,1.5356822938e+00,-3.1029211709e-01,8.0886151451e-02,-2.6733418634e-02,2.7351824088e-03,5.4499375172e-02,9.9766577119e-01,-1.6174840041e-02,-4.6938394210e-02,-4.6884653161e-02,1.0000000000e+00,1.0000491032e-04,1.0000610766e-04,1.0000500085e-04,6.0809730124e-09,6.0838246694e-09,6.0790370060e-09,8.3183305690e-09,4.0427097460e-09,9.7354556149e-09
4.9550000000e+00,1.3559123412e+00,-9.9373561893e-02,7.1991630513e+00,4.6866522177e-03,-4.0501239603e-01,1.5495143853e-02,1.2879460047e+00,-2.4858104087e-01,4.8933523271e-02,-2.4184944152e-02,2.3600697366e-03,4.8394523293e-02,9.9935996122e-01,-1.1844562020e-03,3.5721836306e-03,-3.5573929763e-02,1.5355452884e+00,-3.1028421279e-01,8.1172476694e-02,-2.3868681169e-02,2.5858986745e-03,4.5858581770e-02,9.9761922547e-01,-1.6204706979e-02,-4.7955658468e-02,-4.6835277992e-02,1.0000000000e+00,1.0000491049e-04,1.0000610712e-04,1.0000500105e-04,6.0811249078e-09,6.0840085141e-09,6.0790259336e-09,8.3264231280e-09,4.0590177411e-09,9.7492047419e-09
4.9600000000e+00,1.2372475698e+00,-1.1950308989e-01,7.5347611884e+00,7.9855870086e-03,-3.6713443476e-01,1.6333923075e-02,1.2878441540e+00,-2.4857002431e-01,4.9131417527e-02,-2.0367832098e-02,2.4165767224e-03,4.0051125019e-02,9.9936426421e-01,-1.2047008982e-03,2.6596203662e-03,-3.5532274517e-02,1.5354274629e+00,-3.1027388520e-01,8.1410888185e-02,-2.0749838291e-02,2.5707061735e-03,3.8034209875e-02,9.9757708887e-01,-1.6226110055e-02,-4.8869158913e-02,-4.6781090336e-02,1.0000000000e+00,1.0000491066e-04,1.0000610657e-04,1.0000500126e-04,6.0813123323e-09,6.0842592599e-09,6.0790165689e-09,8.3338425850e-09,4.0751307530e-09,9.7630795671e-09
4.9650000000e+00,1.0477948292e+00,-8.3093459354e-02,7.8352854876e+00,4.0088853748e-03,-3.2259145660e-01,1.4456427330e-02,1.2877608138e+00,-2.4855887033e-01,4.9292491899e-02,-1.6661970666e-02,2.4707385835e-03,3.2665057412e-02,9.9936735542e-01,-1.2244702835e-03,1.8555405079e-03,-3.5495725907e-02,1.5353292022e+00,-3.1026394761e-01,8.1605776299e-02,-1.7718714592e-02,2.7266366636e-03,3.1025322554e-02,9.9753977134e-01,-1.6251335677e-02,-4.9661641555e-02,-4.6733500103e-02,1.0000000000e+00,1.0000491084e-04,1.0000610603e-04,1.0000500146e-04,6.0814975286e-09,6.0844757636e-09,6.0790085856e-09,8.3406673171e-09,4.0910471340e-09,9.7771928836e-09
4.9700000000e+00,9.6608138978e-01,-3.9834326115e-02,8.0115354903e+00,-5.5498447416e-04,-2.7448266764e-01,2.1039712047e-02,1.2876905229e+00,-2.4854957651e-01,4.9426147230e-02,-1.4076412568e-02,2.0525140000e-03,2.7168280212e-02,9.9937030991e-01,-1.2480997760e-03,1.1665019661e-03,-3.5441009928e-02,1.5352448897e+00,-3.1025982539e-01,8.1765919612e-02,-1.5167309014e-02,2.6469821136e-03,2.5261661908e-02,9.9750835601e-01,-1.6273662501e-02,-5.0332678140e-02,-4.6678358017e-02,1.0000000000e+00,1.0000491101e-04,1.0000610548e-04,1.0000500165e-04,6.0816407590e-09,6.0846512923e-09,6.0790055367e-09,8.3470842018e-09,4.1067995156e-09,9.7914287258e-09
4.9750000000e+00,9.1204743716e-01,1.7464833039e-03,8.1949081908e+00,-1.9377996798e-03,-2.3181998394e-01,2.2027181279e-02,1.2876345622e+00,-2.4853980010e-01,4.9533851535e-02,-1.1215078829e-02,2.1469558199e-03,2.1961231399e-02,9.9937268196e-01,-1.2741138659e-03,5.8744756330e-04,-3.5387484874e-02,1.5351749221e+00,-3.1025639678e-01,8.1895448683e-02,-1.2581218388e-02,2.7791154303e-03,2.0181202080e-02,9.9748220775e-01,-1.6293920581e-02,-5.0892732674e-02,-4.6622774813e-02,1.0000000000e+00,1.0000491119e-04,1.0000610493e-04,1.0000500185e-04,6.0817732909e-09,6.0848347048e-09,6.0790050657e-09,8.3530532991e-09,4.1224030596e-09,9.8057516110e-09
4.9800000000e+00,7.4908188214e-01,1.3347002063e-02,8.4189208178e+00,-5.7868342754e-03,-1.8828010110e-01,1.8107641025e-02,1.2875925968e+00,-2.4852758995e-01,4.9617761363e-02,-8.4088297653e-03,2.6591943568e-03,1.7184276386e-02,9.9937446066e-01,-1.3061286956e-03,1.1497656949e-04,-3.5340743919e-02,1.5351212261e+00,-3.1024976593e-01,8.1996593954e-02,-1.0237173869e-02,3.2122769628e-03,1.5688522758e-02,9.9746118246e-01,-1.6321634877e-02,-5.1336449525e-02,-4.6576417568e-02,1.0000000000e+00,1.0000491137e-04,1.0000610439e-04,1.0000500204e-04,6.0819178385e-09,6.0849915304e-09,6.0790049928e-09,8.3586053649e-09,4.1378488460e-09,9.8202860544e-09
4.9850000000e+00,6.2000703639e-01,5.3403651570e-02,8.6256340842e+00,-1.2983820942e-02,-1.4968675053e-01,1.7018372393e-02,1.2875633221e+00,-2.4851180074e-01,4.9680763066e-02,-5.8571336006e-03,3.4151234713e-03,1.2985210310e-02,9.9937580741e-01,-1.3497686010e-03,-2.5607199515e-04,-3.5300256663e-02,1.5350817425e+00,-3.1024006737e-01,8.2072502329e-02,-8.0652727564e-03,3.9597300687e-03,1.1748561684e-02,9.9744488916e-01,-1.6363853457e-02,-5.1676749753e-02,-4.6534190897e-02,1.0000000000e+00,1.0000491154e-04,1.0000610385e-04,1.0000500223e-04,6.0820616783e-09,6.0851492138e-09,6.0790075779e-09,8.3637559219e-09,4.1531341797e-09,9.8350254182e-09
4.9900000000e+00,4.8400694394e-01,1.4249407876e-02,8.7999236773e+00,-2.2962191461e-02,-1.0972281585e-01,2.8252101588e-02,1.2875445662e+00,-2.4849339713e-01,4.9727106223e-02,-3.7713293666e-03,3.8726402321e-03,9.6429927196e-03,9.9937816607e-01,-1.4189375101e-03,-5.2751418087e-04,-3.5227681263e-02,1.5350547329e+00,-3.1022728778e-01,8.2126963442e-02,-6.2628972179e-03,4.4935501140e-03,8.4855321840e-03,9.9743483728e-01,-1.6426503576e-02,-5.1910710328e-02,-4.6467122853e-02,1.0000000000e+00,1.0000491172e-04,1.0000610333e-04,1.0000500242e-04,6.0821991627e-09,6.0852781951e-09,6.0790103534e-09,8.3685843228e-09,4.1682585608e-09,9.8499788009e-09
4.9950000000e+00,3.5789369758e-01,-8.3737811344e-02,9.0051651977e+00,-3.1953063663e-02,-7.5924669787e-02,2.9613171048e-02,1.2875349796e+00,-2.4847222602e-01,4.9759600856e-02,-1.9368324198e-03,4.4201249049e-03,6.8599476791e-03,9.9938057030e-01,-1.5083579843e-03,-7.1456825311e-04,-3.5152382065e-02,1.5350397033e+00,-3.1020753756e-01,8.2163215020e-02,-4.7526315536e-03,4.8849962626e-03,5.8932404671e-03,9.9742935100e-01,-1.6513874253e-02,-5.2053139819e-02,-4.6394529297e-02,1.0000000000e+00,1.0000491190e-04,1.0000610282e-04,1.0000500260e-04,6.0823555137e-09,6.0854304505e-09,6.0790132221e-09,8.3730380631e-09,4.1832014655e-09,9.8651176858e-09
5.0000000000e+00,2.2633263528e-01,-1.6724704472e-01,9.2212925612e+00,-3.7970652911e-02,-4.8077449014e-02,2.5321273867e-02,1.2875324636e+00,-2.4844890812e-01,4.9781154826e-02,-5.1281459264e-04,4.8780319215e-03,4.6588872904e-03,9.9938265691e-01,-1.6119255623e-03,-8.3137884226e-04,-3.5085831421e-02,1.5350349415e+00,-3.1018167682e-01,8.2184449992e-02,-3.6134907913e-03,5.1969504531e-03,3.9370577656e-03,9.9742712938e-01,-1.6618324208e-02,-5.2119918636e-02,-4.6329978997e-02,1.0000000000e+00,1.0000491207e-04,1.0000610230e-04,1.0000500279e-04,6.0825262794e-09,6.0856028857e-09,6.0790187406e-09,8.3770838025e-09,4.1979430490e-09,9.8804237713e-09
5.0050000000e+00,2.1115972097e-01,-1.7336943941e-01,9.2936365679e+00,-4.2851813604e-02,-2.8042125070e-02,2.2640983741e-02,1.2875349097e+00,-2.4842429013e-01,4.9794412665e-02,4.9327593861e-04,5.1855802741e-03,2.9886550409e-03,9.9938436166e-01,-1.7236551456e-03,-8.9089294467e-04,-3.5030458063e-02,1.5350359659e+00,-3.1015399452e-01,8.2195649248e-02,-2.6024914012e-03,5.5061884483e-03,2.2926687386e-03,9.9742704853e-01,-1.6732450419e-02,-5.2135475239e-02,-4.6273104390e-02,1.0000000000e+00,1.0000491225e-04,1.0000610179e-04,1.0000500296e-04,6.0826361871e-09,6.0857284617e-09,6.0790226452e-09,8.3808590929e-09,4.2125473100e-09,9.8957790321e-09
5.0100000000e+00,2.3331447948e-01,-7.1060968786e-01,9.2194617429e+00,-4.6451768196e-02,-5.4801496934e-03,3.6596373452e-02,1.2875409078e+00,-2.4840166788e-01,4.9799445162e-02,1.1850329080e-03,4.7049382342e-03,1.3380104080e-03,9.9938728674e-01,-1.8418617048e-03,-8.9662174042e-04,-3.4940731600e-02,1.5350453247e+00,-3.1010828252e-01,8.2201354317e-02,-1.8269454595e-03,4.2831357841e-03,5.3453187420e-04,9.9743174428e-01,-1.6879012348e-02,-5.2093414817e-02,-4.6165902800e-02,1.0000000000e+00,1.0000491242e-04,1.0000610127e-04,1.0000500314e-04,6.0827197364e-09,6.0857189490e-09,6.0790294021e-09,8.3845942349e-09,4.2270633964e-09,9.9110307484e-09
5.0150000000e+00,4.9378618083e-02,-2.1941536438e-01,9.5506726868e+00,-2.3509805918e-02,1.9054399503e-02,3.7897453937e-02,1.2875515063e+00,-2.4838844714e-01,4.9795561367e-02,2.1037091503e-03,2.8139062679e-03,-4.5407379787e-04,9.9939062934e-01,-1.8977747627e-03,-8.4892116236e-04,-3.4843188440e-02,1.5350556451e+00,-3.1009295325e-01,8.2190741150e-02,-1.2954115487e-03,3.6727704133e-03,-6.6421926884e-04,9.9744059214e-01,-1.6927672739e-02,-5.1987960208e-02,-4.6075709863e-02,1.0000000000e+00,1.0000491260e-04,1.0000610076e-04,1.0000500332e-04,6.0828461971e-09,6.0859162843e-09,6.0790332910e-09,8.3879152882e-09,4.2413786759e-09,9.9265452824e-09
5.0200000000e+00,-6.0773403864e-02,9.5169192651e-02,9.7747840497e+00,-1.8888026489e-02,2.9825330861e-02,3.4934028009e-02,1.2875637511e+00,-2.4837530018e-01,4.9788110988e-02,2.4402948914e-03,2.8270537231e-03,-1.1740919916e-03,9.9939358272e-01,-1.9396060796e-03,-7.7226393883e-04,-3.4757853073e-02,1.5350671935e+00,-3.1009007649e-01,8.2171338935e-02,-1.0791604780e-03,4.0922493699e-03,-1.1753303120e-03,9.9745056286e-01,-1.6949372244e-02,-5.1854056571e-02,-4.6002720014e-02,1.0000000000e+00,1.0000491278e-04,1.0000610025e-04,1.0000500350e-04,6.0829788378e-09,6.0861436080e-09,6.0790451577e-09,8.3907862256e-09,4.2555281845e-09,9.9422438474e-09
5.0250000000e+00,-1.1064293078e-01,1.3399405833e-01,9.7554397680e+00,-2.9294862643e-02,3.5812360055e-02,2.5366082553e-02,1.2875758397e+00,-2.4835637597e-01,4.9780568345e-02,2.4202681275e-03,4.0323945745e-03,-1.1965380153e-03,9.9939584856e-01,-2.0094300132e-03,-6.8185628857e-04,-3.4690562827e-02,1.5350803435e+00,-3.1008198771e-01,8.2150905060e-02,-1.0872269934e-03,5.0733172202e-03,-1.4389907945e-03,9.9745978288e-01,-1.7000744633e-02,-5.1703452194e-02,-4.5953337794e-02,1.0000000000e+00,1.0000491297e-04,1.0000609976e-04,1.0000500367e-04,6.0830282584e-09,6.0861938175e-09,6.0790570219e-09,8.3935663499e-09,4.2696261101e-09,9.9580657651e-09
5.0300000000e+00,-6.1088384766e-02,4.3078653812e-02,9.8485923982e+00,-4.5840283336e-02,3.7954990174e-02,3.8185691449e-02,1.2875855747e+00,-2.4833553857e-01,4.9771089882e-02,1.9321529237e-03,4.3209526737e-03,-1.5844462493e-03,9.9939900515e-01,-2.1222611041e-03,-5.8205304074e-04,-3.4594591087e-02,1.5350914616e+00,-3.1007118341e-01,8.2128665982e-02,-1.3205789146e-03,5.4557119327e-03,-1.5807227827e-03,9.9746977424e-01,-1.7091144157e-02,-5.1549140526e-02,-4.5876228907e-02,1.0000000000e+00,1.0000491315e-04,1.0000609925e-04,1.0000500384e-04,6.0831142976e-09,6.0863283584e-09,6.0790575168e-09,8.3960927755e-09,4.2836093978e-09,9.9738010135e-09
5.0350000000e+00,-9.1633421151e-02,-7.4902513287e-02,9.8485679279e+00,-5.6296206062e-02,4.1201141367e-02,3.7441162144e-02,1.2875948025e+00,-2.4831313388e-01,4.9760964024e-02,1.8288060064e-03,4.6152098180e-03,-1.7173007100e-03,9.9940196245e-01,-2.2618279329e-03,-4.7848396270e-04,-3.4501777310e-02,1.5351031609e+00,-3.1005411235e-01,8.2105706143e-02,-1.5495739728e-03,5.5631331471e-03,-1.7160476545e-03,9.9747984634e-01,-1.7213651690e-02,-5.1382779792e-02,-4.5797994304e-02,1.0000000000e+00,1.0000491332e-04,1.0000609875e-04,1.0000500401e-04,6.0831645732e-09,6.0863671636e-09,6.0790564136e-09,8.3985147267e-09,4.2975194082e-09,9.9895690544e-09
5.0400000000e+00,-1.3034279963e-01,-1.8799342943e-01,9.9021755135e+00,-6.2349988994e-02,4.0057963844e-02,3.1495156177e-02,1.2876036246e+00,-2.4828978299e-01,4.9751239817e-02,1.7532909596e-03,4.8272817505e-03,-1.6396162965e-03,9.9940436853e-01,-2.4148185757e-03,-3.7463799142e-04,-3.4422905910e-02,1.5351159959e+00,-3.1003073022e-01,8.2081964318e-02,-1.7848727759e-03,5.5291791549e-03,-1.6181201809e-03,9.9748908348e-01,-1.7359290356e-02,-5.1215314911e-02,-4.5729365763e-02,1.0000000000e+00,1.0000491350e-04,1.0000609825e-04,1.0000500418e-04,6.0832291486e-09,6.0864134652e-09,6.0790571249e-09,8.4008111618e-09,4.3113397577e-09,1.0005381587e-08
5.0450000000e+00,-8.9129464746e-02,-2.6719318960e-02,9.8159036921e+00,-6.3723511571e-02,3.7378705796e-02,2.7841893306e-02,1.2876115553e+00,-2.4826622159e-01,4.9742682358e-02,1.5837748980e-03,4.9160587746e-03,-1.4068621373e-03,9.9940622092e-01,-2.5707328734e-03,-2.7295669215e-04,-3.4358731331e-02,1.5351257725e+00,-3.1001312315e-01,8.2059530033e-02,-1.8471571838e-03,5.8752650441e-03,-1.6067957114e-03,9.9749726211e-01,-1.7499334633e-02,-5.1056312602e-02,-4.5675357864e-02,1.0000000000e+00,1.0000491368e-04,1.0000609775e-04,1.0000500435e-04,6.0832053335e-09,6.0863811159e-09,6.0790568979e-09,8.4031859766e-09,4.3251711190e-09,1.0021209554e-08
5.0500000000e+00,-7.1721205798e-02,-6.5621281802e-02,9.8955765478e+00,-7.4426398279e-02,3.6116284734e-02,3.8525680635e-02,1.2876158538e+00,-2.4824516124e-01,4.9732128957e-02,8.4276318073e-04,4.3169444933e-03,-1.8057154531e-03,9.9940895231e-01,-2.7518474822e-03,-1.7556821169e-04,-3.4265763727e-02,1.5351321680e+00,-3.1000007754e-01,8.2035998961e-02,-2.3050338555e-03,5.5783500753e-03,-1.6832097326e-03,9.9750562221e-01,-1.7657297596e-02,-5.0904158150e-02,-4.5601756392e-02,1.0000000000e+00,1.0000491386e-04,1.0000609724e-04,1.0000500452e-04,6.0832507191e-09,6.0864549178e-09,6.0790557719e-09,8.4054417110e-09,4.3389273027e-09,1.0036955416e-08
5.0550000000e+00,-9.9622026793e-02,-1.6268586432e-01,9.9542485982e+00,-7.6737950769e-02,3.5266712558e-02,3.7505817571e-02,1.2876195986e+00,-2.4822535806e-01,4.9721221943e-02,7.2993788994e-04,4.0366303405e-03,-1.8778973638e-03,9.9941157522e-01,-2.9421883831e-03,-8.4052885253e-05,-3.4173670837e-02,1.5351385145e+00,-3.0998422017e-01,8.2011173496e-02,-2.6300864344e-03,5.1176680601e-03,-1.6420293999e-03,9.9751389645e-01,-1.7827533591e-02,-5.0749746383e-02,-4.5526571068e-02,1.0000000000e+00,1.0000491404e-04,1.0000609674e-04,1.0000500469e-04,6.0833152800e-09,6.0865259406e-09,6.0790557991e-09,8.4075068701e-09,4.3525960586e-09,1.0052719375e-08
5.0600000000e+00,-1.0358100670e-01,-1.9163451439e-01,9.9489345234e+00,-7.6748121088e-02,3.0519052361e-02,3.1648470191e-02,1.2876233636e+00,-2.4820659510e-01,4.9711162586e-02,7.3805889926e-04,3.8381061041e-03,-1.7086640089e-03,9.9941377879e-01,-3.1296257037e-03,1.3376697511e-06,-3.4092582884e-02,1.5351448364e+00,-3.0996718721e-01,8.1986682432e-02,-2.7580224894e-03,4.7666372472e-03,-1.5318437518e-03,9.9752105862e-01,-1.8002940867e-02,-5.0604459487e-02,-4.5462296542e-02,1.0000000000e+00,1.0000491422e-04,1.0000609623e-04,1.0000500486e-04,6.0833490556e-09,6.0865505220e-09,6.0790558643e-09,8.4094904587e-09,4.3662138053e-09,1.0068509304e-08
5.0650000000e+00,-1.0191921433e-01,-4.6997431592e-02,9.8922141322e+00,-7.3464302622e-02,3.0892078825e-02,2.7442927909e-02,1.2876268435e+00,-2.4818924109e-01,4.9702745441e-02,6.8742549011e-04,3.5853466006e-03,-1.3786799188e-03,9.9941558063e-01,-3.3056427797e-03,8.0442067539e-05,-3.4022984000e-02,1.5351492652e+00,-3.0995712426e-01,8.1963164961e-02,-2.7925621733e-03,4.7586736523e-03,-1.4066053507e-03,9.9752779014e-01,-1.8161352563e-02,-5.0459028548e-02,-4.5413209663e-02,1.0000000000e+00,1.0000491440e-04,1.0000609573e-04,1.0000500504e-04,6.0833262556e-09,6.0865139109e-09,6.0790571990e-09,8.4115547613e-09,4.3798421167e-09,1.0084357277e-08
5.0700000000e+00,2.4196831595e-02,-4.6720808772e-02,9.8666592712e+00,-8.1040219635e-02,2.5514797180e-02,3.6295314145e-02,1.2876234894e+00,-2.4817873104e-01,4.9696095109e-02,-6.9703043107e-04,2.1028761722e-03,-1.0237459594e-03,9.9941805803e-01,-3.5013790881e-03,1.5050072859e-04,-3.3930266384e-02,1.5351460457e+00,-3.0995978259e-01,8.1942425959e-02,-3.3928170893e-03,3.8354401927e-03,-1.1659131116e-03,9.9753357033e-01,-1.8319852609e-02,-5.0339759863e-02,-4.5354907677e-02,1.0000000000e+00,1.0000491458e-04,1.0000609522e-04,1.0000500520e-04,6.0833201138e-09,6.0865485092e-09,6.0790507789e-09,8.4136404152e-09,4.3934506419e-09,1.0099983321e-08
5.0750000000e+00,-4.1067508922e-02,-1.1296641961e-01,9.9689645203e+00,-7.8277267304e-02,2.3150868950e-02,3.3227229195e-02,1.2876189548e+00,-2.4817008557e-01,4.9687612830e-02,-9.3817516984e-04,1.6989466763e-03,-1.3877341092e-03,9.9942020453e-01,-3.6966755916e-03,2.1145024336e-04,-3.3845895578e-02,1.5351430156e+00,-3.0996038263e-01,8.1920535090e-02,-3.9281385772e-03,3.1246708003e-03,-1.1020226545e-03,9.9753913920e-01,-1.8482150924e-02,-5.0221660339e-02,-4.5297468958e-02,1.0000000000e+00,1.0000491476e-04,1.0000609470e-04,1.0000500537e-04,6.0833826237e-09,6.0866245917e-09,6.0790513317e-09,8.4155177989e-09,4.4069810875e-09,1.0115634536e-08
5.0800000000e+00,-6.1136752537e-02,-1.8338122952e-01,9.9835125999e+00,-7.4603884163e-02,1.9327300191e-02,3.0804868380e-02,1.2876156187e+00,-2.4816226367e-01,4.9679091879e-02,-6.9678906394e-04,1.5340143799e-03,-1.3928703183e-03,9.9942202317e-01,-3.8803502791e-03,2.6530830774e-04,-3.3771172590e-02,1.5351411076e+00,-3.0995692559e-01,8.1898188793e-02,-4.0404907584e-03,2.6197167787e-03,-1.0509321560e-03,9.9754453850e-01,-1.8647509915e-02,-5.0106740995e-02,-4.5238021418e-02,1.0000000000e+00,1.0000491494e-04,1.0000609419e-04,1.0000500554e-04,6.0834289723e-09,6.0866599092e-09,6.0790518008e-09,8.4172599636e-09,4.4204502976e-09,1.0131349107e-08
5.0850000000e+00,-5.9132200686e-02,3.5279347188e-02,9.9431368158e+00,-6.6672767649e-02,1.6794332693e-02,2.6777300201e-02,1.2876135177e+00,-2.4815531363e-01,4.9671864151e-02,-4.4490371473e-04,1.3740253337e-03,-1.1296952049e-03,9.9942366274e-01,-4.0454422832e-03,3.1388026285e-04,-3.3702792712e-02,1.5351377764e+00,-3.0996216590e-01,8.1875849193e-02,-3.8754236337e-03,2.7529763022e-03,-9.6281744165e-04,9.9754947393e-01,-1.8783220291e-02,-4.9997713426e-02,-4.5193653758e-02,1.0000000000e+00,1.0000491512e-04,1.0000609368e-04,1.0000500572e-04,6.0834132752e-09,6.0866425045e-09,6.0790555986e-09,8.4190265919e-09,4.4339250818e-09,1.0147141675e-08
5.0900000000e+00,-6.8252086350e-02,-2.6050959445e-02,9.8744460705e+00,-7.6470416252e-02,1.3770743035e-02,4.1982771588e-02,1.2876099496e+00,-2.4814717465e-01,4.9668457263e-02,-7.4295613470e-04,1.5525402040e-03,-3.6247601993e-04,9.9942621697e-01,-4.2355616030e-03,3.5572650193e-04,-3.3603129399e-02,1.5351346861e+00,-3.0996467361e-01,8.1856806025e-02,-4.0031857807e-03,2.7952293182e-03,-5.9341543508e-04,9.9755514960e-01,-1.8949036691e-02,-4.9896600506e-02,-4.5110827767e-02,1.0000000000e+00,1.0000491530e-04,1.0000609320e-04,1.0000500589e-04,6.0833835857e-09,6.0865693428e-09,6.0790561556e-09,8.4209718064e-09,4.4474255503e-09,1.0162970412e-08
5.0950000000e+00,3.6002594229e-03,-8.4038459030e-02,9.7834542014e+00,-8.0874526130e-02,1.2213286613e-02,5.2672567314e-02,1.2876040649e+00,-2.4814257398e-01,4.9669502133e-02,-1.2119968483e-03,7.7047989616e-04,5.3701524899e-04,9.9942980748e-01,-4.4357589580e-03,3.9327560205e-04,-3.3469826572e-02,1.5351283942e+00,-3.0997109009e-01,8.1842007818e-02,-4.1880293634e-03,2.2089216725e-03,-6.0944165651e-05,9.9756131095e-01,-1.9120285791e-02,-4.9803133392e-02,-4.5005482680e-02,1.0000000000e+00,1.0000491548e-04,1.0000609271e-04,1.0000500606e-04,6.0833405152e-09,6.0864979359e-09,6.0790505181e-09,8.4230949733e-09,4.4609538723e-09,1.0178742730e-08
5.1000000000e+00,1.7375098797e-02,-3.5609781020e-02,9.6988258422e+00,-8.1403645304e-02,1.0063981434e-02,6.0122702586e-02,1.2875961942e+00,-2.4814192046e-01,4.9673814822e-02,-1.6139290800e-03,-9.0550871028e-05,1.2031851959e-03,9.9943395090e-01,-4.6351693793e-03,4.2685786637e-04,-3.3318325016e-02,1.5351194343e+00,-3.0998457802e-01,8.1831039362e-02,-4.4495570034e-03,1.5464617103e-03,3.8752218611e-04,9.9756779269e-01,-1.9287260039e-02,-4.9717205041e-02,-4.4885410901e-02,1.0000000000e+00,1.0000491566e-04,1.0000609223e-04,1.0000500623e-04,6.0832830858e-09,6.0864029816e-09,6.0790483523e-09,8.4254328171e-09,4.4745321115e-09,1.0194522335e-08
5.1050000000e+00,1.4561706578e-01,2.2201188388e-01,9.6957702698e+00,-7.7533140369e-02,8.9246963288e-03,6.2449870936e-02,1.2875867759e+00,-2.4814520535e-01,4.9680105455e-02,-1.9283134064e-03,-9.4990874675e-04,1.6144687525e-03,9.9943834241e-01,-4.8265853666e-03,4.5692876074e-04,-3.3158633943e-02,1.5351044009e+00,-3.1001401365e-01,8.1822069567e-02,-4.4442379415e-03,1.2494522968e-03,8.1576214164e-04,9.9757402331e-01,-1.9425128149e-02,-4.9640963106e-02,-4.4771723155e-02,1.0000000000e+00,1.0000491585e-04,1.0000609172e-04,1.0000500640e-04,6.0832556220e-09,6.0864383833e-09,6.0790501675e-09,8.4277124329e-09,4.4881341665e-09,1.0210137239e-08
5.1100000000e+00,1.0212740296e-01,7.4126105082e-02,9.7121476667e+00,-8.7881632959e-02,5.6238708776e-03,5.6936562207e-02,1.2875783330e+00,-2.4814478894e-01,4.9685459204e-02,-1.7257895255e-03,-1.7577302108e-04,1.4194856307e-03,9.9944197103e-01,-5.0443730278e-03,4.7922973235e-04,-3.3016226184e-02,1.5350934092e+00,-3.1003131261e-01,8.1814951269e-02,-4.4298947008e-03,1.3302150554e-03,8.9828320416e-04,9.9757898372e-01,-1.9611119500e-02,-4.9568219447e-02,-4.4660573870e-02,1.0000000000e+00,1.0000491603e-04,1.0000609123e-04,1.0000500658e-04,6.0832696981e-09,6.0864453714e-09,6.0790479813e-09,8.4299434424e-09,4.5017279446e-09,1.0225755883e-08
5.1150000000e+00,1.0031822585e-01,-4.4575190982e-02,9.6901843383e+00,-9.2598588647e-02,3.6025275592e-03,5.3170240580e-02,1.2875700217e+00,-2.4814390447e-01,4.9691112514e-02,-1.6967608704e-03,-8.4434009034e-05,1.4803687238e-03,9.9944531973e-01,-5.2744382737e-03,4.9884178442e-04,-3.2878326185e-02,1.5350837306e+00,-3.1004326772e-01,8.1808896541e-02,-4.4241223668e-03,1.1914894309e-03,9.3243426358e-04,9.9758309926e-01,-1.9816353929e-02,-4.9499295992e-02,-4.4554370051e-02,1.0000000000e+00,1.0000491621e-04,1.0000609074e-04,1.0000500675e-04,6.0832798963e-09,6.0864286874e-09,6.0790430158e-09,8.4322040748e-09,4.5152936995e-09,1.0241387980e-08
5.1200000000e+00,8.0211674496e-02,-3.2809826499e-02,9.6971020087e+00,-9.2953914187e-02,6.2005167157e-03,5.4769914817e-02,1.2875615648e+00,-2.4814448188e-01,4.9697159043e-02,-1.7260347896e-03,-4.0074090161e-04,1.5656037218e-03,9.9944857640e-01,-5.5060936055e-03,5.1847450248e-04,-3.2740758155e-02,1.5350738749e+00,-3.1005759725e-01,8.1802769019e-02,-4.4750282433e-03,9.7911539598e-04,1.0063250697e-03,9.9758766528e-01,-2.0019329177e-02,-4.9423314005e-02,-4.4445613591e-02,1.0000000000e+00,1.0000491639e-04,1.0000609025e-04,1.0000500693e-04,6.0832935861e-09,6.0864204884e-09,6.0790428332e-09,8.4344783856e-09,4.5288227706e-09,1.0257065041e-08
5.1250000000e+00,2.1430447912e-01,3.6553385371e-02,9.6925109364e+00,-9.1427185415e-02,3.3680857804e-03,5.5754157816e-02,1.2875530529e+00,-2.4814755205e-01,4.9703180616e-02,-1.7393150058e-03,-9.3588459517e-04,1.5711431642e-03,9.9945178569e-01,-5.7314826276e-03,5.3950170261e-04,-3.2603483276e-02,1.5350609619e+00,-3.1007854158e-01,8.1797212726e-02,-4.2264613774e-03,6.8954674664e-04,1.0512369625e-03,9.9759170234e-01,-2.0210037956e-02,-4.9359405791e-02,-4.4339585662e-02,1.0000000000e+00,1.0000491657e-04,1.0000608974e-04,1.0000500710e-04,6.0833068666e-09,6.0864901412e-09,6.0790390129e-09,8.4366188788e-09,4.5423208518e-09,1.0272568404e-08
5.1300000000e+00,1.7131239062e-01,-4.0842909641e-02,9.5862302397e+00,-9.2739730702e-02,8.5273495540e-03,4.7166798738e-02,1.2875452600e+00,-2.4814971938e-01,4.9712957128e-02,-1.5907997605e-03,-6.7655473310e-04,2.3207743330e-03,9.9945413589e-01,-5.9613285702e-03,5.6518648658e-04,-3.2489588809e-02,1.5350510004e+00,-3.1009400530e-01,8.1794958005e-02,-4.1130838125e-03,5.8833365581e-04,1.3142136033e-03,9.9759543671e-01,-2.0413626102e-02,-4.9281347391e-02,-4.4249037536e-02,1.0000000000e+00,1.0000491675e-04,1.0000608926e-04,1.0000500728e-04,6.0832659874e-09,6.0863973420e-09,6.0790365409e-09,8.4389441729e-09,4.5558625989e-09,1.0288120675e-08
5.1350000000e+00,1.6161225893e-01,-1.2101597743e-01,9.5289633516e+00,-9.0491114984e-02,9.5987475474e-03,4.3740542138e-02,1.2875367517e+00,-2.4815389126e-01,4.9724075222e-02,-1.7360144782e-03,-1.0694933483e-03,2.5978394889e-03,9.9945634900e-01,-6.1879692405e-03,5.9661715997e-04,-3.2378380511e-02,1.5350413753e+00,-3.1010892673e-01,8.1795052821e-02,-4.1759964997e-03,1.5743537117e-04,1.4778763960e-03,9.9759894820e-01,-2.0612508052e-02,-4.9202344134e-02,-4.4165511320e-02,1.0000000000e+00,1.0000491694e-04,1.0000608878e-04,1.0000500745e-04,6.0832331066e-09,6.0863055796e-09,6.0790337170e-09,8.4414772286e-09,4.5694248521e-09,1.0303717373e-08
5.1400000000e+00,1.9295948927e-01,-9.1061899581e-02,9.5970179075e+00,-8.5728716132e-02,1.2011545139e-02,4.3556873654e-02,1.2875277997e+00,-2.4816252760e-01,4.9734107213e-02,-1.8300746586e-03,-1.9940057165e-03,2.3944794191e-03,9.9945870831e-01,-6.4014535667e-03,6.3284208887e-04,-3.2263156792e-02,1.5350299723e+00,-3.1013090431e-01,8.1794307886e-02,-4.2013557715e-03,-5.0761403077e-04,1.5551131118e-03,9.9760282393e-01,-2.0791071179e-02,-4.9119539087e-02,-4.4086368833e-02,1.0000000000e+00,1.0000491712e-04,1.0000608829e-04,1.0000500763e-04,6.0832638614e-09,6.0863526409e-09,6.0790325711e-09,8.4439139070e-09,4.5829282124e-09,1.0319274370e-08
5.1450000000e+00,3.2707747595e-01,-1.7164256183e-01,9.6785318516e+00,-8.2228469912e-02,1.3032777601e-02,4.5612998545e-02,1.2875195695e+00,-2.4817508585e-01,4.9741684378e-02,-1.6929476796e-03,-2.8285349693e-03,1.9190798238e-03,9.9946116806e-01,-6.6006461947e-03,6.7327843808e-04,-3.2145788342e-02,1.5350177366e+00,-3.1015464067e-01,8.1792861455e-02,-3.8936807436e-03,-1.4415551692e-03,1.4874057357e-03,9.9760703875e-01,-2.0963700948e-02,-4.9037564999e-02,-4.4000416959e-02,1.0000000000e+00,1.0000491729e-04,1.0000608777e-04,1.0000500780e-04,6.0833434102e-09,6.0865237240e-09,6.0790255113e-09,8.4459830788e-09,4.5963245371e-09,1.0334579609e-08
5.1500000000e+00,2.7607648959e-01,-9.1581599941e-02,9.4936394111e+00,-6.2453214719e-02,1.7954833754e-02,3.7237324500e-02,1.2875161101e+00,-2.4819059717e-01,4.9756742634e-02,-7.3289891946e-04,-3.3184339236e-03,3.4237262650e-03,9.9946317652e-01,-6.7543498452e-03,7.2940052459e-04,-3.2050046941e-02,1.5350090085e+00,-3.1018235716e-01,8.1794786830e-02,-3.2358901589e-03,-1.9510815399e-03,1.9993418375e-03,9.9761225371e-01,-2.1086372067e-02,-4.8939656364e-02,-4.3932518570e-02,1.0000000000e+00,1.0000491748e-04,1.0000608727e-04,1.0000500798e-04,6.0832711797e-09,6.0863938082e-09,6.0790257202e-09,8.4482728730e-09,4.6097974362e-09,1.0350016439e-08
5.1550000000e+00,2.4046360238e-01,2.1298618434e-03,9.4311476755e+00,-5.1830614019e-02,2.6577898925e-02,3.7120301614e-02,1.2875123720e+00,-2.4821079734e-01,4.9773187858e-02,-7.9433788573e-04,-4.2665999062e-03,3.7226286051e-03,9.9946534564e-01,-6.8801309316e-03,7.9837679244e-04,-3.1953861506e-02,1.5350004543e+00,-3.1022016240e-01,8.1799628043e-02,-3.0528374925e-03,-2.5404643159e-03,2.2462042856e-03,9.9761874389e-01,-2.1169353927e-02,-4.8826270539e-02,-4.3871352931e-02,1.0000000000e+00,1.0000491766e-04,1.0000608680e-04,1.0000500816e-04,6.0832069409e-09,6.0862695181e-09,6.0790294436e-09,8.4508736428e-09,4.6233282632e-09,1.0365539834e-08
5.1600000000e+00,2.3023616869e-01,4.4830178621e-02,9.5643726015e+00,-4.4719901369e-02,2.9097171161e-02,4.0612177866e-02,1.2875083576e+00,-2.4823603938e-01,4.9786491758e-02,-8.6126387230e-04,-5.3470051677e-03,3.1196047930e-03,9.9946773037e-01,-6.9878707979e-03,8.7563280356e-04,-3.1853710668e-02,1.5349911800e+00,-3.1026660609e-01,8.1802445789e-02,-3.0549219707e-03,-3.3288988735e-03,2.2311742852e-03,9.9762615126e-01,-2.1225452726e-02,-4.8709039537e-02,-4.3806071926e-02,1.0000000000e+00,1.0000491784e-04,1.0000608632e-04,1.0000500834e-04,6.0832579968e-09,6.0863413076e-09,6.0790336891e-09,8.4533323807e-09,4.6367800224e-09,1.0381067831e-08
5.1650000000e+00,4.3100782747e-01,3.1853683053e-03,9.9135215634e+00,-4.0019346912e-02,3.2125423589e-02,3.9942009140e-02,1.2875058096e+00,-2.4826562844e-01,4.9794028612e-02,-5.8386221418e-04,-6.3101414888e-03,1.9899590631e-03,9.9947014825e-01,-7.0834536143e-03,9.5781358193e-04,-3.1754212748e-02,1.5349804283e+00,-3.1031759392e-01,8.1800276483e-02,-2.5652204634e-03,-4.3047589993e-03,2.2614937708e-03,9.9763384542e-01,-2.1268759678e-02,-4.8588969947e-02,-4.3743140412e-02,1.0000000000e+00,1.0000491802e-04,1.0000608575e-04,1.0000500851e-04,6.0834936108e-09,6.0868131971e-09,6.0790285535e-09,8.4547797353e-09,4.6499354003e-09,1.0396154056e-08
5.1700000000e+00,1.7143513757e-02,-7.1856657666e-02,1.0047823285e+01,-2.9839104340e-02,4.5283005754e-02,2.7184572104e-02,1.2875282942e+00,-2.4829077956e-01,4.9802615016e-02,4.4489433484e-03,-5.2509548550e-03,2.1729562052e-03,9.9947171844e-01,-7.1517271904e-03,1.0733879151e-03,-3.1685717320e-02,1.5349926921e+00,-3.1035122544e-01,8.1789862912e-02,-1.4841547716e-04,-4.1049542510e-03,2.5722827807e-03,9.9764490696e-01,-2.1319492397e-02,-4.8387984254e-02,-4.3688921361e-02,1.0000000000e+00,1.0000491820e-04,1.0000608525e-04,1.0000500869e-04,6.0836523171e-09,6.0868962543e-09,6.0790406139e-09,8.4556590983e-09,4.6629055619e-09,1.0411980988e-08
5.1750000000e+00,-1.4382725383e-01,-1.1832036632e-01,1.0129324169e+01,-2.7355540282e-02,6.0207392085e-02,2.7513610989e-02,1.2875599942e+00,-2.4831933447e-01,4.9810912103e-02,6.2968117056e-03,-5.9014867783e-03,2.1147154116e-03,9.9947332445e-01,-7.2129147271e-03,1.2241510228e-03,-3.1615645429e-02,1.5350168874e+00,-3.1038800573e-01,8.1778585016e-02,1.5944856459e-03,-4.4773720612e-03,2.7908754700e-03,9.9765805077e-01,-2.1354302803e-02,-4.8147825856e-02,-4.3637075327e-02,1.0000000000e+00,1.0000491838e-04,1.0000608479e-04,1.0000500886e-04,6.0837642321e-09,6.0869255645e-09,6.0790544784e-09,8.4565147415e-09,4.6756991764e-09,1.0428134288e-08
5.1800000000e+00,-2.7558424518e-01,-6.1782450744e-02,1.0189688544e+01,-2.5965269327e-02,7.1180938012e-02,3.1525197773e-02,1.2875950069e+00,-2.4835425168e-01,4.9816902558e-02,6.9517446261e-03,-7.2145000684e-03,1.6644215979e-03,9.9947517754e-01,-7.2716634828e-03,1.4028554216e-03,-3.1536080708e-02,1.5350467598e+00,-3.1043603089e-01,8.1766241953e-02,2.4278704329e-03,-5.2839554812e-03,2.6921023188e-03,9.9767277765e-01,-2.1368274596e-02,-4.7884228396e-02,-4.3583554683e-02,1.0000000000e+00,1.0000491856e-04,1.0000608434e-04,1.0000500904e-04,6.0838388038e-09,6.0869319281e-09,6.0790709831e-09,8.4574487353e-09,4.6883591115e-09,1.0444528077e-08
5.1850000000e+00,5.4196401662e-01,-1.2172767360e-01,1.1799239791e+01,-2.4144315328e-02,7.7941094595e-02,3.3238759157e-02,1.2876309437e+00,-2.4839575124e-01,4.9818214995e-02,7.1187679732e-03,-8.5918508509e-03,7.4514730208e-04,9.9947716719e-01,-7.3231092340e-03,1.5965816228e-03,-3.1451792830e-02,1.5350696193e+00,-3.1049579826e-01,8.1740444003e-02,4.1483586493e-03,-6.5440614225e-03,5.3943411111e-03,9.9768699681e-01,-2.1365081334e-02,-4.7632390859e-02,-4.3535560579e-02,1.0000000000e+00,1.0000491872e-04,1.0000608352e-04,1.0000500918e-04,6.0849246839e-09,6.0890508961e-09,6.0790400466e-09,8.4539144879e-09,4.6996885946e-09,1.0458996959e-08
5.1900000000e+00,-7.6336048057e-01,-2.2168626532e-01,1.1655975402e+01,-4.0662025352e-02,1.2948608142e-01,3.6530009768e-02,1.2877301699e+00,-2.4843443054e-01,4.9828839232e-02,1.9841673415e-02,-7.8229177164e-03,2.5370693805e-03,9.9947870681e-01,-7.4134087089e-03,1.9238294348e-03,-3.1363272804e-02,1.5351504364e+00,-3.1052814016e-01,8.1702813179e-02,1.0050599450e-02,-6.5592277603e-03,7.0254596035e-03,9.9771408153e-01,-2.1450813811e-02,-4.7105747090e-02,-4.3445629281e-02,1.0000000000e+00,1.0000491888e-04,1.0000608297e-04,1.0000500934e-04,6.0852107187e-09,6.0889910460e-09,6.0791064824e-09,8.4495032889e-09,4.7106320684e-09,1.0475890556e-08
5.1950000000e+00,-1.3738792001e+00,-3.1238972810e-01,1.1406896671e+01,-5.2142153096e-02,1.6985368385e-01,4.4004375971e-02,1.2878504755e+00,-2.4847578237e-01,4.9846604995e-02,2.4095323293e-02,-8.2886727061e-03,3.9630195043e-03,9.9948017432e-01,-7.5319937512e-03,2.3531947967e-03,-3.1258801839e-02,1.5352639564e+00,-3.1055941696e-01,8.1674703160e-02,1.3817074270e-02,-6.9445496012e-03,7.9429271235e-03,9.9774623316e-01,-2.1560666557e-02,-4.6470512086e-02,-4.3336859264e-02,1.0000000000e+00,1.0000491907e-04,1.0000608260e-04,1.0000500950e-04,6.0851358865e-09,6.0884249500e-09,6.0792051326e-09,8.4466606735e-09,4.7215411975e-09,1.0494017714e-08
5.2000000000e+00,-1.6161318028e+00,-3.4267239818e-01,1.1141412249e+01,-5.7732051329e-02,1.8984540798e-01,4.7080828116e-02,1.2879698429e+00,-2.4852177632e-01,4.9866373263e-02,2.3929959619e-02,-9.2001039549e-03,4.3949229567e-03,9.9948161495e-01,-7.6582284006e-03,2.8348655851e-03,-3.1141876253e-02,1.5353882201e+00,-3.1059725803e-01,8.1658463848e-02,1.4790144637e-02,-7.6907747521e-03,8.0109083765e-03,9.9777902074e-01,-2.1673229346e-02,-4.5813242975e-02,-4.3225497846e-02,1.0000000000e+00,1.0000491927e-04,1.0000608233e-04,1.0000500967e-04,6.0849308166e-09,6.0878662328e-09,6.0792817986e-09,8.4455862534e-09,4.7325900972e-09,1.0512580772e-08
5.2050000000e+00,1.1481252664e+00,-1.3846935284e+00,1.5764792946e+01,-4.9771797036e-02,1.9255120456e-01,4.9167440308e-02,1.2880770378e+00,-2.4857205252e-01,4.9882576919e-02,2.1508012421e-02,-1.0051716761e-02,3.7292253515e-03,9.9948294899e-01,-7.7699850775e-03,3.3171796599e-03,-3.1023512495e-02,1.5354862982e+00,-3.1061841599e-01,8.1620119921e-02,1.8105380079e-02,-1.0556831679e-02,1.7240847058e-02,9.9780675458e-01,-2.1804552710e-02,-4.5263941145e-02,-4.3097768170e-02,1.0000000000e+00,1.0000491933e-04,1.0000608079e-04,1.0000500975e-04,6.0886474619e-09,6.0946648551e-09,6.0790834064e-09,8.4298153317e-09,4.7392973154e-09,1.0524381381e-08
5.2100000000e+00,-1.0423714179e+00,-4.0323601389e-01,1.4292220226e+01,-7.7179936662e-02,3.1346750761e-01,1.5677365256e-02,1.2882870904e+00,-2.4862787155e-01,4.9974974038e-02,4.2234390984e-02,-1.1034011228e-02,1.8985122275e-02,9.9947969679e-01,-7.9392262462e-03,4.1074612968e-03,-3.0990855924e-02,1.5356733192e+00,-3.1063998183e-01,8.1597380470e-02,2.8229686364e-02,-1.0132565495e-02,2.6794253423e-02,9.9785659374e-01,-2.1994326434e-02,-4.4124196455e-02,-4.3029329783e-02,1.0000000000e+00,1.0000491947e-04,1.0000607984e-04,1.0000500986e-04,6.0886775593e-09,6.0941924195e-09,6.0791721081e-09,8.4131213377e-09,4.7458063813e-09,1.0540854021e-08
5.2150000000e+00,-1.6544460505e+00,-1.1523144166e-01,1.3146121740e+01,-9.2014110065e-02,4.0745727469e-01,1.1503258695e-02,1.2885352272e+00,-2.4865953615e-01,5.0131841646e-02,4.9964180847e-02,-6.3099198913e-03,3.1956176392e-02,9.9947400002e-01,-8.1392281342e-03,5.1359366059e-03,-3.0969313892e-02,1.5359121700e+00,-3.1064572916e-01,8.1646294037e-02,3.6012019051e-02,-6.5278581439e-03,3.6069863631e-02,9.9791253189e-01,-2.2252957600e-02,-4.2758376807e-02,-4.2977968618e-02,1.0000000000e+00,1.0000491965e-04,1.0000607925e-04,1.0000500999e-04,6.0876959526e-09,6.0922201165e-09,6.0792905242e-09,8.4013197985e-09,4.7535129170e-09,1.0559236840e-08
5.2200000000e+00,-1.5518516341e+00,1.1162723769e-01,1.2294442907e+01,-1.1171834456e-01,4.8195601685e-01,1.3063830374e-02,1.2887886978e+00,-2.4866204956e-01,5.0347494005e-02,5.1057937598e-02,-5.9343369150e-04,4.3808017233e-02,9.9946582049e-01,-8.3811740782e-03,6.3501620821e-03,-3.0943578269e-02,1.5361675414e+00,-3.1064186144e-01,8.1771681676e-02,4.0167737209e-02,-1.2839708150e-03,4.5262209875e-02,9.9796911682e-01,-2.2549180769e-02,-4.1286786893e-02,-4.2948545472e-02,1.0000000000e+00,1.0000491984e-04,1.0000607881e-04,1.0000501012e-04,6.0866917166e-09,6.0905720089e-09,6.0793228392e-09,8.3939099903e-09,4.7624953560e-09,1.0577726683e-08
5.2250000000e+00,2.0881354164e+00,-1.7715507775e+00,1.7615174735e+01,-1.3809246173e-01,5.4403165906e-01,5.0841146408e-03,1.2890344225e+00,-2.4863574257e-01,5.0618581403e-02,4.9464498240e-02,5.1361602088e-03,5.4979925394e-02,9.9945371003e-01,-8.6854316606e-03,7.7204328870e-03,-3.0939290680e-02,1.5364165270e+00,-3.1051552622e-01,8.1942889881e-02,4.6809898436e-02,5.1944109509e-04,6.6809065387e-02,9.9802043839e-01,-2.3075210663e-02,-3.9841462999e-02,-4.2841534006e-02,1.0000000000e+00,1.0000491984e-04,1.0000607659e-04,1.0000501015e-04,6.0913403859e-09,6.0995786192e-09,6.0790405194e-09,8.3675141798e-09,4.7660709971e-09,1.0585395040e-08
5.2300000000e+00,1.5745549127e+00,-1.5821351843e+00,1.6017091669e+01,-1.1408832697e-01,7.9191325573e-01,8.5133719044e-02,1.2893803111e+00,-2.4865098653e-01,5.1070442019e-02,6.9523809080e-02,-3.4341092187e-03,9.1341645418e-02,9.9944049946e-01,-8.9122605437e-03,9.7101033766e-03,-3.0740421931e-02,1.5367215629e+00,-3.1045603766e-01,8.2214749696e-02,6.1005385952e-02,-3.6698358439e-03,9.4142690800e-02,9.9811195694e-01,-2.3350286730e-02,-3.7584937153e-02,-4.2598803095e-02,1.0000000000e+00,1.0000491984e-04,1.0000607436e-04,1.0000501021e-04,6.0918479744e-09,6.1008594361e-09,6.0790468032e-09,8.3366149722e-09,4.7688106804e-09,1.0592443856e-08
5.2350000000e+00,1.6270606715e+00,-1.1186685820e+00,1.4515683766e+01,-1.1354402694e-01,1.0427436935e+00,1.5690671653e-01,1.2897988584e+00,-2.4870155631e-01,5.1681814111e-02,8.4080319534e-02,-1.0604287242e-02,1.2340343922e-01,9.9942114944e-01,-9.1047712925e-03,1.2326152931e-02,-3.0373263527e-02,1.5370805781e+00,-3.1047428524e-01,8.2645706409e-02,7.5955989230e-02,-8.9198162409e-03,1.2138475883e-01,9.9822642086e-01,-2.3508360743e-02,-3.4726469168e-02,-4.2254491037e-02,1.0000000000e+00,1.0000491988e-04,1.0000607234e-04,1.0000501028e-04,6.0905285526e-09,6.0990996340e-09,6.0790315758e-09,8.3099875866e-09,4.7730713167e-09,1.0599611984e-08
5.2400000000e+00,1.8931663831e+00,-6.1320378320e-01,1.3131067482e+01,-1.2236916283e-01,1.2914347977e+00,2.1211431993e-01,1.2902779963e+00,-2.4877988216e-01,5.2430545050e-02,9.6203037414e-02,-1.6212086720e-02,1.5097885805e-01,9.9938947036e-01,-9.2998630947e-03,1.5564157690e-02,-2.9865633518e-02,1.5374890962e+00,-3.1056185307e-01,8.3238838545e-02,9.0129909224e-02,-1.3581419938e-02,1.4611218659e-01,9.9835392193e-01,-2.3607085251e-02,-3.1323885446e-02,-4.1844549225e-02,1.0000000000e+00,1.0000491995e-04,1.0000607054e-04,1.0000501038e-04,6.0887463630e-09,6.0967040066e-09,6.0790268054e-09,8.2895158687e-09,4.7794411723e-09,1.0606817488e-08
5.2450000000e+00,3.8533312283e+00,-4.2849700312e+00,1.4818560509e+01,-1.4670469902e-01,1.5334111934e+00,2.5961029058e-01,1.2908138914e+00,-2.4887592214e-01,5.3294548890e-02,1.0752872106e-01,-1.9790764392e-02,1.7408227697e-01,9.9933821904e-01,-9.5409685691e-03,1.9412188270e-02,-2.9244842684e-02,1.5379958073e+00,-3.1045265966e-01,8.3982047554e-02,1.0575642925e-01,-2.4862557683e-02,1.7371014482e-01,9.9848846039e-01,-2.4119552568e-02,-2.7405500325e-02,-4.1085036181e-02,1.0000000000e+00,1.0000491983e-04,1.0000606755e-04,1.0000501044e-04,6.0910292593e-09,6.1003516216e-09,6.0796149250e-09,8.2611342572e-09,4.7839302967e-09,1.0603085085e-08
5.2500000000e+00,2.4246290737e+00,-1.9961055904e+00,1.3337237458e+01,-1.8315173885e-02,1.8764854761e+00,2.9794826449e-01,1.2914851664e+00,-2.4906613108e-01,5.4285640377e-02,1.3455148870e-01,-3.8756199607e-02,1.9974265067e-01,9.9925742476e-01,-9.4296627613e-03,2.4106301362e-02,-2.8540615904e-02,1.5385797869e+00,-3.1057616673e-01,8.4819808853e-02,1.2630541616e-01,-3.6273314141e-02,1.9682717733e-01,9.9864266933e-01,-2.3953916523e-02,-2.2487947328e-02,-4.0414367401e-02,1.0000000000e+00,1.0000491984e-04,1.0000606521e-04,1.0000501055e-04,6.0895445873e-09,6.0980891273e-09,6.0793915696e-09,8.2369135240e-09,4.7896112531e-09,1.0604782448e-08
5.2550000000e+00,3.8743321480e+00,-4.1526427525e+00,9.9881157156e+00,3.8255245647e-02,2.1847694162e+00,3.4370291794e-01,1.2922474150e+00,-2.4930222353e-01,5.5379381121e-02,1.5267141032e-01,-4.8033237334e-02,2.2046337096e-01,9.9913600808e-01,-9.1480711044e-03,2.9566661117e-02,-2.7737388122e-02,1.5392796986e+00,-3.1059332576e-01,8.5852107241e-02,1.4839956076e-01,-5.1137011647e-02,2.1223694243e-01,9.9879097796e-01,-2.3913004199e-02,-1.6948238258e-02,-3.9465273186e-02,1.0000000000e+00,1.0000491981e-04,1.0000606294e-04,1.0000501067e-04,6.0875909286e-09,6.0941397791e-09,6.0800393878e-09,8.2217621240e-09,4.7986756158e-09,1.0602647917e-08
5.2600000000e+00,2.9147385976e+01,2.4993492719e+00,-7.9950136782e+01,2.4850674376e-01,2.5196043204e+00,3.6248802638e-01,1.2931127941e+00,-2.4962059121e-01,5.6521852589e-02,1.7314176975e-01,-6.4476409725e-02,2.3029931373e-01,9.9896042101e-01,-8.3143086057e-03,3.5848505131e-02,-2.6904167107e-02,1.5400216964e+00,-3.1084901082e-01,8.6913291953e-02,3.0737334722e-01,-6.9694668307e-02,-2.3124807032e-01,9.9892793702e-01,-2.3058772097e-02,-1.0659387512e-02,-3.8699446105e-02,0.0000000000e+00,1.0000492032e-04,1.0000606419e-04,1.0000501108e-04,1.6105763670e-08,1.6337218091e-08,1.5637680916e-08,8.2404199240e-09,4.8173334158e-09,1.0621305717e-08
5.2650000000e+00,-1.5218684253e+01,-6.2295935616e-01,4.1030850567e+01,-4.1397910208e-02,7.1370483019e+00,3.9752393007e-01,1.2942895829e+00,-2.4994386397e-01,5.6428417284e-02,2.3074451792e-01,-6.5185455500e-02,-1.6648254183e-02,9.9818749438e-01,-7.8845864471e-03,5.3676804340e-02,-2.6045345582e-02,1.5415560177e+00,-3.1121913403e-01,8.6065010607e-02,2.2978600086e-01,-6.2952361671e-02,-3.3913261529e-02,9.9899254920e-01,-2.2623464400e-02,6.8069479826e-03,-3.8154042608e-02,1.0000000000e+00,1.0000492039e-04,1.0000606303e-04,1.0000501179e-04,7.1461727115e-09,7.1501190353e-09,7.1399894560e-09,8.2397335826e-09,4.8168817289e-09,1.0634353768e-08
5.2700000000e+00,-1.2855351673e+01,-6.3663378426e-02,3.4204262277e+01,2.5754874358e-02,5.9239549604e+00,3.9846807196e-01,1.2953124744e+00,-2.5025616881e-01,5.6801482701e-02,2.0172272555e-01,-6.3251607405e-02,7.6924369971e-02,9.9730944263e-01,-7.3615293552e-03,6.8458885864e-02,-2.5160772446e-02,1.5428006396e+00,-3.1159961233e-01,8.5785304049e-02,1.8917166160e-01,-5.8544904569e-02,8.1347158152e-02,9.9881687592e-01,-2.1829683378e-02,2.1958747737e-02,-3.7498356026e-02,1.0000000000e+00,1.0000492053e-04,1.0000606195e-04,1.0000501219e-04,6.2462621170e-09,6.2506787791e-09,6.2361261951e-09,8.2250642665e-09,4.8200154447e-09,1.0655189623e-08
5.2750000000e+00,-1.0182760033e+01,2.9291662740e-01,2.8381924751e+01,6.9987974016e-02,4.9674673547e+00,3.9311383028e-01,1.2962091780e+00,-2.5055488961e-01,5.7556310667e-02,1.7766907440e-01,-6.0636861158e-02,1.5343982067e-01,9.9640837865e-01,-6.7901422270e-03,8.0838599981e-02,-2.4276690127e-02,1.5438227367e+00,-3.1197951493e-01,8.6033913849e-02,1.6500939093e-01,-5.5464751760e-02,1.6226166096e-01,9.9849632501e-01,-2.0916994325e-02,3.4822289250e-02,-3.6810005017e-02,1.0000000000e+00,1.0000492066e-04,1.0000606058e-04,1.0000501215e-04,6.1292422848e-09,6.1395303345e-09,6.1053861364e-09,8.1711623549e-09,4.8029756059e-09,1.0676440819e-08
5.2800000000e+00,-7.6064961149e+00,4.3763747953e-01,2.3421181575e+01,9.7604396547e-02,4.2230540846e+00,3.8231198675e-01,1.2970129692e+00,-2.5083990258e-01,5.8613916688e-02,1.5986090648e-01,-5.7890170821e-02,2.1406254684e-01,9.9552382367e-01,-6.1954005673e-03,9.1356910535e-02,-2.3406161941e-02,1.5446932302e+00,-3.1234713246e-01,8.6722609083e-02,1.5042823271e-01,-5.3206877755e-02,2.2127014328e-01,9.9810115418e-01,-2.0005306501e-02,4.5708181252e-02,-3.6119744066e-02,1.0000000000e+00,1.0000492078e-04,1.0000605913e-04,1.0000501201e-04,6.1097416938e-09,6.1206689041e-09,6.0847550380e-09,8.1144545664e-09,4.7860225141e-09,1.0695409476e-08
5.2850000000e+00,-3.8418265530e+00,8.9614499208e-02,2.3605158143e+01,1.1799461921e-01,3.6619026676e+00,3.7309420535e-01,1.2977565923e+00,-2.5111203656e-01,5.9903050982e-02,1.4830771727e-01,-5.5247405819e-02,2.6035591526e-01,9.9466915639e-01,-5.5904977512e-03,1.0046527905e-01,-2.2555340189e-02,1.5454403033e+00,-3.1269265758e-01,8.7749326438e-02,1.4596307531e-01,-5.2046116327e-02,2.7251434343e-01,9.9768044138e-01,-1.9157771949e-02,5.4872036117e-02,-3.5436934374e-02,1.0000000000e+00,1.0000492077e-04,1.0000605634e-04,1.0000501183e-04,6.1069052522e-09,6.1206174580e-09,6.0802614732e-09,8.0496144286e-09,4.7703069705e-09,1.0703742910e-08
5.2900000000e+00,-3.8249350103e+00,6.9449239857e-01,1.9397767528e+01,2.2142998119e-01,3.3716389421e+00,3.0145179247e-01,1.2985898277e+00,-2.5136889893e-01,6.1402365596e-02,1.6656540737e-01,-5.2216483703e-02,3.0282058183e-01,9.9380696454e-01,-4.7664613602e-03,1.0883607307e-01,-2.1902220761e-02,1.5462294902e+00,-3.1301460666e-01,8.8982726564e-02,1.5541836112e-01,-4.8959824366e-02,3.1023836913e-01,9.9719361336e-01,-1.8128622321e-02,6.3689881460e-02,-3.4926344400e-02,1.0000000000e+00,1.0000492082e-04,1.0000605412e-04,1.0000501175e-04,6.1009529929e-09,6.1127654701e-09,6.0795060308e-09,7.9961257783e-09,4.7618923234e-09,1.0715033008e-08
5.2950000000e+00,-2.9955496445e+00,8.2654896520e-01,1.5856396484e+01,2.7665469385e-01,3.1891091998e+00,2.4505190561e-01,1.2994741671e+00,-2.5160502094e-01,6.3061799256e-02,1.7698816379e-01,-4.7983831808e-02,3.3513180588e-01,9.9292471837e-01,-3.8274372755e-03,1.1673856880e-01,-2.1400021475e-02,1.5470587003e+00,-3.1331304721e-01,9.0447042049e-02,1.6685670433e-01,-4.5355567173e-02,3.3762940155e-01,9.9666329173e-01,-1.7013363458e-02,7.1963895895e-02,-3.4554682357e-02,1.0000000000e+00,1.0000492091e-04,1.0000605249e-04,1.0000501176e-04,6.0948620956e-09,6.1039658063e-09,6.0792838599e-09,7.9609959323e-09,4.7611380467e-09,1.0727010417e-08
5.3000000000e+00,-1.9061070349e+00,7.7886678627e-01,1.2897854334e+01,3.0692565893e-01,3.0778314239e+00,2.0474954671e-01,1.3003954804e+00,-2.5182292361e-01,6.4831943641e-02,1.8449177160e-01,-4.4191391243e-02,3.5740237842e-01,9.9201107587e-01,-2.8353573978e-03,1.2435765494e-01,-2.1003803529e-02,1.5479235900e+00,-3.1358766260e-01,9.2098230100e-02,1.7766500187e-01,-4.2135967473e-02,3.5590037222e-01,9.9609478076e-01,-1.5853771011e-02,7.9805721392e-02,-3.4276705073e-02,1.0000000000e+00,1.0000492103e-04,1.0000605126e-04,1.0000501184e-04,6.0899006509e-09,6.0968123050e-09,6.0791655803e-09,7.9415751942e-09,4.7665093908e-09,1.0738847962e-08
5.3050000000e+00,5.8046942860e-01,3.1170839045e-01,1.6740996374e+01,3.1725087168e-01,3.0169785737e+00,1.7869782209e-01,1.3013511201e+00,-2.5202680537e-01,6.6667377078e-02,1.9139213612e-01,-4.1219850743e-02,3.7045134308e-01,9.9105616177e-01,-1.8285234513e-03,1.3182129347e-01,-2.0675766376e-02,1.5488018679e+00,-3.1381908060e-01,9.3840517913e-02,1.9242368417e-01,-4.0196773582e-02,3.7769753194e-01,9.9549260512e-01,-1.4734945222e-02,8.7288201835e-02,-3.4031226364e-02,1.0000000000e+00,1.0000492102e-04,1.0000604855e-04,1.0000501187e-04,6.0912111503e-09,6.1023605409e-09,6.0792582514e-09,7.9132506316e-09,4.7698412350e-09,1.0738430315e-08
5.3100000000e+00,-3.3686042715e-01,7.6479188646e-01,1.3513596392e+01,4.0245139709e-01,3.1525835608e+00,1.1125230851e-01,1.3024844437e+00,-2.5222035665e-01,6.8602721865e-02,2.2690515924e-01,-3.9150500573e-02,3.9106272614e-01,9.8999375612e-01,-6.3041821164e-04,1.3960608117e-01,-2.0545255554e-02,1.5498134130e+00,-3.1405420824e-01,9.5665929301e-02,2.1748899834e-01,-3.7405490264e-02,3.9272625980e-01,9.9477186307e-01,-1.3383575950e-02,9.5362004442e-02,-3.3998653571e-02,1.0000000000e+00,1.0000492106e-04,1.0000604653e-04,1.0000501197e-04,6.0889668539e-09,6.0985717487e-09,6.0793087305e-09,7.8906345239e-09,4.7759155489e-09,1.0742347343e-08
5.3150000000e+00,-4.3272891294e-01,8.0604016349e-01,1.0818954319e+01,4.3443119862e-01,3.2906746729e+00,6.3039320632e-02,1.3037337931e+00,-2.5239826119e-01,7.0601335493e-02,2.5004427216e-01,-3.5919094849e-02,4.0412600649e-01,9.8881465863e-01,6.3987319881e-04,1.4772688963e-01,-2.0540874618e-02,1.5509474751e+00,-3.1427647851e-01,9.7599494836e-02,2.4061100160e-01,-3.4444347715e-02,4.0134675128e-01,9.9395075274e-01,-1.1950357488e-02,1.0371290835e-01,-3.4098720436e-02,1.0000000000e+00,1.0000492117e-04,1.0000604521e-04,1.0000501212e-04,6.0861315584e-09,6.0931461627e-09,6.0792755492e-09,7.8794333561e-09,4.7855592509e-09,1.0750179590e-08
5.3200000000e+00,-1.4529907430e-01,6.2055272024e-01,8.6316379101e+00,4.3768366205e-01,3.4213295675e+00,3.4404179478e-02,1.3050643227e+00,-2.5256326701e-01,7.2625854500e-02,2.6619214140e-01,-3.3182731703e-02,4.0948756536e-01,9.8751585433e-01,1.9160187550e-03,1.5615461963e-01,-2.0603424003e-02,1.5521811802e+00,-3.1447701700e-01,9.9611700015e-02,2.5947267684e-01,-3.2165117401e-02,4.0363659862e-01,9.9303019458e-01,-1.0513894766e-02,1.1227936276e-01,-3.4261280913e-02,1.0000000000e+00,1.0000492132e-04,1.0000604438e-04,1.0000501229e-04,6.0837683063e-09,6.0887381148e-09,6.0792321996e-09,7.8779947737e-09,4.7981160713e-09,1.0760546750e-08
5.3250000000e+00,-1.2584982608e+01,2.0268008129e+00,2.9246667922e+01,4.2511495035e-01,3.5286641026e+00,2.5192394205e-02,1.3064551824e+00,-2.5272078115e-01,7.4641821702e-02,2.7815579653e-01,-3.1525760229e-02,4.0776604368e-01,9.8609851778e-01,3.1630209625e-03,1.6483870226e-01,-2.0686004275e-02,1.5535789302e+00,-3.1470987028e-01,1.0130889541e-01,2.6001254923e-01,-2.5335078939e-02,4.4817654405e-01,9.9194139260e-01,-9.0451767994e-03,1.2158006954e-01,-3.4478183063e-02,1.0000000000e+00,1.0000492131e-04,1.0000604178e-04,1.0000501226e-04,6.1045636992e-09,6.1170240377e-09,6.0797272086e-09,7.8159823870e-09,4.7854088808e-09,1.0773212386e-08
5.3300000000e+00,-3.9658489132e+00,1.8472460004e+00,1.9886503074e+01,4.1411833106e-01,3.0588394044e+00,1.7491649251e-02,1.3078598293e+00,-2.5283482354e-01,7.6977568692e-02,2.8146486503e-01,-2.3068865390e-02,4.7256814725e-01,9.8480706972e-01,4.3521381913e-03,1.7234874014e-01,-2.0784756573e-02,1.5548997458e+00,-3.1492072942e-01,1.0343877670e-01,2.7522808768e-01,-1.9444387599e-02,4.8337826385e-01,9.9096048186e-01,-7.5907882969e-03,1.2936449366e-01,-3.4706355260e-02,1.0000000000e+00,1.0000492129e-04,1.0000603881e-04,1.0000501217e-04,6.1010215391e-09,6.1146119559e-09,6.0794314950e-09,7.7608343229e-09,4.7773520763e-09,1.0776278296e-08
5.3350000000e+00,1.6309570720e+00,1.6472524165e+00,1.4181541858e+01,4.0578824992e-01,2.7549365697e+00,1.2348373091e-02,1.3093674133e+00,-2.5291355986e-01,7.9461948212e-02,3.0224939373e-01,-1.6075805638e-02,5.0261244838e-01,9.8359294037e-01,5.5008484816e-03,1.7910358900e-01,-2.0894322698e-02,1.5562600504e+00,-3.1508275436e-01,1.0585203223e-01,3.0209583773e-01,-1.4246109922e-02,5.0181319315e-01,9.9005360784e-01,-6.2223807948e-03,1.3614581610e-01,-3.4920657773e-02,1.0000000000e+00,1.0000492126e-04,1.0000603572e-04,1.0000501217e-04,6.0920976046e-09,6.1056795592e-09,6.0798332236e-09,7.7276724843e-09,4.7793656462e-09,1.0769053098e-08
5.3400000000e+00,5.1600832288e+00,1.4141231857e+00,1.0672271117e+01,3.9818808564e-01,2.5184899312e+00,1.3271518964e-02,1.3110355624e+00,-2.5296450929e-01,8.1983536467e-02,3.3434431065e-01,-1.0491863910e-02,5.0997674054e-01,9.8244038363e-01,6.6176739045e-03,1.8527266047e-01,-2.1003339993e-02,1.5577705296e+00,-3.1515398491e-01,1.0836109820e-01,3.4176232281e-01,-8.8709397136e-03,4.9704374034e-01,9.8918364665e-01,-5.0123082239e-03,1.4234205210e-01,-3.5061805148e-02,0.0000000000e+00,1.0000492165e-04,1.0000603720e-04,1.0000501255e-04,1.5548094623e-08,1.5640878496e-08,1.5517168472e-08,7.7463302843e-09,4.7980234462e-09,1.0787710898e-08
5.3450000000e+00,-8.2941082093e+00,1.3555716896e-01,3.0702684067e+01,3.8995355679e-01,2.3040349546e+00,1.8533510120e-02,1.3129002904e+00,-2.5299436284e-01,8.4468339127e-02,3.7351837583e-01,-6.2082428882e-03,5.0229435513e-01,9.8135057470e-01,7.7063243001e-03,1.9090955681e-01,-2.1099839243e-02,1.5594793412e+00,-3.1519833961e-01,1.1084631690e-01,3.4540436447e-01,-5.2691020288e-03,6.0692893999e-01,9.8835337864e-01,-3.8393358487e-03,1.4800342603e-01,-3.5183011801e-02,0.0000000000e+00,1.0000492262e-04,1.0000604100e-04,1.0000501361e-04,2.5237509518e-08,2.5572942336e-08,2.4944685426e-08,7.7649880843e-09,4.8166812462e-09,1.0806368698e-08
5.3500000000e+00,-3.6877181522e-01,-3.5505586236e-01,1.8567638745e+01,2.8524730103e-01,1.2725996262e+00,6.0339886791e-02,1.3148749515e+00,-2.5304170156e-01,8.7240576209e-02,3.9589205033e-01,-1.0058755478e-02,5.5999694139e-01,9.8073642852e-01,8.5043647700e-03,1.9401036855e-01,-2.1064435662e-02,1.5612063631e+00,-3.1522468512e-01,1.1388096160e-01,3.7071016756e-01,-7.1718883495e-03,6.4721805450e-01,9.8788528737e-01,-3.0002430595e-03,1.5112256700e-01,-3.5151490411e-02,0.0000000000e+00,1.0000492487e-04,1.0000604852e-04,1.0000501569e-04,3.4917824608e-08,3.5555934410e-08,3.4385218588e-08,7.7836458843e-09,4.8353390462e-09,1.0825026498e-08
5.3550000000e+00,4.3304999449e+00,-6.1492197506e-01,1.1455488820e+01,2.2882188497e-01,7.0527272088e-01,8.6480180977e-02,1.3170060979e+00,-2.5311355207e-01,9.0101735966e-02,4.2715637506e-01,-1.5095182173e-02,5.7767344651e-01,9.8039221526e-01,9.1457073772e-03,1.9572543988e-01,-2.0952624678e-02,1.5630599139e+00,-3.1526054456e-01,1.1711705187e-01,4.0822359229e-01,-1.2031281049e-02,6.4641863833e-01,9.8762642673e-01,-2.3404625483e-03,1.5284466428e-01,-3.5029588374e-02,0.0000000000e+00,1.0000492881e-04,1.0000605973e-04,1.0000501936e-04,4.4514495486e-08,4.5482093929e-08,4.3844065464e-08,7.8023036843e-09,4.8539968462e-09,1.0843684298e-08
5.3600000000e+00,7.0114545078e+00,-8.3791667924e-01,7.4259992391e+00,1.9556230038e-01,3.8018653029e-01,1.0070802615e-01,1.3193202439e+00,-2.5321424913e-01,9.2932533817e-02,4.6354874101e-01,-2.0866916615e-02,5.7127102101e-01,9.8020596006e-01,9.6969314027e-03,1.9664647180e-01,-2.0794482572e-02,1.5651010319e+00,-3.1532070096e-01,1.2034914507e-01,4.5248584823e-01,-1.8887253898e-02,6.2224935215e-01,9.8749052128e-01,-1.7858288536e-03,1.5376674069e-01,-3.4857863685e-02,0.0000000000e+00,1.0000493488e-04,1.0000607477e-04,1.0000502516e-04,5.4039836566e-08,5.5364622916e-08,5.3326231005e-08,7.8209614843e-09,4.8726546462e-09,1.0862342098e-08
5.3650000000e+00,4.3459586199e+00,-3.4983189297e+00,1.6434038112e+01,1.7484678208e-01,1.7837918606e-01,1.1177116144e-01,1.3218309840e+00,-2.5334664187e-01,9.5661031958e-02,5.0259393872e-01,-2.7138524664e-02,5.5036713903e-01,9.8011990979e-01,1.0190635564e-02,1.9706983132e-01,-2.0605702346e-02,1.5673634611e+00,-3.1541513723e-01,1.2346039183e-01,4.9690488839e-01,-3.8435170304e-02,6.4513618447e-01,9.8743223911e-01,-1.2956681126e-03,1.5419233611e-01,-3.4649933574e-02,0.0000000000e+00,1.0000494352e-04,1.0000609396e-04,1.0000503359e-04,6.3797979628e-08,6.5734943566e-08,6.2826885615e-08,7.8396192843e-09,4.8913124462e-09,1.0880999898e-08
5.3700000000e+00,7.2981670515e+00,-3.4166220060e+00,8.5920668761e+00,1.1061536119e-01,-7.1980578284e-01,1.6516980203e-01,1.3245488882e+00,-2.5357635808e-01,9.8387505277e-02,5.4374041422e-01,-4.6779200430e-02,5.4954104865e-01,9.8047901605e-01,1.0508051953e-02,1.9529329669e-01,-2.0273337241e-02,1.5698479856e+00,-3.1560731308e-01,1.2668607275e-01,5.4349645258e-01,-5.8337938834e-02,6.2612133033e-01,9.8772265567e-01,-1.0212863420e-03,1.5240612284e-01,-3.4282446966e-02,0.0000000000e+00,1.0000495543e-04,1.0000611860e-04,1.0000504516e-04,7.3398911966e-08,7.5865479816e-08,7.2355902837e-08,7.8582770843e-09,4.9099702462e-09,1.0899657698e-08
5.3750000000e+00,8.4823383739e+00,-3.2830190098e+00,4.3441351377e+00,6.3276349917e-02,-1.2060785874e+00,1.9762510003e-01,1.3274652705e+00,-2.5389835693e-01,1.0100266145e-01,5.8309836352e-01,-6.5252588510e-02,5.2683962607e-01,9.8107134341e-01,1.0700412784e-02,1.9232878585e-01,-1.9853423710e-02,1.5725654678e+00,-3.1589900278e-01,1.2981667940e-01,5.8927259972e-01,-7.7783022162e-02,5.8522165503e-01,9.8819466577e-01,-8.9310317599e-04,1.4942231774e-01,-3.3815320151e-02,0.0000000000e+00,1.0000497101e-04,1.0000614859e-04,1.0000506037e-04,8.2902398294e-08,8.5835944745e-08,8.1907576245e-08,7.8769348843e-09,4.9286280462e-09,1.0918315498e-08
5.3800000000e+00,8.7334817338e+00,-3.1687798326e+00,2.0830841545e+00,2.6183289838e-02,-1.4643355068e+00,2.1266044347e-01,1.3305686853e+00,-2.5430780429e-01,1.0344950567e-01,6.2021419487e-01,-8.2672014318e-02,4.9275296126e-01,9.8177856492e-01,1.0796095926e-02,1.8872915945e-01,-1.9380354991e-02,1.5755118308e+00,-3.1628791789e-01,1.3274278768e-01,6.3291203814e-01,-9.6607576110e-02,5.3341696936e-01,9.8875294837e-01,-8.7276353535e-04,1.4580194329e-01,-3.3296226515e-02,0.0000000000e+00,1.0000499068e-04,1.0000618403e-04,1.0000507968e-04,9.2356524250e-08,9.5714806737e-08,9.1476227211e-08,7.8955926843e-09,4.9472858462e-09,1.0936973298e-08
5.3850000000e+00,1.8830752772e+01,-6.1151255258e+00,-1.8691832166e+00,-4.8764428029e-03,-1.5985939057e+00,2.2239778842e-01,1.3338464955e+00,-2.5480020456e-01,1.0570108359e-01,6.5486936323e-01,-9.9149550422e-02,4.5331605419e-01,9.8253620585e-01,1.0811317695e-02,1.8479570405e-01,-1.8875046141e-02,1.5786763910e+00,-3.1677095577e-01,1.3540987252e-01,7.1815333534e-01,-1.3326412431e-01,4.4862672416e-01,9.8934609485e-01,-9.3681303738e-04,1.4185012217e-01,-3.2740950325e-02,0.0000000000e+00,1.0000501488e-04,1.0000622518e-04,1.0000510357e-04,1.0170713168e-07,1.0580133922e-07,1.0124650738e-07,7.9142504843e-09,4.9659436462e-09,1.0955631098e-08
5.3900000000e+00,1.5390309659e+01,-5.4718096157e+00,-3.2923667240e+00,-9.2360034928e-03,-2.3833477680e+00,2.5682301294e-01,1.3374328890e+00,-2.5544078350e-01,1.0758712233e-01,7.1613711182e-01,-1.2857909156e-01,3.7952969303e-01,9.8363221762e-01,1.0797982419e-02,1.7893023830e-01,-1.8303930027e-02,1.5822671577e+00,-3.1743727639e-01,1.3765300614e-01,7.8545650525e-01,-1.6544777634e-01,3.6248836851e-01,9.9019451894e-01,-1.0636462031e-03,1.3595407815e-01,-3.2096291926e-02,0.0000000000e+00,1.0000504416e-04,1.0000627313e-04,1.0000513275e-04,1.1107160136e-07,1.1574383821e-07,1.1100983277e-07,7.9329082843e-09,4.9846014462e-09,1.0974288898e-08
5.3950000000e+00,1.2284349816e+01,-4.9556380050e+00,-3.2521980836e+00,-3.5691103788e-02,-2.8314011891e+00,2.7510488710e-01,1.3412616055e+00,-2.5621521672e-01,1.0912988786e-01,7.6437368961e-01,-1.5519279083e-01,3.1052632992e-01,9.8488753454e-01,1.0703221084e-02,1.7195703739e-01,-1.7685097072e-02,1.5861944402e+00,-3.1826451527e-01,1.3946544799e-01,8.3853406043e-01,-1.9398912134e-01,2.8151385548e-01,9.9115379672e-01,-1.2856598861e-03,1.2894519910e-01,-3.1394807744e-02,0.0000000000e+00,1.0000507894e-04,1.0000632788e-04,1.0000516764e-04,1.2047422696e-07,1.2560549681e-07,1.2074760262e-07,7.9515660843e-09,5.0032592462e-09,1.0992946698e-08
5.4000000000e+00,9.4307523029e+00,-4.5767710771e+00,-2.5136219848e+00,-7.5798802083e-02,-3.0724472731e+00,2.8552378279e-01,1.3452799511e+00,-2.5711172348e-01,1.1036405061e-01,8.0223870897e-01,-1.7948878273e-01,2.4863910887e-01,9.8619343881e-01,1.0507148585e-02,1.6438375283e-01,-1.7031819537e-02,1.5903871105e+00,-3.1923446088e-01,1.4087301726e-01,8.7939672338e-01,-2.1970827420e-01,2.0850820058e-01,9.9213688728e-01,-1.6225438676e-03,1.2133513307e-01,-3.0652075420e-02,0.0000000000e+00,1.0000511966e-04,1.0000638960e-04,1.0000520865e-04,1.2992020008e-07,1.3540824285e-07,1.3044771175e-07,7.9702238843e-09,5.0219170462e-09,1.1011604498e-08
5.4050000000e+00,3.2229635290e+01,-6.2761017276e+00,-2.1952395701e+01,-1.1374955530e-01,-3.1818091877e+00,2.8950764075e-01,1.3494455344e+00,-2.5812015915e-01,1.1132777324e-01,8.3173177383e-01,-2.0178528265e-01,1.9448479160e-01,9.8748512401e-01,1.0205432701e-02,1.5652971371e-01,-1.6353217652e-02,1.5947840941e+00,-3.2033300225e-01,1.4191555827e-01,1.0071634527e+00,-2.6043141232e-01,1.4480781896e-02,9.9309207524e-01,-2.0606292218e-03,1.1344925695e-01,-2.9885615431e-02,0.0000000000e+00,1.0000516680e-04,1.0000645860e-04,1.0000525621e-04,1.3906683387e-07,1.4550906091e-07,1.4076464321e-07,7.9888816843e-09,5.0405748462e-09,1.1030262298e-08
5.4100000000e+00,2.2346357623e+01,-5.5316100394e+00,-1.4929245128e+01,-8.5130257996e-02,-3.8605511675e+00,2.8151865417e-01,1.3540375616e+00,-2.5927709781e-01,1.1156275208e-01,9.1729801779e-01,-2.3120111659e-01,4.8950285660e-02,9.8896355741e-01,9.9457838329e-03,1.4698574272e-01,-1.5727521459e-02,1.5998199114e+00,-3.2163515931e-01,1.4198796218e-01,1.0973613986e+00,-2.9452361073e-01,-1.3215544547e-01,9.9416107341e-01,-2.4804737602e-03,1.0386719578e-01,-2.9141259372e-02,0.0000000000e+00,1.0000522058e-04,1.0000653566e-04,1.0000531130e-04,1.4847445194e-07,1.5569434637e-07,1.5094393268e-07,8.0075394843e-09,5.0592326462e-09,1.1048920098e-08
5.4150000000e+00,1.4767752170e+01,-4.9396094721e+00,-9.1207844413e+00,-1.0114843424e-01,-4.2911003724e+00,2.7612119221e-01,1.3589321709e+00,-2.6056721223e-01,1.1125215638e-01,9.7826460544e-01,-2.5777930079e-01,-5.9556131061e-02,9.9049644278e-01,9.6278754613e-03,1.3636476576e-01,-1.5124533694e-02,1.6053067184e+00,-3.2310777737e-01,1.4132718495e-01,1.1586384326e+00,-3.2344468293e-01,-2.4079210977e-01,9.9523732760e-01,-2.9726357993e-03,9.3205365242e-02,-2.8400441634e-02,0.0000000000e+00,1.0000528155e-04,1.0000662109e-04,1.0000537425e-04,1.5799767783e-07,1.6580009063e-07,1.6095562946e-07,8.0261972843e-09,5.0778904462e-09,1.1067577898e-08
5.4200000000e+00,9.0196045620e+00,-4.3746243819e+00,-4.3612959160e+00,-1.3357680699e-01,-4.5316160684e+00,2.7195690138e-01,1.3640326160e+00,-2.6197702370e-01,1.1054182279e-01,1.0198829548e+00,-2.8174999147e-01,-1.3885915107e-01,9.9199167359e-01,9.2102630034e-03,1.2512674176e-01,-1.4525463307e-02,1.6110999105e+00,-3.2472500078e-01,1.4012322440e-01,1.1976064913e+00,-3.4787011213e-01,-3.1938320791e-01,9.9624739563e-01,-3.5631631904e-03,8.1936020772e-02,-2.7657170432e-02,0.0000000000e+00,1.0000535026e-04,1.0000671527e-04,1.0000544541e-04,1.6756181672e-07,1.7576677736e-07,1.7080241311e-07,8.0448550843e-09,5.0965482462e-09,1.1086235698e-08
5.4250000000e+00,4.3567474068e+01,-3.7604142012e+00,-4.4213098964e+01,-1.7770338627e-01,-4.6382373375e+00,2.7062935638e-01,1.3692622716e+00,-2.6349420449e-01,1.0954673544e-01,1.0460973069e+00,-3.0328015284e-01,-1.9528159056e-01,9.9338927014e-01,8.6806892352e-03,1.1361654959e-01,-1.3917013514e-02,1.6170879430e+00,-3.2646435134e-01,1.3852630836e-01,1.3750264745e+00,-3.7934200274e-01,-6.2182669730e-01,9.9714729758e-01,-4.2707634478e-03,7.0393363338e-02,-2.6903566721e-02,0.0000000000e+00,1.0000542724e-04,1.0000681863e-04,1.0000552515e-04,1.7729280114e-07,1.8728783990e-07,1.8203674077e-07,8.0635128843e-09,5.1152060462e-09,1.1104893498e-08
5.4300000000e+00,2.7578179580e+01,-3.4529311015e+00,-2.4795684532e+01,-1.3909251234e-01,-4.9348846390e+00,1.8528068260e-01,1.3750690436e+00,-2.6510944010e-01,1.0750621424e-01,1.1637732290e+00,-3.2330092069e-01,-4.0153548263e-01,9.9472414033e-01,8.2134140690e-03,1.0135662423e-01,-1.3537326165e-02,1.6239630754e+00,-3.2836106135e-01,1.3541717487e-01,1.4930020554e+00,-4.0464864895e-01,-8.1273561775e-01,9.9795065716e-01,-4.9164692675e-03,5.8097623129e-02,-2.6362480869e-02,0.0000000000e+00,1.0000551231e-04,1.0000693162e-04,1.0000561484e-04,1.8723343499e-07,1.9877192536e-07,1.9286390845e-07,8.0821706843e-09,5.1338638462e-09,1.1123551298e-08
5.4350000000e+00,1.6014251970e+01,-3.1026692157e+00,-1.0986865977e+01,-1.4257517034e-01,-5.2039869252e+00,1.3172797930e-01,1.3812663803e+00,-2.6681469189e-01,1.0480477963e-01,1.2435574288e+00,-3.4185096098e-01,-5.3100387192e-01,9.9596583248e-01,7.7141047658e-03,8.8406039470e-02,-1.3301327398e-02,1.6314280857e+00,-3.3038430460e-01,1.3135349678e-01,1.5652298159e+00,-4.2476931108e-01,-9.2541077571e-01,9.9862884056e-01,-5.5955831895e-03,4.5120776280e-02,-2.5946942066e-02,0.0000000000e+00,1.0000560628e-04,1.0000705523e-04,1.0000571469e-04,1.9702881442e-07,2.0971664659e-07,2.0324138473e-07,8.1008284843e-09,5.1525216462e-09,1.1142209098e-08
5.4400000000e+00,7.6160038391e+00,-2.6905553393e+00,-1.1114143059e+00,-1.6535365453e-01,-5.3869264705e+00,9.6988075693e-02,1.3877060913e+00,-2.6859994953e-01,1.0171805520e-01,1.2930033986e+00,-3.5827599511e-01,-6.0600737076e-01,9.9707230137e-01,7.1427568835e-03,7.4986021627e-02,-1.3149274396e-02,1.6392542347e+00,-3.3250815115e-01,1.2672644291e-01,1.6019107364e+00,-4.4024486354e-01,-9.8323365739e-01,9.9914978277e-01,-6.3463649339e-03,3.1680318571e-02,-2.5608448890e-02,0.0000000000e+00,1.0000570986e-04,1.0000719013e-04,1.0000582496e-04,2.0661549145e-07,2.2003617322e-07,2.1319803400e-07,8.1194862843e-09,5.1711794462e-09,1.1160866898e-08
5.4450000000e+00,4.5735874222e+01,1.8571554376e+00,-5.2493586943e+01,-1.9773312715e-01,-5.4641981762e+00,8.0132761483e-02,1.3942688825e+00,-2.7045405494e-01,9.8442137653e-02,1.3179739218e+00,-3.7228177706e-01,-6.4258207525e-01,9.9800947368e-01,6.4874126867e-03,6.1360066043e-02,-1.3036341839e-02,1.6472637884e+00,-3.3470937547e-01,1.2181027462e-01,1.8136012916e+00,-4.4566898783e-01,-1.3087390515e+00,9.9949116514e-01,-7.1831358603e-03,1.8042832326e-02,-2.5303548634e-02,0.0000000000e+00,1.0000582367e-04,1.0000733683e-04,1.0000594595e-04,2.1748764081e-07,2.3453759756e-07,2.2554529029e-07,8.1381440843e-09,5.1898372462e-09,1.1179524698e-08
5.4500000000e+00,2.6813893411e+01,1.2451641744e+00,-2.2745815360e+01,-2.1691762748e-01,-5.2772323256e+00,-1.0208294032e-01,1.4015167432e+00,-2.7229913454e-01,9.4130835702e-02,1.4591072719e+00,-3.7250139203e-01,-8.4295924025e-01,9.9873175805e-01,5.7721654506e-03,4.8197194248e-02,-1.3363683760e-02,1.6563317949e+00,-3.3693772041e-01,1.1526657936e-01,1.9435818395e+00,-4.4779713389e-01,-1.4763142130e+00,9.9963168338e-01,-8.0629384023e-03,4.8671628966e-03,-2.5451862891e-02,0.0000000000e+00,1.0000594730e-04,1.0000749648e-04,1.0000607939e-04,2.2777235457e-07,2.4770737125e-07,2.3698753002e-07,8.1568018843e-09,5.2084950462e-09,1.1198182498e-08
5.4550000000e+00,1.3402229713e+01,9.2562496919e-01,-2.8640122023e+00,-2.2397771723e-01,-5.3098884872e+00,-2.2883193646e-01,1.4091991196e+00,-2.7414045140e-01,8.9305175111e-02,1.5481329260e+00,-3.7337014157e-01,-9.4074973075e-01,9.9927839118e-01,5.0245711996e-03,3.4947425433e-02,-1.4004572728e-02,1.6660497041e+00,-3.3917670608e-01,1.0788500830e-01,2.0105929104e+00,-4.4681801786e-01,-1.5403820498e+00,9.9958882133e-01,-8.9625877174e-03,-8.3930695740e-03,-2.5911709141e-02,0.0000000000e+00,1.0000608174e-04,1.0000767030e-04,1.0000622535e-04,2.3730630404e-07,2.5919678756e-07,2.4751099275e-07,8.1754596843e-09,5.2271528462e-09,1.1216840298e-08
5.4600000000e+00,3.7690591240e+00,8.7554324820e-01,1.0127340131e+01,-2.3050219800e-01,-5.3761434912e+00,-3.1795142838e-01,1.4171154886e+00,-2.7597543867e-01,8.4312174608e-02,1.5954239887e+00,-3.7308838317e-01,-9.7115308318e-01,9.9964870752e-01,4.2590847303e-03,2.1526186682e-02,-1.4864219945e-02,1.6761026686e+00,-3.4141079617e-01,1.0018309805e-01,2.0288115525e+00,-4.4249095097e-01,-1.5385621905e+00,9.9935949340e-01,-9.8793558669e-03,-2.1818925805e-02,-2.6588263644e-02,0.0000000000e+00,1.0000622776e-04,1.0000785886e-04,1.0000638393e-04,2.4630862942e-07,2.6923810490e-07,2.5722383045e-07,8.1941174843e-09,5.2458106462e-09,1.1235498098e-08
5.4650000000e+00,2.0244113920e+01,8.1060780486e+00,-2.2234485524e+01,-2.3182263240e-01,-5.3962033952e+00,-3.7575210738e-01,1.4251047396e+00,-2.7779730211e-01,7.9376182444e-02,1.6093582333e+00,-3.7084684519e-01,-9.5855515715e-01,9.9983560935e-01,3.4859519720e-03,8.0498206929e-03,-1.5868295544e-02,1.6862467264e+00,-3.4362325093e-01,9.2490287095e-02,2.1367538063e+00,-4.0968545571e-01,-1.6949429607e+00,9.9894290678e-01,-1.0795801159e-02,-3.5292254403e-02,-2.7403949410e-02,0.0000000000e+00,1.0000638595e-04,1.0000806234e-04,1.0000655527e-04,2.5633723365e-07,2.8215967868e-07,2.6840898964e-07,8.2127752843e-09,5.2644684462e-09,1.1254155898e-08
5.4700000000e+00,6.5382996983e+00,5.5534463613e+00,2.3613904220e+00,-4.3660823918e-01,-4.6032288220e+00,-6.3869868284e-01,1.4334104542e+00,-2.7950029178e-01,7.4050675753e-02,1.6745775345e+00,-3.5047691856e-01,-1.0317198873e+00,9.9983838097e-01,2.2427241259e-03,-3.4338886710e-03,-1.7504014790e-02,1.6969304954e+00,-3.4567167820e-01,8.4015572291e-02,2.1700306595e+00,-3.8345384867e-01,-1.7304389506e+00,9.9841321483e-01,-1.2144416065e-02,-4.6772823950e-02,-2.8911391447e-02,0.0000000000e+00,1.0000655609e-04,1.0000828142e-04,1.0000674053e-04,2.6546730535e-07,2.9273380744e-07,2.7834896472e-07,8.2314330843e-09,5.2831262462e-09,1.1272813698e-08
5.4750000000e+00,-2.9534490789e+00,4.1357725296e+00,1.6944214031e+01,-5.0088392125e-01,-4.2130285726e+00,-8.1553363978e-01,1.4418097642e+00,-2.8110750970e-01,6.8704682187e-02,1.6931226486e+00,-3.3335028788e-01,-1.0338407369e+00,9.9971094576e-01,8.6286891875e-04,-1.3935962181e-02,-1.9572157360e-02,1.7077806487e+00,-3.4758894745e-01,7.5363377538e-02,2.1487167995e+00,-3.5969626182e-01,-1.6969986902e+00,9.9778819801e-01,-1.3603051396e-02,-5.7274307305e-02,-3.0875923199e-02,0.0000000000e+00,1.0000673900e-04,1.0000851641e-04,1.0000693965e-04,2.7407929219e-07,3.0152722580e-07,2.8730282077e-07,8.2500908843e-09,5.3017840462e-09,1.1291471498e-08
5.4800000000e+00,-9.5999586749e+00,3.3666760288e+00,2.5051357744e+01,-4.9905263343e-01,-3.9909122149e+00,-9.2986114869e-01,1.4501336543e+00,-2.8262675955e-01,6.3548130447e-02,1.6766837612e+00,-3.1655814557e-01,-9.9620231944e-01,9.9947423177e-01,-4.9422469775e-04,-2.3881335366e-02,-2.1924816573e-02,1.7185242327e+00,-3.4938742876e-01,6.6878384087e-02,2.0879758204e+00,-3.3617526134e-01,-1.6275839192e+00,9.9707488539e-01,-1.5022088726e-02,-6.7219394054e-02,-3.3129485909e-02,0.0000000000e+00,1.0000693528e-04,1.0000876712e-04,1.0000715260e-04,2.8253438904e-07,3.0916126042e-07,2.9556185133e-07,8.2687486843e-09,5.3204418462e-09,1.1310129298e-08
5.4850000000e+00,-1.2534195055e+01,1.6429576341e+00,2.1704243338e+01,-4.6378229140e-01,-3.8243481814e+00,-1.0013414896e+00,1.4582567655e+00,-2.8405783159e-01,5.8687847046e-02,1.6346419593e+00,-2.9880496780e-01,-9.3877392354e-01,9.9914113239e-01,-1.7533603567e-03,-3.3407422937e-02,-2.4451326953e-02,1.7289641118e+00,-3.5106830506e-01,5.8740464491e-02,2.0121292996e+00,-3.2023417777e-01,-1.5778150167e+00,9.9628250402e-01,-1.6325860439e-02,-7.6748005932e-02,-3.5558150344e-02,0.0000000000e+00,1.0000714538e-04,1.0000903310e-04,1.0000737942e-04,2.9128742679e-07,3.1639426828e-07,3.0362710553e-07,8.2874064843e-09,5.3390996462e-09,1.1328787098e-08
5.4900000000e+00,-9.4306790530e+01,4.9132887400e+00,3.4191164857e+01,-6.2333091584e-01,-3.5122408617e+00,-9.8416317852e-01,1.4661143376e+00,-2.8544542803e-01,5.4041326740e-02,1.5797755087e+00,-2.8958548628e-01,-8.9843003017e-01,9.9874210317e-01,-3.3942839090e-03,-4.2148251971e-02,-2.6948377413e-02,1.7426441875e+00,-3.5525484966e-01,9.9585757527e-02,1.5781274833e+00,-2.8860130401e-01,-9.1845050068e-01,9.9487191605e-01,-1.8874624657e-02,-9.1618001411e-02,-3.8467661954e-02,1.0000000000e+00,1.0000564373e-04,1.0000704697e-04,1.0000575097e-04,9.6772986154e-09,9.6896634965e-09,9.6833791631e-09,8.3451963804e-09,5.2325806341e-09,1.0865148951e-08
5.4950000000e+00,-6.5275156848e+01,4.6115250876e+00,3.9539334995e+01,-4.0057201844e-01,1.2437102258e+00,-9.9733932128e-01,1.4719132559e+00,-2.8657830023e-01,4.9883010925e-02,1.1640838583e+00,-2.3502832045e-01,-8.1586159955e-01,9.9879386034e-01,-4.1959668806e-03,-3.9024461440e-02,-2.9501013720e-02,1.7489850042e+00,-3.5646534169e-01,9.5523477019e-02,1.1847468651e+00,-2.3443204021e-01,-8.2209497820e-01,9.9504697812e-01,-1.9528474849e-02,-8.8635279237e-02,-4.0545496359e-02,1.0000000000e+00,1.0000562847e-04,1.0000705514e-04,1.0000574743e-04,6.5740492383e-09,6.6674950472e-09,6.6246213646e-09,8.3616739780e-09,5.1487686551e-09,1.0584712666e-08
5.5000000000e+00,-8.0340270280e+01,8.9807319840e+00,1.0100901657e+02,-2.3580081723e-01,4.0139006254e+00,-9.3778484714e-01,1.4763343196e+00,-2.8750825767e-01,4.6276370722e-02,8.8485161369e-01,-1.9170136234e-01,-7.1337552863e-01,9.9906039884e-01,-4.4002518778e-03,-2.8987977360e-02,-3.1916366094e-02,1.7568871826e+00,-3.5756450149e-01,9.0162129083e-02,8.1370574673e-01,-1.7050446667e-01,-6.1391656320e-01,9.9531302381e-01,-1.9776117648e-02,-8.5002841931e-02,-4.1658212425e-02,1.0000000000e+00,1.0000562370e-04,1.0000704119e-04,1.0000574514e-04,6.3074083830e-09,6.5875819824e-09,6.3917254301e-09,8.3356721164e-09,4.6813805019e-09,9.8670235402e-09
5.5050000000e+00,-5.4807641662e+01,6.5513577341e+00,7.2720273507e+01,-4.4166707314e-02,3.8321942444e+00,-6.8089734911e-01,1.4792353769e+00,-2.8812962998e-01,4.4127706783e-02,5.7928576663e-01,-1.2700660374e-01,-4.2735060217e-01,9.9923600309e-01,-4.1587375159e-03,-1.9420040893e-02,-3.3659724478e-02,1.7615795369e+00,-3.5837853811e-01,8.6532886392e-02,5.4308755234e-01,-1.1647863078e-01,-3.9801583773e-01,9.9606162545e-01,-1.8985930532e-02,-7.5141277090e-02,-4.3064616859e-02,1.0000000000e+00,1.0000562195e-04,1.0000702826e-04,1.0000573920e-04,6.2506678939e-09,6.4709549073e-09,6.2912576156e-09,8.2311730165e-09,4.3054139150e-09,9.4528073274e-09
5.5100000000e+00,-3.9273102811e+01,3.2451925968e+00,5.3982801623e+01,4.6372996165e-02,3.3612920817e+00,-4.9361066859e-01,1.4812368757e+00,-2.8849132489e-01,4.2927146372e-02,3.9924646635e-01,-7.2732888803e-02,-2.3978635649e-01,9.9932203209e-01,-3.7403686353e-03,-1.1026629182e-02,-3.4927056432e-02,1.7645939225e+00,-3.5925833296e-01,8.3913057908e-02,3.6539027122e-01,-7.2184388606e-02,-2.2771021713e-01,9.9669365510e-01,-1.8652943241e-02,-6.4935481213e-02,-4.5135450212e-02,1.0000000000e+00,1.0000562132e-04,1.0000702173e-04,1.0000573461e-04,6.1951965714e-09,6.3290090892e-09,6.2052890176e-09,8.1376879166e-09,4.0850144363e-09,9.2730800719e-09
5.5150000000e+00,-2.7687618210e+01,1.4992723155e+00,4.0372083987e+01,8.8938976753e-02,2.8015032533e+00,-3.4074764320e-01,1.4825812610e+00,-2.8870603910e-01,4.2406994755e-02,2.6809728316e-01,-4.2671311663e-02,-1.0384811291e-01,9.9934522592e-01,-3.2699581021e-03,-4.0391076054e-03,-3.5806597495e-02,1.7666138629e+00,-3.5974044454e-01,8.2344815344e-02,2.4321804894e-01,-4.3039679943e-02,-1.0005218807e-01,9.9715358819e-01,-1.8225777906e-02,-5.6534028878e-02,-4.6437551090e-02,1.0000000000e+00,1.0000562121e-04,1.0000701920e-04,1.0000573181e-04,6.1522875747e-09,6.2250083737e-09,6.1473440101e-09,8.0742322925e-09,3.9681508727e-09,9.2107923445e-09
5.5200000000e+00,-1.9042334052e+01,6.0811825962e-01,3.0245203175e+01,1.0262605691e-01,2.2211752274e+00,-2.2541063940e-01,1.4834444048e+00,-2.8883589315e-01,4.2364656236e-02,1.7219401730e-01,-2.5625446691e-02,-7.9604959417e-03,9.9933252642e-01,-2.8129443285e-03,1.4953720050e-03,-3.6391659130e-02,1.7679513376e+00,-3.5997405727e-01,8.1612627384e-02,1.5682156233e-01,-2.5399218294e-02,-8.5757333883e-03,9.9746806347e-01,-1.7737381306e-02,-5.0182680694e-02,-4.7165095366e-02,1.0000000000e+00,1.0000562134e-04,1.0000701845e-04,1.0000573028e-04,6.1235687167e-09,6.1608401671e-09,6.1136402661e-09,8.0361275246e-09,3.9117305270e-09,9.2001942390e-09
5.5250000000e+00,-1.2702829351e+01,4.0264476725e-01,2.2845068908e+01,1.0513087546e-01,1.6655906056e+00,-1.4385140617e-01,1.4839567443e+00,-2.8891501384e-01,4.2645029887e-02,1.0232281258e-01,-1.5584127739e-02,5.6877180751e-02,9.9930511824e-01,-2.4000864573e-03,5.6464615823e-03,-3.6764625965e-02,1.7687974696e+00,-3.6009919664e-01,8.1469194700e-02,9.4757573113e-02,-1.4559531234e-02,5.4008967050e-02,9.9767516692e-01,-1.7236219361e-02,-4.5650199005e-02,-4.7573452511e-02,1.0000000000e+00,1.0000562156e-04,1.0000701833e-04,1.0000572951e-04,6.1057947562e-09,6.1243551582e-09,6.0956554157e-09,8.0157599834e-09,3.8891759962e-09,9.2102466413e-09
5.5300000000e+00,-8.4236119019e+00,1.8750309422e-03,1.7696277581e+01,9.6659888308e-02,1.1665478942e+00,-1.1361780013e-01,1.4842376391e+00,-2.8895489763e-01,4.3114566993e-02,5.6307330806e-02,-7.8316195137e-03,9.4906478721e-02,9.9927440496e-01,-2.0509526478e-03,8.5506035889e-03,-3.7058660998e-02,1.7693048963e+00,-3.6016631103e-01,8.1698158756e-02,5.1934476844e-02,-7.5811231142e-03,9.2651947575e-02,9.9780279738e-01,-1.6848562561e-02,-4.2569914285e-02,-4.7890561395e-02,1.0000000000e+00,1.0000562180e-04,1.0000701834e-04,1.0000572916e-04,6.0953556589e-09,6.1049164279e-09,6.0867905876e-09,8.0067076273e-09,3.8847620836e-09,9.2274502546e-09
5.5350000000e+00,-5.2166872946e+00,-1.4540382718e-01,1.3911918782e+01,8.6753341958e-02,7.4074163108e-01,-8.2280512195e-02,1.4843480183e+00,-2.8897218662e-01,4.3696209645e-02,2.2357044376e-02,-3.4047172348e-03,1.1739859958e-01,9.9924961019e-01,-1.7692637460e-03,1.0391375708e-02,-3.7270706470e-02,1.7695726708e+00,-3.6020161704e-01,8.2157974836e-02,2.1516486343e-02,-3.3354479100e-03,1.1474959514e-01,9.9787630696e-01,-1.6533708489e-02,-4.0676710172e-02,-4.8113592030e-02,1.0000000000e+00,1.0000562203e-04,1.0000701830e-04,1.0000572905e-04,6.0892159924e-09,6.0944645608e-09,6.0824470597e-09,8.0051675064e-09,3.8901761764e-09,9.2463015511e-09
5.5400000000e+00,-2.8483089793e+00,-2.1814627167e-01,1.1119848630e+01,7.3774952780e-02,3.8796152271e-01,-5.5729784986e-02,1.4843370134e+00,-2.8897589110e-01,4.4332450913e-02,-1.8545217260e-03,-7.4057503739e-04,1.2829893494e-01,9.9923411631e-01,-1.5503250475e-03,1.1355134344e-02,-3.7414411837e-02,1.7696702120e+00,-3.6021936273e-01,8.2749672951e-02,-7.8517211712e-06,-8.5042826756e-04,1.2502011817e-01,9.9791135313e-01,-1.6292822208e-02,-3.9726969624e-02,-4.8262232936e-02,1.0000000000e+00,1.0000562226e-04,1.0000701817e-04,1.0000572908e-04,6.0855676082e-09,6.0888364742e-09,6.0803849467e-09,8.0085417604e-09,3.9009943877e-09,9.2647750648e-09
5.5450000000e+00,-1.1445674723e+00,-1.8139400234e-01,9.2127511843e+00,6.1492271014e-02,1.0804972470e-01,-3.6729221679e-02,1.4842435046e+00,-2.8897114116e-01,4.4981354487e-02,-1.8348362476e-02,9.3486339109e-04,1.3076268891e-01,9.9922786456e-01,-1.3865216388e-03,1.1621031342e-02,-3.7506051218e-02,1.7696490974e+00,-3.6022797670e-01,8.3403086540e-02,-1.4824454524e-02,7.5059172752e-04,1.2710142848e-01,9.9791842146e-01,-1.6115082318e-02,-3.9504842445e-02,-4.8357994806e-02,1.0000000000e+00,1.0000562247e-04,1.0000701793e-04,1.0000572918e-04,6.0834425154e-09,6.0859249615e-09,6.0794722002e-09,8.0149525042e-09,3.9147222040e-09,9.2822320679e-09
5.5500000000e+00,1.4567449837e-01,-3.4007180110e-02,7.7917705667e+00,5.0624675968e-02,-1.0020427541e-01,-2.4413800371e-02,1.4840932855e+00,-2.8896446816e-01,4.5617695180e-02,-2.9719048847e-02,1.3555893564e-03,1.2815910893e-01,9.9922880681e-01,-1.2698619917e-03,1.1363713759e-02,-3.7563880190e-02,1.7695436425e+00,-3.6023851028e-01,8.4074488238e-02,-2.4785994524e-02,1.5735110871e-03,1.2375631501e-01,9.9790491807e-01,-1.5976090948e-02,-3.9819790056e-02,-4.8424408486e-02,1.0000000000e+00,1.0000562268e-04,1.0000701759e-04,1.0000572933e-04,6.0821410937e-09,6.0844032952e-09,6.0791078147e-09,8.0233704784e-09,3.9300507456e-09,9.2985222047e-09
5.5550000000e+00,9.6724914249e-01,9.8940862005e-03,6.9096529441e+00,4.1597277102e-02,-2.5585025673e-01,-1.2423481205e-02,1.4839128332e+00,-2.8895492754e-01,4.6218522424e-02,-3.5813118310e-02,1.9675556933e-03,1.2097003102e-01,9.9923486038e-01,-1.1903339966e-03,1.0722371732e-02,-3.7593984111e-02,1.7693870628e+00,-3.6024504685e-01,8.4730320015e-02,-3.0664738600e-02,2.1347803010e-03,1.1647950025e-01,9.9787651256e-01,-1.5881241500e-02,-4.0523883761e-02,-4.8456854027e-02,1.0000000000e+00,1.0000562288e-04,1.0000701719e-04,1.0000572951e-04,6.0813861969e-09,6.0836730829e-09,6.0790091860e-09,8.0329530715e-09,3.9462103657e-09,9.3138419778e-09
5.5600000000e+00,1.3803159986e+00,-2.7944731198e-02,6.5238919873e+00,3.3220153790e-02,-3.6084083025e-01,-3.9347013087e-03,1.4837208509e+00,-2.8894277951e-01,4.6770424562e-02,-3.8170603663e-02,2.5250256860e-03,1.1111038576e-01,9.9924384260e-01,-1.1398241114e-03,9.8183406443e-03,-3.7603776537e-02,1.7692049868e+00,-3.6024486754e-01,8.5346926286e-02,-3.3565608406e-02,2.5143243135e-03,1.0694942778e-01,9.9783775059e-01,-1.5827357755e-02,-4.1482223627e-02,-4.8461772290e-02,1.0000000000e+00,1.0000562307e-04,1.0000701673e-04,1.0000572970e-04,6.0810071486e-09,6.0833896591e-09,6.0790083385e-09,8.0430508538e-09,3.9627386511e-09,9.3285120622e-09
5.5650000000e+00,1.6260074824e+00,-7.9707404687e-02,6.4193954240e+00,2.6954719972e-02,-4.2546722842e-01,5.1758373155e-04,1.4835302494e+00,-2.8892868024e-01,4.7266758355e-02,-3.7941322609e-02,2.9477086927e-03,9.9935342644e-02,9.9925391442e-01,-1.1116151241e-03,8.7534304696e-03,-3.7599950447e-02,1.7690137132e+00,-3.6023827663e-01,8.5911763653e-02,-3.4103645529e-02,2.7660327786e-03,9.6262008013e-02,9.9779193960e-01,-1.5803942553e-02,-4.2592594050e-02,-4.8449474639e-02,1.0000000000e+00,1.0000562325e-04,1.0000701623e-04,1.0000572990e-04,6.0808512842e-09,6.0833585355e-09,6.0790277919e-09,8.0531986962e-09,3.9793940006e-09,9.3427239085e-09
5.5700000000e+00,1.7672841519e+00,1.6350500828e-02,6.3341298264e+00,2.0793624628e-02,-4.5391442758e-01,6.8866658127e-03,1.4833473061e+00,-2.8891599207e-01,4.7709522419e-02,-3.6464450406e-02,2.6878753578e-03,8.9172924268e-02,9.9926396773e-01,-1.0994735987e-03,7.6206366082e-03,-3.7579779797e-02,1.7688213613e+00,-3.6023615335e-01,8.6421861357e-02,-3.3137993417e-02,2.8623230988e-03,8.5386070481e-02,9.9774236634e-01,-1.5792826409e-02,-4.3768813721e-02,-4.8425695541e-02,1.0000000000e+00,1.0000562343e-04,1.0000701570e-04,1.0000573010e-04,6.0807671183e-09,6.0833743207e-09,6.0790482267e-09,8.0633337648e-09,3.9960969490e-09,9.3566563158e-09
5.5750000000e+00,1.7023549604e+00,-7.7581985888e-02,6.4530977697e+00,1.7198153788e-02,-4.5549778625e-01,1.1451383199e-02,1.4831791028e+00,-2.8890327859e-01,4.8096310622e-02,-3.3556248314e-02,2.7125734607e-03,7.7939180470e-02,9.9927304595e-01,-1.0976606709e-03,6.4780381027e-03,-3.7552760311e-02,1.7686402665e+00,-3.6022899114e-01,8.6873423008e-02,-3.1185090831e-02,2.7540258602e-03,7.4524090533e-02,9.9769224977e-01,-1.5797367754e-02,-4.4937829446e-02,-4.8386045610e-02,1.0000000000e+00,1.0000562360e-04,1.0000701517e-04,1.0000573031e-04,6.0807838131e-09,6.0834205638e-09,6.0790508705e-09,8.0732790307e-09,4.0127737417e-09,9.3705855942e-09
5.5800000000e+00,1.5740272887e+00,-6.5853385312e-02,6.6418201043e+00,1.5683402242e-02,-4.4428319281e-01,1.0059311467e-02,1.4830288742e+00,-2.8889039326e-01,4.8428013139e-02,-2.9987142878e-02,2.7671834056e-03,6.6889832508e-02,9.9928074305e-01,-1.1021577084e-03,5.3680346711e-03,-3.7522873249e-02,1.7684748292e+00,-3.6022014610e-01,8.7265890443e-02,-2.8559125025e-02,2.8068414642e-03,6.3897987842e-02,9.9764241993e-01,-1.5806924700e-02,-4.6067894760e-02,-4.8347618031e-02,1.0000000000e+00,1.0000562378e-04,1.0000701464e-04,1.0000573052e-04,6.0808524377e-09,6.0834917098e-09,6.0790439819e-09,8.0829439202e-09,4.0293793234e-09,9.3846670484e-09
5.5850000000e+00,1.4623391676e+00,-8.2774457963e-02,6.9728557612e+00,1.3282628740e-02,-4.1976223457e-01,1.3172066137e-02,1.4828976775e+00,-2.8887746410e-01,4.8707746020e-02,-2.6195236893e-02,2.7970898423e-03,5.6468031837e-02,9.9928699595e-01,-1.1110903170e-03,4.3201729900e-03,-3.7491349703e-02,1.7683272652e+00,-3.6020957624e-01,8.7600121261e-02,-2.5532828356e-02,2.8589311042e-03,5.4026607750e-02,9.9759499532e-01,-1.5821643027e-02,-4.7126968848e-02,-4.8300618275e-02,1.0000000000e+00,1.0000562396e-04,1.0000701410e-04,1.0000573072e-04,6.0809952786e-09,6.0836836761e-09,6.0790340376e-09,8.0920785116e-09,4.0458374985e-09,9.3988548536e-09
5.5900000000e+00,1.3636944304e+00,-2.6037956239e-02,7.1808875591e+00,8.7226775345e-03,-3.8435955184e-01,1.7204585620e-02,1.4827807386e+00,-2.8886693512e-01,4.8945586320e-02,-2.3379527096e-02,2.2912854271e-03,4.8070467180e-02,9.9929239818e-01,-1.1259567081e-03,3.3604273611e-03,-3.7445195848e-02,1.7681942999e+00,-3.6020546820e-01,8.7884690918e-02,-2.2882345951e-02,2.7172624862e-03,4.5438820356e-02,9.9755092891e-01,-1.5835093815e-02,-4.8095546303e-02,-4.8251553966e-02,1.0000000000e+00,1.0000562413e-04,1.0000701355e-04,1.0000573093e-04,6.0811233664e-09,6.0838512931e-09,6.0790263309e-09,8.1008081231e-09,4.0621547483e-09,9.4131268878e-09
5.5950000000e+00,1.2560178721e+00,-5.4678006917e-02,7.5174159610e+00,5.7480993520e-03,-3.4524711629e-01,1.6688981977e-02,1.4826809949e+00,-2.8885671398e-01,4.9143398168e-02,-1.9955403879e-02,2.2328590415e-03,4.0043826124e-02,9.9929662060e-01,-1.1437761434e-03,2.4971688026e-03,-3.7399465111e-02,1.7680786265e+00,-3.6019977998e-01,8.8122304133e-02,-2.0065730943e-02,2.6163211271e-03,3.7831968152e-02,9.9751102262e-01,-1.5853891046e-02,-4.8957990735e-02,-4.8202998091e-02,1.0000000000e+00,1.0000562431e-04,1.0000701299e-04,1.0000573113e-04,6.0813024106e-09,6.0840994136e-09,6.0790182142e-09,8.1089080289e-09,4.0782837594e-09,9.4274894479e-09
5.6000000000e+00,1.0471802147e+00,-1.3758639417e-01,7.7921650525e+00,4.5596708126e-03,-3.0645958382e-01,1.4912695553e-02,1.4825988448e+00,-2.8884621344e-01,4.9304920371e-02,-1.6437145497e-02,2.3111634123e-03,3.2763972485e-02,9.9929969047e-01,-1.1622492370e-03,1.7355071246e-03,-3.7359949424e-02,1.7679827809e+00,-3.6018911484e-01,8.8317782627e-02,-1.7320934638e-02,2.5233039128e-03,3.0925150513e-02,9.9747565631e-01,-1.5877785584e-02,-4.9712530776e-02,-4.8154701509e-02,1.0000000000e+00,1.0000562448e-04,1.0000701244e-04,1.0000573133e-04,6.0814840706e-09,6.0842813163e-09,6.0790082478e-09,8.1164850244e-09,4.0942271002e-09,9.4421006378e-09
5.6050000000e+00,9.7466332668e-01,-4.3292734488e-02,8.0642980328e+00,1.9952421533e-03,-2.6327640607e-01,1.0172117347e-02,1.4825332412e+00,-2.8883540643e-01,4.9434503400e-02,-1.3119521997e-02,2.4053639449e-03,2.6354450249e-02,9.9930180466e-01,-1.1798374241e-03,1.0767411266e-03,-3.7327628027e-02,1.7679027312e+00,-3.6018079850e-01,8.8475228564e-02,-1.4425631901e-02,2.7627328832e-03,2.4832745289e-02,9.9744478439e-01,-1.5899517583e-02,-5.0352905692e-02,-4.8121640951e-02,1.0000000000e+00,1.0000562465e-04,1.0000701188e-04,1.0000573152e-04,6.0816599897e-09,6.0845232595e-09,6.0790051564e-09,8.1234783119e-09,4.1099758671e-09,9.4568260638e-09
5.6100000000e+00,8.8186093554e-01,-1.2135941878e-02,8.2668337352e+00,-2.8671941754e-03,-2.1948609360e-01,2.1675487613e-02,1.4824797642e+00,-2.8882536935e-01,4.9539996081e-02,-1.0717886831e-02,2.1974208617e-03,2.1524040434e-02,9.9930431144e-01,-1.2046424304e-03,5.2678536609e-04,-3.7271496884e-02,1.7678362571e+00,-3.6017657614e-01,8.8601850141e-02,-1.2064222250e-02,2.8240107700e-03,1.9882580147e-02,9.9742020815e-01,-1.5922023269e-02,-5.0882007604e-02,-4.8067024672e-02,1.0000000000e+00,1.0000562483e-04,1.0000701131e-04,1.0000573172e-04,6.0818135171e-09,6.0847255982e-09,6.0790041007e-09,8.1300225382e-09,4.1255483891e-09,9.4716349838e-09
5.6150000000e+00,7.2899662408e-01,-6.4078742861e-03,8.4378988039e+00,-6.0813070319e-03,-1.7739837053e-01,2.3442864584e-02,1.4824393837e+00,-2.8881322316e-01,4.9622678564e-02,-8.1011695878e-03,2.6164988046e-03,1.6945591433e-02,9.9930656355e-01,-1.2387923680e-03,8.0595724674e-05,-3.7213585509e-02,1.7677848121e+00,-3.6016934740e-01,8.8701430114e-02,-9.8936068021e-03,3.1563521855e-03,1.5460746591e-02,9.9740128367e-01,-1.5951204306e-02,-5.1298512747e-02,-4.8007301572e-02,1.0000000000e+00,1.0000562500e-04,1.0000701076e-04,1.0000573191e-04,6.0819458582e-09,6.0848557002e-09,6.0790040335e-09,8.1362213821e-09,4.1409756119e-09,9.4866587505e-09
5.6200000000e+00,5.8138295557e-01,-3.5529514315e-02,8.6284152326e+00,-1.2291082108e-02,-1.4071979926e-01,2.1687764821e-02,1.4824112896e+00,-2.8879744268e-01,4.9684960160e-02,-5.6345682065e-03,3.3713669008e-03,1.2848140857e-02,9.9930841335e-01,-1.2866385706e-03,-2.6776747440e-04,-3.7161375988e-02,1.7677479722e+00,-3.6015576666e-01,8.8776467787e-02,-7.8861459714e-03,3.7317529733e-03,1.1578709975e-02,9.9738697920e-01,-1.5997665154e-02,-5.1615153022e-02,-4.7949602865e-02,1.0000000000e+00,1.0000562518e-04,1.0000701022e-04,1.0000573209e-04,6.0820827421e-09,6.0849789429e-09,6.0790052828e-09,8.1420916973e-09,4.1562517509e-09,9.5019119276e-09
5.6250000000e+00,4.9355400291e-01,2.8508058906e-02,8.8474043355e+00,-1.9865065934e-02,-1.0492314688e-01,1.7337506871e-02,1.4823936501e+00,-2.8877833345e-01,4.9730102339e-02,-3.5284232329e-03,4.0814972407e-03,9.4039178445e-03,9.9930990116e-01,-1.3485280718e-03,-5.2767670211e-04,-3.7116363893e-02,1.7677223152e+00,-3.6014090531e-01,8.8829581527e-02,-6.0308859587e-03,4.5479415155e-03,8.3678790656e-03,9.9737659715e-01,-1.6055794032e-02,-5.1837280098e-02,-4.7906485294e-02,1.0000000000e+00,1.0000562536e-04,1.0000700968e-04,1.0000573228e-04,6.0822316834e-09,6.0851615833e-09,6.0790096234e-09,8.1475423866e-09,4.1713549281e-09,9.5173021111e-09
5.6300000000e+00,3.6272286897e-01,-5.3549578202e-02,9.0423701158e+00,-3.1594856902e-02,-7.1517279681e-02,3.1700842492e-02,1.4823847680e+00,-2.8875734920e-01,4.9761294797e-02,-1.7954845361e-03,4.3849873585e-03,6.6040677475e-03,9.9931259413e-01,-1.4362981722e-03,-7.0294101711e-04,-3.7037577248e-02,1.7677074639e+00,-3.6012249852e-01,8.8864334635e-02,-4.5658105551e-03,4.9329392759e-03,5.7639146893e-03,9.9737202887e-01,-1.6139873904e-02,-5.1969165119e-02,-4.7830391724e-02,1.0000000000e+00,1.0000562553e-04,1.0000700915e-04,1.0000573246e-04,6.0823867296e-09,6.0853249719e-09,6.0790134722e-09,8.1526145896e-09,4.1862725876e-09,9.5328535934e-09
5.6350000000e+00,2.2242299203e-01,-1.4451443556e-01,9.2670042442e+00,-3.9078470505e-02,-4.3252916565e-02,3.1899540141e-02,1.4823831286e+00,-2.8873447203e-01,4.9781476978e-02,-3.4619770697e-04,4.7560626596e-03,4.3896489751e-03,9.9931534999e-01,-1.5422291216e-03,-8.0887436947e-04,-3.6956711592e-02,1.7677028301e+00,-3.6009829457e-01,8.8883691076e-02,-3.4490458341e-03,5.1776403209e-03,3.8101455427e-03,9.9737127242e-01,-1.6244465074e-02,-5.2023315708e-02,-4.7751826422e-02,1.0000000000e+00,1.0000562571e-04,1.0000700863e-04,1.0000573264e-04,6.0825610976e-09,6.0855049075e-09,6.0790192857e-09,8.1572699954e-09,4.2009841559e-09,9.5485721140e-09
5.6400000000e+00,1.6541257800e-01,-2.5887642329e-01,9.3202796017e+00,-4.6131489162e-02,-2.0182339991e-02,2.8310816140e-02,1.4823866912e+00,-2.8871019616e-01,4.9793382766e-02,7.0414911379e-04,5.0652783554e-03,2.7228449482e-03,9.9931773865e-01,-1.6590959724e-03,-8.5883187978e-04,-3.6885864996e-02,1.7677057656e+00,-3.6006738907e-01,8.8893354154e-02,-2.5172661583e-03,5.2570961365e-03,2.1288516890e-03,9.9737307428e-01,-1.6371086890e-02,-5.2016182811e-02,-4.7678663404e-02,1.0000000000e+00,1.0000562588e-04,1.0000700811e-04,1.0000573282e-04,6.0826717573e-09,6.0855929357e-09,6.0790241846e-09,8.1617219865e-09,4.2155604370e-09,9.5643913805e-09
5.6450000000e+00,2.7588675951e-01,-7.0362410452e-01,9.2033598167e+00,-4.0450563896e-02,-2.6346963679e-03,2.4247529996e-02,1.4823938787e+00,-2.8868702612e-01,4.9798639018e-02,1.4425539006e-03,4.8943195923e-03,1.3834232086e-03,9.9931979788e-01,-1.7659943978e-03,-8.6128129532e-04,-3.6825005540e-02,1.7677158804e+00,-3.6001919004e-01,8.8899018644e-02,-1.5490933198e-03,4.2939184571e-03,4.7452305788e-04,9.9737714370e-01,-1.6505328782e-02,-5.1968080282e-02,-4.7599642702e-02,1.0000000000e+00,1.0000562605e-04,1.0000700757e-04,1.0000573299e-04,6.0827288166e-09,6.0855815212e-09,6.0790291749e-09,8.1661527051e-09,4.2300824621e-09,9.5800362802e-09
5.6500000000e+00,-1.5095108235e-02,7.3460174364e-02,9.6165543691e+00,-2.0229060856e-02,1.8672173128e-02,4.1968345193e-02,1.4824040629e+00,-2.8867493536e-01,4.9794226225e-02,2.0221523185e-03,2.5939310174e-03,-5.5553391122e-04,9.9932347240e-01,-1.8154172662e-03,-8.0977735951e-04,-3.6723916433e-02,1.7677236404e+00,-3.6001771969e-01,8.8885782827e-02,-1.3152276806e-03,4.1184035310e-03,-6.4981397387e-04,9.9738634867e-01,-1.6525709599e-02,-5.1865440810e-02,-4.7511561302e-02,1.0000000000e+00,1.0000562624e-04,1.0000700706e-04,1.0000573317e-04,6.0828497819e-09,6.0857972770e-09,6.0790354485e-09,8.1701868528e-09,4.2443905876e-09,9.5960548746e-09
5.6550000000e+00,-4.3449277306e-02,5.3504574245e-02,9.7401641457e+00,-2.6765924867e-02,2.9210274171e-02,3.8643205320e-02,1.4824155744e+00,-2.8865911926e-01,4.9786835007e-02,2.2864963685e-03,3.3251974606e-03,-1.1571436093e-03,9.9932701494e-01,-1.8837227871e-03,-7.3311232312e-04,-3.6625555909e-02,1.7677343949e+00,-3.6001082574e-01,8.8867042050e-02,-1.1422761804e-03,4.4705523355e-03,-1.2197926811e-03,9.9739642434e-01,-1.6571035893e-02,-5.1733011753e-02,-4.7428567209e-02,1.0000000000e+00,1.0000562642e-04,1.0000700654e-04,1.0000573334e-04,6.0829753436e-09,6.0859810989e-09,6.0790462374e-09,8.1738416191e-09,4.2585629733e-09,9.6121553601e-09
5.6600000000e+00,-1.2173028778e-01,-7.9604464844e-02,9.7720587071e+00,-3.9292371094e-02,3.5227073722e-02,3.2979787059e-02,1.4824273219e+00,-2.8863902803e-01,4.9778744608e-02,2.3409222000e-03,4.2072239965e-03,-1.3018647758e-03,9.9932991259e-01,-1.9782578631e-03,-6.4287035482e-04,-3.6543111866e-02,1.7677487760e+00,-3.5999315226e-01,8.8846450257e-02,-1.2195090349e-03,4.9039306909e-03,-1.4773244007e-03,9.9740638430e-01,-1.6659932949e-02,-5.1580747034e-02,-4.7353751023e-02,1.0000000000e+00,1.0000562660e-04,1.0000700604e-04,1.0000573351e-04,6.0830567469e-09,6.0860443532e-09,6.0790530857e-09,8.1773569729e-09,4.2726378185e-09,9.6283646733e-09
5.6650000000e+00,-8.3553132143e-02,1.3384842422e-02,9.7695704935e+00,-4.3419851693e-02,3.7240393483e-02,2.7287335770e-02,1.4824384562e+00,-2.8861656216e-01,4.9770898949e-02,2.2287856640e-03,4.7325857478e-03,-1.2557478584e-03,9.9933217211e-01,-2.0884763162e-03,-5.4469305833e-04,-3.6476723576e-02,1.7677613780e+00,-3.5997662763e-01,8.8825141724e-02,-1.2199845015e-03,5.5701260084e-03,-1.5518696313e-03,9.9741558205e-01,-1.6753124293e-02,-5.1424656672e-02,-4.7296872916e-02,1.0000000000e+00,1.0000562678e-04,1.0000700554e-04,1.0000573368e-04,6.0830905387e-09,6.0860925948e-09,6.0790555009e-09,8.1807822061e-09,4.2866603204e-09,9.6445765335e-09
5.6700000000e+00,-9.7317012889e-02,-1.9096908680e-02,9.8308570276e+00,-5.7696100846e-02,3.8618255908e-02,3.9326872974e-02,1.4824466865e+00,-2.8859448940e-01,4.9761007593e-02,1.6305992336e-03,4.5574176133e-03,-1.6653025948e-03,9.9933541386e-01,-2.2320756551e-03,-4.4228290467e-04,-3.6380665566e-02,1.7677716391e+00,-3.5996230894e-01,8.8802358935e-02,-1.6229401048e-03,5.6712154417e-03,-1.7110715655e-03,9.9742548874e-01,-1.6874457637e-02,-5.1266483418e-02,-4.7216467112e-02,1.0000000000e+00,1.0000562696e-04,1.0000700503e-04,1.0000573385e-04,6.0831455944e-09,6.0861632236e-09,6.0790569929e-09,8.1840890037e-09,4.3005970116e-09,9.6607665140e-09
5.6750000000e+00,-7.1814810509e-02,-1.3376121728e-01,9.9071195328e+00,-6.6446618204e-02,3.9159547094e-02,3.7616955031e-02,1.4824543006e+00,-2.8857228661e-01,4.9750500486e-02,1.5051768962e-03,4.5613744822e-03,-1.7912266874e-03,9.9933849515e-01,-2.3935637315e-03,-3.3983007914e-04,-3.6286739632e-02,1.7677813428e+00,-3.5994338849e-01,8.8778149077e-02,-1.8378939037e-03,5.4952632366e-03,-1.6891997368e-03,9.9743503275e-01,-1.7023320121e-02,-5.1103929604e-02,-4.7137568805e-02,1.0000000000e+00,1.0000562714e-04,1.0000700451e-04,1.0000573402e-04,6.0832265818e-09,6.0862755845e-09,6.0790545647e-09,8.1871346067e-09,4.3144279539e-09,9.6769062659e-09
5.6800000000e+00,-9.8901607521e-02,-1.9758010019e-01,9.9101188322e+00,-6.8915159200e-02,3.7720420623e-02,3.2822103215e-02,1.4824615888e+00,-2.8855008285e-01,4.9740503302e-02,1.4451535121e-03,4.5811227025e-03,-1.6911321188e-03,9.9934104539e-01,-2.5606775436e-03,-2.3966898051e-04,-3.6205807319e-02,1.7677916742e+00,-3.5992095872e-01,8.8754174180e-02,-2.0170995256e-03,5.3245956477e-03,-1.6151944092e-03,9.9744389302e-01,-1.7184337969e-02,-5.0942177360e-02,-4.7066690688e-02,1.0000000000e+00,1.0000562731e-04,1.0000700400e-04,1.0000573418e-04,6.0832731019e-09,6.0863122823e-09,6.0790547387e-09,8.1900779580e-09,4.3281921677e-09,9.6930645660e-09
5.6850000000e+00,-1.1860551511e-01,-3.8419341042e-02,9.8483541159e+00,-6.6916659050e-02,3.5929808550e-02,2.6396800446e-02,1.4824681311e+00,-2.8852831506e-01,4.9731814359e-02,1.3042164192e-03,4.5369532483e-03,-1.4292127424e-03,9.9934305852e-01,-2.7240643715e-03,-1.4335519940e-04,-3.6138764691e-02,1.7677999023e+00,-3.5990493433e-01,8.8730863140e-02,-2.1628287999e-03,5.5453834600e-03,-1.5598911500e-03,9.9745171954e-01,-1.7331230147e-02,-5.0785253880e-02,-4.7016525119e-02,1.0000000000e+00,1.0000562750e-04,1.0000700349e-04,1.0000573435e-04,6.0832512579e-09,6.0862672874e-09,6.0790573650e-09,8.1931170889e-09,4.3419639348e-09,9.7093037500e-09
5.6900000000e+00,-1.5961196285e-02,-5.9336073396e-02,9.9271366172e+00,-7.3718826460e-02,3.1535608524e-02,3.5609165708e-02,1.4824704901e+00,-2.8850980250e-01,4.9721192227e-02,4.5354837078e-04,3.7880961451e-03,-1.8153026020e-03,9.9934592997e-01,-2.9082391778e-03,-5.3202096164e-05,-3.6045132282e-02,1.7678030104e+00,-3.5989534515e-01,8.8707170241e-02,-2.5513929057e-03,5.1280292335e-03,-1.5969523975e-03,9.9745918092e-01,-1.7485031049e-02,-5.0646607278e-02,-4.6950796082e-02,1.0000000000e+00,1.0000562767e-04,1.0000700296e-04,1.0000573452e-04,6.0833009420e-09,6.0863777944e-09,6.0790529121e-09,8.1959744850e-09,4.3556588359e-09,9.7253693557e-09
5.6950000000e+00,-8.4809621121e-02,-1.8471639960e-01,9.9655714359e+00,-7.6638343963e-02,3.1200105945e-02,3.6489413640e-02,1.4824723050e+00,-2.8849297104e-01,4.9710300739e-02,3.4242280078e-04,3.4205280466e-03,-1.8701280966e-03,9.9934870649e-01,-3.0977610616e-03,3.0030130243e-05,-3.5952271359e-02,1.7678070402e+00,-3.5988210700e-01,8.8682497635e-02,-2.9299623155e-03,4.5178489460e-03,-1.5759430890e-03,9.9746689358e-01,-1.7654804136e-02,-5.0503241555e-02,-4.6877784692e-02,1.0000000000e+00,1.0000562785e-04,1.0000700244e-04,1.0000573468e-04,6.0833563622e-09,6.0864233783e-09,6.0790535121e-09,8.1986934480e-09,4.3692769874e-09,9.7414819510e-09
5.7000000000e+00,-6.8795948904e-02,-8.9399323770e-02,9.9570667179e+00,-7.5843437244e-02,2.9822598115e-02,3.3787008675e-02,1.4824722619e+00,-2.8848345684e-01,4.9701937049e-02,-3.5404061972e-05,1.9170007459e-03,-1.3646509314e-03,9.9935113801e-01,-3.2837461623e-03,1.0864141845e-04,-3.5867926805e-02,1.7678065795e+00,-3.5988246997e-01,8.8657760486e-02,-3.2517505609e-03,3.5521218927e-03,-1.2789537497e-03,9.9747393653e-01,-1.7805372679e-02,-5.0364480523e-02,-4.6820228046e-02,1.0000000000e+00,1.0000562803e-04,1.0000700192e-04,1.0000573485e-04,6.0833741260e-09,6.0864470319e-09,6.0790540489e-09,8.2013648873e-09,4.3828452828e-09,9.7576145143e-09
5.7050000000e+00,-8.5875843837e-02,7.1718834357e-02,9.9718885751e+00,-6.7928909988e-02,2.6260635771e-02,2.2660300785e-02,1.4824730892e+00,-2.8847440709e-01,4.9690207709e-02,1.4626230709e-04,1.8595638114e-03,-2.0353174130e-03,9.9935253664e-01,-3.4512347423e-03,1.8126815998e-04,-3.5812897544e-02,1.7678056416e+00,-3.5988733763e-01,8.8631999781e-02,-3.2676152777e-03,3.4626280398e-03,-1.5539832947e-03,9.9747964889e-01,-1.7936542429e-02,-5.0233099294e-02,-4.6789595380e-02,1.0000000000e+00,1.0000562821e-04,1.0000700140e-04,1.0000573502e-04,6.0833829655e-09,6.0864668214e-09,6.0790587835e-09,8.2039704097e-09,4.3964026762e-09,9.7738048065e-09
5.7100000000e+00,-1.1113009339e-01,-9.1359917513e-02,9.9333296280e+00,-7.5944160751e-02,2.3923390269e-02,3.5948395757e-02,1.4824719883e+00,-2.8846481103e-01,4.9678951871e-02,-2.5017071214e-04,1.8902253968e-03,-1.9379594331e-03,9.9935491452e-01,-3.6416962702e-03,2.4559972235e-04,-3.5727196151e-02,1.7678056767e+00,-3.5988568015e-01,8.8607103067e-02,-3.5815423575e-03,3.1350234909e-03,-1.6726057419e-03,9.9748628411e-01,-1.8100482346e-02,-5.0106544371e-02,-4.6720656706e-02,1.0000000000e+00,1.0000562839e-04,1.0000700090e-04,1.0000573518e-04,6.0833859886e-09,6.0864286786e-09,6.0790582997e-09,8.2066657999e-09,4.4099469848e-09,9.7900265929e-09
5.7150000000e+00,-1.1787132508e-01,-1.6255123704e-01,9.9817281644e+00,-7.9329553640e-02,1.8790542769e-02,3.9711834759e-02,1.4824706235e+00,-2.8845519461e-01,4.9669799341e-02,-3.0371885049e-04,1.8600536105e-03,-1.5137983150e-03,9.9935757948e-01,-3.8380614762e-03,3.0217142809e-04,-3.5631535287e-02,1.7678061279e+00,-3.5988030820e-01,8.8582221447e-02,-3.7674671261e-03,2.8608986553e-03,-1.3634971518e-03,9.9749275709e-01,-1.8282012361e-02,-4.9989047791e-02,-4.6637567243e-02,1.0000000000e+00,1.0000562857e-04,1.0000700039e-04,1.0000573535e-04,6.0834275477e-09,6.0864579406e-09,6.0790578540e-09,8.2092731235e-09,4.4234299577e-09,9.8062748202e-09
5.7200000000e+00,-7.9839199733e-02,-1.9162889095e-01,9.9591272050e+00,-7.7889965589e-02,1.8290766787e-02,3.9282913933e-02,1.4824688945e+00,-2.8844627138e-01,4.9663683617e-02,-3.7286573782e-04,1.7090141360e-03,-9.0044447029e-04,9.9936030215e-01,-4.0282074581e-03,3.5176656076e-04,-3.5533593942e-02,1.7678059677e+00,-3.5987410228e-01,8.8559997446e-02,-3.8047052180e-03,2.6031260508e-03,-9.0376155938e-04,9.9749916973e-01,-1.8463215737e-02,-4.9872920971e-02,-4.6553279327e-02,1.0000000000e+00,1.0000562875e-04,1.0000699988e-04,1.0000573552e-04,6.0834452044e-09,6.0864716976e-09,6.0790551698e-09,8.2118396059e-09,4.4368793187e-09,9.8224925154e-09
5.7250000000e+00,-6.0531553693e-02,3.2058069997e-02,9.8664628220e+00,-7.0984331623e-02,1.3357478223e-02,4.0444257376e-02,1.4824661965e+00,-2.8843866421e-01,4.9660988958e-02,-5.6189201272e-04,1.4431685867e-03,-2.0711676401e-04,9.9936306022e-01,-4.2044144411e-03,3.9499411843e-04,-3.5435021432e-02,1.7678025363e+00,-3.5987872743e-01,8.8540960625e-02,-3.8328307836e-03,2.7715727986e-03,-4.9257247036e-04,9.9750508404e-01,-1.8613195349e-02,-4.9772869695e-02,-4.6473839051e-02,1.0000000000e+00,1.0000562893e-04,1.0000699938e-04,1.0000573569e-04,6.0833913640e-09,6.0864078822e-09,6.0790560151e-09,8.2145551930e-09,4.4503757713e-09,9.8387323428e-09
5.7300000000e+00,9.5234002990e-03,-3.7104530691e-02,9.7929680545e+00,-8.0988474629e-02,8.8237499370e-03,4.5267145498e-02,1.4824599585e+00,-2.8843043933e-01,4.9662509170e-02,-1.2713658592e-03,1.5390698568e-03,6.3606143500e-04,9.9936612640e-01,-4.4053364939e-03,4.2731678316e-04,-3.5323587188e-02,1.7677967851e+00,-3.5988136018e-01,8.8527271128e-02,-4.1342342499e-03,2.7481098551e-03,5.6337431751e-05,9.9751013428e-01,-1.8791371056e-02,-4.9689460437e-02,-4.6382905347e-02,1.0000000000e+00,1.0000562911e-04,1.0000699888e-04,1.0000573586e-04,6.0833493735e-09,6.0863548496e-09,6.0790510346e-09,8.2174191938e-09,4.4639145741e-09,9.8548717373e-09
5.7350000000e+00,5.1155421809e-02,-6.6172707335e-02,9.7003719974e+00,-8.4800189366e-02,5.5826814154e-03,5.4642185247e-02,1.4824505973e+00,-2.8842574621e-01,4.9668479731e-02,-1.8999537707e-03,7.7615038370e-04,1.5331332616e-03,9.9937000021e-01,-4.6163981100e-03,4.5307511752e-04,-3.5186450255e-02,1.7677872084e+00,-3.5988877726e-01,8.8518176939e-02,-4.5382071090e-03,2.2094554581e-03,6.4654942102e-04,9.9751540418e-01,-1.8973008342e-02,-4.9617170029e-02,-4.6272884318e-02,1.0000000000e+00,1.0000562929e-04,1.0000699838e-04,1.0000573602e-04,6.0832961758e-09,6.0862747739e-09,6.0790458644e-09,8.2204641074e-09,4.4774950212e-09,9.8709649884e-09
5.7400000000e+00,1.1971776956e-01,-5.4496653105e-02,9.6245074930e+00,-8.4852296813e-02,5.0728597310e-03,5.9863938559e-02,1.4824392105e+00,-2.8842468575e-01,4.9677317539e-02,-2.3092143443e-03,-1.0417061797e-05,2.1170352566e-03,9.9937433472e-01,-4.8276161931e-03,4.7421857354e-04,-3.5034387853e-02,1.7677741484e+00,-3.5990135743e-01,8.8513093688e-02,-4.7928030347e-03,1.5307760657e-03,1.0978317591e-03,9.9752098360e-01,-1.9151689098e-02,-4.9548790356e-02,-4.6152112053e-02,1.0000000000e+00,1.0000562948e-04,1.0000699788e-04,1.0000573620e-04,6.0832459808e-09,6.0862138165e-09,6.0790404974e-09,8.2236379069e-09,4.4911204528e-09,9.8869889013e-09
5.7450000000e+00,2.1274072614e-01,1.9712613914e-01,9.5810577614e+00,-8.2856742147e-02,2.9056087925e-03,6.4368027539e-02,1.4824266663e+00,-2.8842714582e-01,4.9687456648e-02,-2.5453827495e-03,-7.7778904581e-04,2.3905515059e-03,9.9937888455e-01,-5.0325223352e-03,4.9246430194e-04,-3.4875153297e-02,1.7677558773e+00,-3.5992872394e-01,8.8509997473e-02,-4.7983812368e-03,1.2743437224e-03,1.3581557193e-03,9.9752645436e-01,-1.9308839447e-02,-4.9490725398e-02,-4.6030529741e-02,1.0000000000e+00,1.0000562966e-04,1.0000699737e-04,1.0000573637e-04,6.0831984944e-09,6.0862047625e-09,6.0790422211e-09,8.2268371389e-09,4.5047925670e-09,9.9028997202e-09
5.7500000000e+00,1.8281376208e-01,5.1543946999e-02,9.5870532123e+00,-9.2489666665e-02,1.8627488366e-03,5.5604878645e-02,1.4824156437e+00,-2.8842684589e-01,4.9697351676e-02,-2.2378909076e-03,-1.9111356081e-04,2.3370246573e-03,9.9938266892e-01,-5.2599417721e-03,5.0804884168e-04,-3.4732635518e-02,1.7677413557e+00,-3.5994540923e-01,8.8508277567e-02,-4.6971171866e-03,1.2590630260e-03,1.4429446083e-03,9.9753057693e-01,-1.9508240835e-02,-4.9430491889e-02,-4.5921706197e-02,1.0000000000e+00,1.0000562984e-04,1.0000699687e-04,1.0000573654e-04,6.0831993192e-09,6.0861929756e-09,6.0790395889e-09,8.2300230265e-09,4.5184674380e-09,9.9188203713e-09
5.7550000000e+00,1.5016681816e-01,2.8251170140e-02,9.5593037684e+00,-9.5349958217e-02,2.4610360128e-03,5.5978061460e-02,1.4824052526e+00,-2.8842647872e-01,4.9707048522e-02,-2.1120877605e-03,-1.8178673019e-04,2.3001124905e-03,9.9938618951e-01,-5.4980465989e-03,5.2505227019e-04,-3.4593930505e-02,1.7677280286e+00,-3.5996094433e-01,8.8506938151e-02,-4.6407769575e-03,1.2240482832e-03,1.3946525377e-03,9.9753470993e-01,-1.9716514462e-02,-4.9367072026e-02,-4.5811065662e-02,1.0000000000e+00,1.0000563002e-04,1.0000699637e-04,1.0000573671e-04,6.0831922982e-09,6.0861492167e-09,6.0790391392e-09,8.2332896863e-09,4.5321353088e-09,9.9348047314e-09
5.7600000000e+00,1.3709703279e-01,-5.7069318740e-02,9.5744340774e+00,-9.4474103137e-02,5.0413794451e-03,5.4763875138e-02,1.4823953601e+00,-2.8842763496e-01,4.9716031456e-02,-2.0151017692e-03,-5.1294141601e-04,2.1646242931e-03,9.9938962206e-01,-5.7377466995e-03,5.4539001848e-04,-3.4455248350e-02,1.7677156575e+00,-3.5997527734e-01,8.8504975182e-02,-4.6008924921e-03,8.5381888327e-04,1.3259668628e-03,9.9753910203e-01,-1.9923972287e-02,-4.9296211260e-02,-4.5701846757e-02,1.0000000000e+00,1.0000563020e-04,1.0000699589e-04,1.0000573689e-04,6.0832106941e-09,6.0861415004e-09,6.0790371176e-09,8.2365637250e-09,4.5457618275e-09,9.9508314050e-09
5.7650000000e+00,2.7932195925e-01,6.3579665474e-03,9.6041640199e+00,-9.4624801878e-02,5.9845782968e-03,5.4699979648e-02,1.4823861436e+00,-2.8843153748e-01,4.9723595523e-02,-1.8841310402e-03,-1.1006406968e-03,1.8911200604e-03,9.9939300174e-01,-5.9706561703e-03,5.6971412530e-04,-3.4316974736e-02,1.7677010282e+00,-3.5999591893e-01,8.8502373646e-02,-4.2207093716e-03,4.5991641695e-04,1.2142193889e-03,9.9754325464e-01,-2.0124795852e-02,-4.9227627598e-02,-4.5597021803e-02,1.0000000000e+00,1.0000563038e-04,1.0000699536e-04,1.0000573706e-04,6.0832452899e-09,6.0862429815e-09,6.0790326774e-09,8.2396369267e-09,4.5593319995e-09,9.9666751992e-09
5.7700000000e+00,2.1702792284e-01,-1.3337713972e-01,9.5570623038e+00,-9.2573487184e-02,1.0075966743e-02,4.8062123029e-02,1.4823793126e+00,-2.8843581975e-01,4.9735126540e-02,-1.4027029521e-03,-1.0938375111e-03,2.6853439181e-03,9.9939565706e-01,-6.1971706833e-03,6.0385988875e-04,-3.4198699931e-02,1.7676912302e+00,-3.6000991877e-01,8.8501710599e-02,-3.9134461210e-03,5.1919411363e-05,1.5587971774e-03,9.9754749348e-01,-2.0332513402e-02,-4.9145240012e-02,-4.5500906987e-02,1.0000000000e+00,1.0000563056e-04,1.0000699486e-04,1.0000573723e-04,6.0832484473e-09,6.0862096867e-09,6.0790295515e-09,8.2427447463e-09,4.5728901049e-09,9.9825688384e-09
5.7750000000e+00,2.2114360848e-01,-8.1569101886e-02,9.4865359856e+00,-8.6254905696e-02,1.3536944027e-02,4.7108927389e-02,1.4823722227e+00,-2.8844392030e-01,4.9747280268e-02,-1.4573495511e-03,-1.8533895529e-03,2.8211068896e-03,9.9939830568e-01,-6.4101521390e-03,6.4739416685e-04,-3.4081042073e-02,1.7676809008e+00,-3.6003077122e-01,8.8503208294e-02,-3.7922904774e-03,-4.6857567249e-04,1.6361278499e-03,9.9755212038e-01,-2.0516222575e-02,-4.9058326460e-02,-4.5410707266e-02,1.0000000000e+00,1.0000563074e-04,1.0000699437e-04,1.0000573741e-04,6.0832154567e-09,6.0861387967e-09,6.0790293075e-09,8.2460240060e-09,4.5864664911e-09,9.9984867886e-09
5.7800000000e+00,1.7950252593e-01,-2.2791950490e-02,9.5478248296e+00,-8.1108650076e-02,1.8711121204e-02,4.8008615122e-02,1.4823651916e+00,-2.8845593400e-01,4.9757769270e-02,-1.4519149948e-03,-2.6757058537e-03,2.5035388627e-03,9.9940109690e-01,-6.6107313159e-03,6.9871010832e-04,-3.3959645846e-02,1.7676703339e+00,-3.6005896681e-01,8.8503137621e-02,-3.8197519938e-03,-1.0390718454e-03,1.5805947416e-03,9.9755768396e-01,-2.0678987401e-02,-4.8958835982e-02,-4.5321948613e-02,1.0000000000e+00,1.0000563093e-04,1.0000699388e-04,1.0000573758e-04,6.0832359034e-09,6.0861482801e-09,6.0790327781e-09,8.2492813310e-09,4.5999996133e-09,1.0014468463e-08
5.7850000000e+00,3.2209243526e-01,-2.7358247347e-01,9.6390212682e+00,-7.6605416266e-02,1.9276093381e-02,4.7112756568e-02,1.4823592587e+00,-2.8847159820e-01,4.9764997916e-02,-1.2406531726e-03,-3.4649378457e-03,1.8677136922e-03,9.9940395693e-01,-6.7989689336e-03,7.5591514591e-04,-3.3836865718e-02,1.7676606940e+00,-3.6008184855e-01,8.8502109492e-02,-3.4837658270e-03,-2.2417343448e-03,1.3959984112e-03,9.9756337471e-01,-2.0843209542e-02,-4.8860425615e-02,-4.5227567524e-02,1.0000000000e+00,1.0000563110e-04,1.0000699336e-04,1.0000573776e-04,6.0833313293e-09,6.0863112267e-09,6.0790236514e-09,8.2521887276e-09,4.6134088806e-09,1.0030225637e-08
5.7900000000e+00,2.0512253821e-01,-1.1996862656e-01,9.5380772383e+00,-5.3980104513e-02,2.9265959945e-02,4.0422576782e-02,1.4823602044e+00,-2.8849040087e-01,4.9778962803e-02,1.4329980795e-04,-3.9794740874e-03,3.2207778628e-03,9.9940634015e-01,-6.9332910467e-03,8.3012968531e-04,-3.3737332759e-02,1.7676562380e+00,-3.6011055750e-01,8.8501825790e-02,-2.6865829109e-03,-2.7093507920e-03,1.9156268180e-03,9.9757125306e-01,-2.0948885544e-02,-4.8728607452e-02,-4.5147115971e-02,1.0000000000e+00,1.0000563128e-04,1.0000699286e-04,1.0000573793e-04,6.0833004508e-09,6.0862261075e-09,6.0790270825e-09,8.2551852244e-09,4.6268416860e-09,1.0046201426e-08
5.7950000000e+00,2.3104670070e-01,2.3333559535e-03,9.5690035271e+00,-4.0984316786e-02,3.4573016380e-02,4.0320259977e-02,1.4823616345e+00,-2.8851433657e-01,4.9793895621e-02,2.3539394442e-04,-5.0133592015e-03,3.4345251559e-03,9.9940889279e-01,-7.0359957327e-03,9.1871294992e-04,-3.3638010349e-02,1.7676514952e+00,-3.6015167204e-01,8.8503473850e-02,-2.2467141625e-03,-3.2815879572e-03,2.3059578804e-03,9.9757999663e-01,-2.1005712137e-02,-4.8591806490e-02,-4.5074901226e-02,1.0000000000e+00,1.0000563147e-04,1.0000699237e-04,1.0000573811e-04,6.0833044652e-09,6.0862385476e-09,6.0790305745e-09,8.2582062783e-09,4.6402490988e-09,1.0062156742e-08
5.8000000000e+00,1.7323043560e-01,4.3306208029e-02,9.6037024674e+00,-3.5352152369e-02,3.7540100780e-02,4.0912894362e-02,1.4823632617e+00,-2.8854350335e-01,4.9805720703e-02,2.6325701860e-04,-6.1329575337e-03,2.8367436701e-03,9.9941165367e-01,-7.1212757691e-03,1.0177404730e-03,-3.3535028690e-02,1.7676473112e+00,-3.6020165163e-01,8.8504466559e-02,-2.1636798603e-03,-4.0922699355e-03,2.1493758723e-03,9.9758932424e-01,-2.1038614865e-02,-4.8449814502e-02,-4.5005914321e-02,1.0000000000e+00,1.0000563165e-04,1.0000699189e-04,1.0000573829e-04,6.0833269574e-09,6.0862487043e-09,6.0790361822e-09,8.2612201820e-09,4.6536113568e-09,1.0078176735e-08
5.8050000000e+00,5.2916708598e-01,-8.1118466741e-02,1.0302299968e+01,-3.1264165898e-02,4.2037710601e-02,4.0901361141e-02,1.4823664591e+00,-2.8857732983e-01,4.9811758349e-02,5.6040635670e-04,-7.1605028330e-03,1.7015681506e-03,9.9941443839e-01,-7.1953128985e-03,1.1228652354e-03,-3.3432723336e-02,1.7676410390e+00,-3.6025439682e-01,8.8497662795e-02,-1.4060868547e-03,-5.2743766069e-03,2.8380846525e-03,9.9759893393e-01,-2.1063316515e-02,-4.8305519091e-02,-4.4936405485e-02,1.0000000000e+00,1.0000563182e-04,1.0000699124e-04,1.0000573845e-04,6.0837679361e-09,6.0871005985e-09,6.0790246338e-09,8.2624611689e-09,4.6664289604e-09,1.0093450262e-08
5.8100000000e+00,-4.9194582687e-02,-2.0098745970e-01,1.0456536691e+01,-2.6102549970e-02,6.4646532116e-02,3.8088803292e-02,1.4824061879e+00,-2.8860868931e-01,4.9820846148e-02,7.9020505159e-03,-6.4672977532e-03,2.2647754802e-03,9.9941686667e-01,-7.2567020445e-03,1.2867877522e-03,-3.3340831698e-02,1.7676665173e+00,-3.6028687551e-01,8.8480483865e-02,2.1906430437e-03,-5.4338948700e-03,3.6492440494e-03,9.9761506290e-01,-2.1112026509e-02,-4.8032425954e-02,-4.4848128963e-02,1.0000000000e+00,1.0000563199e-04,1.0000699068e-04,1.0000573862e-04,6.0840194565e-09,6.0872761397e-09,6.0790409403e-09,8.2627884618e-09,4.6789383813e-09,1.0109688332e-08
5.8150000000e+00,-3.9671942753e-01,-1.7910397480e-01,1.0447320334e+01,-3.0884906067e-02,8.8179604909e-02,4.4430281075e-02,1.4824597979e+00,-2.8864491260e-01,4.9832466920e-02,1.0689948895e-02,-7.3930010111e-03,2.7609192781e-03,9.9941972104e-01,-7.3219280954e-03,1.5090413620e-03,-3.3231511637e-02,1.7677107455e+00,-3.6032629380e-01,8.8464934130e-02,4.6375247677e-03,-5.9572149471e-03,4.1841192684e-03,9.9763474828e-01,-2.1159097090e-02,-4.7693367961e-02,-4.4749796491e-02,1.0000000000e+00,1.0000563217e-04,1.0000699021e-04,1.0000573879e-04,6.0840982812e-09,6.0871659438e-09,6.0790717426e-09,8.2634095245e-09,4.6912959467e-09,1.0126542270e-08
5.8200000000e+00,-5.0269326177e-01,-1.9958226999e-01,1.0439402035e+01,-3.1670028923e-02,1.0385089795e-01,5.0943397412e-02,1.4825168786e+00,-2.8868841766e-01,4.9843683172e-02,1.1381501699e-02,-8.8758936576e-03,2.6874140300e-03,9.9942307943e-01,-7.3904231870e-03,1.7728533221e-03,-3.3102068398e-02,1.7677628301e+00,-3.6037531684e-01,8.8452376332e-02,5.8222477897e-03,-7.0862049749e-03,4.3169623415e-03,9.9765638729e-01,-2.1194489794e-02,-4.7325233094e-02,-4.4641335351e-02,1.0000000000e+00,1.0000563235e-04,1.0000698978e-04,1.0000573896e-04,6.0841284116e-09,6.0870752923e-09,6.0790939916e-09,8.2643940717e-09,4.7035655408e-09,1.0143635563e-08
5.8250000000e+00,6.6059358377e-01,-5.1476355797e-01,1.2686247432e+01,-2.8460471909e-02,1.1114779627e-01,5.5615799591e-02,1.4825725618e+00,-2.8873919735e-01,4.9851031633e-02,1.1087750496e-02,-1.0379072696e-02,1.9308105596e-03,9.9942674904e-01,-7.4528180229e-03,2.0551393100e-03,-3.2960661435e-02,1.7678066210e+00,-3.6042941189e-01,8.8425437372e-02,7.9181545916e-03,-9.0509722174e-03,8.5350661673e-03,9.9767716013e-01,-2.1223705005e-02,-4.6983423704e-02,-4.4524110236e-02,1.0000000000e+00,1.0000563249e-04,1.0000698879e-04,1.0000573909e-04,6.0857134420e-09,6.0900172795e-09,6.0790378859e-09,8.2593010983e-09,4.7139198342e-09,1.0158145680e-08
5.8300000000e+00,-7.9370666624e-01,-4.2971646290e-01,1.2322405605e+01,-5.0070811542e-02,1.8484061734e-01,7.3307230230e-02,1.4826999125e+00,-2.8879933526e-01,4.9882258453e-02,2.5482489132e-02,-1.2083292128e-02,6.6500659235e-03,9.9943075005e-01,-7.5623697832e-03,2.5206849573e-03,-3.2781588962e-02,1.7679112008e+00,-3.6047418111e-01,8.8390999466e-02,1.4774460365e-02,-1.0475467682e-02,1.2071941857e-02,9.9771589241e-01,-2.1321103857e-02,-4.6284918272e-02,-4.4340894280e-02,1.0000000000e+00,1.0000563264e-04,1.0000698812e-04,1.0000573923e-04,6.0860182500e-09,6.0899895135e-09,6.0791140518e-09,8.2531435764e-09,4.7238082433e-09,1.0175248351e-08
5.8350000000e+00,-1.4887685060e+00,-3.7598498994e-01,1.1843542148e+01,-6.4083688356e-02,2.3914362371e-01,8.7699708934e-02,1.4828525454e+00,-2.8886766890e-01,4.9930941702e-02,3.0575723028e-02,-1.3680169761e-02,1.0159500162e-02,9.9943509171e-01,-7.7033465923e-03,3.1280259948e-03,-3.2563343828e-02,1.7680524680e+00,-3.6052888818e-01,8.8378049801e-02,1.9335708387e-02,-1.1824066007e-02,1.4532089736e-02,9.9776145676e-01,-2.1442824662e-02,-4.5443191856e-02,-4.4127055157e-02,1.0000000000e+00,1.0000563283e-04,1.0000698769e-04,1.0000573938e-04,6.0857558417e-09,6.0891412500e-09,6.0792282761e-09,8.2491780506e-09,4.7338831580e-09,1.0193712403e-08
5.8400000000e+00,-1.9842911345e+00,-3.4124930325e-02,1.1102310893e+01,-6.9736868104e-02,2.7059404211e-01,9.8123502774e-02,1.4830051618e+00,-2.8894170228e-01,4.9987900183e-02,3.0593089357e-02,-1.4817440294e-02,1.1868134763e-02,9.9943947509e-01,-7.8562809093e-03,3.8148683438e-03,-3.2318125793e-02,1.7682063568e+00,-3.6060600108e-01,8.8388853190e-02,2.0395844835e-02,-1.2360556743e-02,1.4982363051e-02,9.9780897109e-01,-2.1552975319e-02,-4.4554192239e-02,-4.3905015922e-02,1.0000000000e+00,1.0000563304e-04,1.0000698749e-04,1.0000573954e-04,6.0851005832e-09,6.0879000555e-09,6.0793457765e-09,8.2485441258e-09,4.7446413020e-09,1.0212972118e-08
5.8450000000e+00,1.3792743066e+00,-1.9791668101e+00,1.7259587446e+01,-6.9147023590e-02,2.6424560133e-01,2.1950255021e-02,1.4831505247e+00,-2.8897966259e-01,5.0035735587e-02,2.9266466868e-02,-7.4098371658e-03,1.0044197939e-02,9.9943719033e-01,-8.0067933055e-03,4.4820473218e-03,-3.2266160335e-02,1.7683590452e+00,-3.6055221332e-01,8.8378403565e-02,2.5188722760e-02,-1.1838220038e-02,2.6818335133e-02,9.9784104941e-01,-2.1896486276e-02,-4.3802691220e-02,-4.3761949671e-02,1.0000000000e+00,1.0000563306e-04,1.0000698560e-04,1.0000573959e-04,6.0901750142e-09,6.0966478239e-09,6.0791135044e-09,8.2291422282e-09,4.7496648497e-09,1.0224323852e-08
5.8500000000e+00,-3.8893662597e-01,-1.1537557849e+00,1.5657254785e+01,-9.1984161573e-02,4.3466237539e-01,7.6866403309e-02,1.4834075627e+00,-2.8904584545e-01,5.0206873136e-02,5.1711266541e-02,-1.3275661098e-02,3.4811858914e-02,9.9943602062e-01,-8.2014843779e-03,5.5791101247e-03,-3.2081924248e-02,1.7685908456e+00,-3.6053876512e-01,8.8396721202e-02,3.7767874470e-02,-1.3433445830e-02,4.3020191205e-02,9.9791072322e-01,-2.2165246035e-02,-4.2316470683e-02,-4.3499501749e-02,1.0000000000e+00,1.0000563315e-04,1.0000698414e-04,1.0000573967e-04,6.0907007612e-09,6.0971617034e-09,6.0791528075e-09,8.2064679171e-09,4.7537526596e-09,1.0239142436e-08
5.8550000000e+00,-8.4865978598e-01,-6.6502820584e-01,1.4263314434e+01,-1.1504091500e-01,5.8840116731e-01,1.3126580378e-01,1.4837165143e+00,-2.8911735271e-01,5.0485174037e-02,6.2173474790e-02,-1.4598840273e-02,5.6395703658e-02,9.9943469309e-01,-8.4402313099e-03,7.0615367854e-03,-3.1767773491e-02,1.7688762337e+00,-3.6056063366e-01,8.8521423413e-02,4.8564382423e-02,-1.3956233072e-02,5.9667985625e-02,9.9799693842e-01,-2.2444067923e-02,-4.0457985840e-02,-4.3145406556e-02,1.0000000000e+00,1.0000563328e-04,1.0000698307e-04,1.0000573976e-04,6.0895276503e-09,6.0951076210e-09,6.0791799996e-09,8.1886776917e-09,4.7591984502e-09,1.0255714485e-08
5.8600000000e+00,-7.7232605552e-01,-4.1439844542e-01,1.2947281914e+01,-1.3881617858e-01,7.2469308383e-01,1.6569454889e-01,1.4840486172e+00,-2.8918548296e-01,5.0857572173e-02,6.6846537082e-02,-1.4116497403e-02,7.5353592879e-02,9.9943023172e-01,-8.7253822733e-03,8.8875648978e-03,-3.1370221902e-02,1.7691920121e+00,-3.6060373857e-01,8.8764469242e-02,5.6127005411e-02,-1.3508039239e-02,7.5156932660e-02,9.9809055906e-01,-2.2753823116e-02,-3.8345910241e-02,-4.2744480521e-02,1.0000000000e+00,1.0000563343e-04,1.0000698225e-04,1.0000573988e-04,6.0879867304e-09,6.0927169897e-09,6.0791664480e-09,8.1767801201e-09,4.7665647028e-09,1.0272664645e-08
5.8650000000e+00,2.4510468829e+00,-2.2609989879e+00,1.7587177428e+01,-1.6220373154e-01,8.4239124959e-01,1.9803980937e-01,1.4843937561e+00,-2.8923726726e-01,5.1313307804e-02,6.9420853630e-02,-1.0974201136e-02,9.2133388702e-02,9.9942122715e-01,-9.0544714196e-03,1.1008183185e-02,-3.0887653892e-02,1.7695259965e+00,-3.6054033226e-01,8.9089993259e-02,6.6037170743e-02,-1.5080004010e-02,1.0115234906e-01,9.9818567566e-01,-2.3301613989e-02,-3.6105927034e-02,-4.2175273770e-02,1.0000000000e+00,1.0000563340e-04,1.0000697967e-04,1.0000573990e-04,6.0921594806e-09,6.1007437701e-09,6.0790761071e-09,8.1485206255e-09,4.7691860928e-09,1.0279164745e-08
5.8700000000e+00,1.7057961988e+00,-1.5412889309e+00,1.5812008522e+01,-1.2830903633e-01,1.1284397472e+00,2.5760811042e-01,1.4848520709e+00,-2.8934309671e-01,5.1947690361e-02,9.2081575310e-02,-2.1987984531e-02,1.2811525450e-01,9.9940278311e-01,-9.2786762093e-03,1.3848097805e-02,-3.0269018206e-02,1.7699246600e+00,-3.6058366664e-01,8.9530207082e-02,8.2790354121e-02,-2.1026360197e-02,1.2957414220e-01,9.9831494607e-01,-2.3536834544e-02,-3.2973258697e-02,-4.1545758957e-02,1.0000000000e+00,1.0000563340e-04,1.0000697728e-04,1.0000573995e-04,6.0919710421e-09,6.1008752965e-09,6.0790686912e-09,8.1187149161e-09,4.7717678058e-09,1.0286406395e-08
5.8750000000e+00,1.5664328013e+00,-8.1131524501e-01,1.4169467973e+01,-1.1332730119e-01,1.4113315543e+00,3.0779134453e-01,1.4853893762e+00,-2.8948510975e-01,5.2735608156e-02,1.0788875012e-01,-2.9321765218e-02,1.5902168230e-01,9.9936805357e-01,-9.4403278616e-03,1.7389478702e-02,-2.9529303158e-02,1.7703863949e+00,-3.6071982854e-01,9.0135254619e-02,9.9215606401e-02,-2.6529855096e-02,1.5620845357e-01,9.9845881026e-01,-2.3615680280e-02,-2.9176052135e-02,-4.0878623198e-02,1.0000000000e+00,1.0000563345e-04,1.0000697526e-04,1.0000574003e-04,6.0901678408e-09,6.0983205782e-09,6.0790273019e-09,8.0949948959e-09,4.7764343951e-09,1.0294833929e-08
5.8800000000e+00,2.2162761290e+00,-2.4443279626e+00,1.2288057612e+01,-1.1542899233e-01,1.6789431065e+00,3.4776840990e-01,1.4859898379e+00,-2.8964867300e-01,5.3651586344e-02,1.2049912635e-01,-3.3677060033e-02,1.8476402840e-01,9.9930899601e-01,-9.5872598379e-03,2.1599129616e-02,-2.8689589295e-02,1.7709395424e+00,-3.6076973684e-01,9.0926389283e-02,1.1473605491e-01,-3.4790065391e-02,1.7883392443e-01,9.9860593399e-01,-2.3874003691e-02,-2.4809452738e-02,-4.0008894140e-02,1.0000000000e+00,1.0000563347e-04,1.0000697335e-04,1.0000574013e-04,6.0884696258e-09,6.0953539648e-09,6.0791943168e-09,8.0780930564e-09,4.7835709197e-09,1.0301532144e-08
5.8850000000e+00,3.2374584111e+00,-2.7133098550e+00,1.4502658544e+01,-4.0238518313e-02,1.9381635412e+00,3.8598155675e-01,1.4866538878e+00,-2.8986483926e-01,5.4665381386e-02,1.3315598927e-01,-4.4206548739e-02,2.0438286328e-01,9.9921908618e-01,-9.5204428608e-03,2.6450763872e-02,-2.7765735626e-02,1.7715416506e+00,-3.6089928057e-01,9.1811661272e-02,1.3047451406e-01,-4.4892441618e-02,2.0406714443e-01,9.9875263058e-01,-2.3861695358e-02,-1.9868196238e-02,-3.9103160799e-02,1.0000000000e+00,1.0000563342e-04,1.0000697064e-04,1.0000574020e-04,6.0898784607e-09,6.0984172450e-09,6.0794159790e-09,8.0554299703e-09,4.7889865228e-09,1.0302607762e-08
5.8900000000e+00,3.9247071224e+00,-4.2925243754e+00,1.0999874695e+01,8.2428966920e-02,2.2711167767e+00,3.8869171772e-01,1.4874442196e+00,-2.9013869280e-01,5.5795791922e-02,1.5832164519e-01,-5.5829026244e-02,2.2800508218e-01,9.9908162271e-01,-9.1229288532e-03,3.2124896747e-02,-2.6845378535e-02,1.7722704578e+00,-3.6093977790e-01,9.2867486686e-02,1.5360010230e-01,-5.9427833325e-02,2.2162165876e-01,9.9889561521e-01,-2.3722200881e-02,-1.4088772761e-02,-3.8030429611e-02,1.0000000000e+00,1.0000563336e-04,1.0000696803e-04,1.0000574031e-04,6.0884631341e-09,6.0954253172e-09,6.0800790595e-09,8.0382691832e-09,4.7969695532e-09,1.0300647032e-08
5.8950000000e+00,2.7542171438e+01,2.5125035154e+00,-7.6376564992e+01,3.3094261622e-01,2.6316477059e+00,3.8268892058e-01,1.4883536054e+00,-2.9049482352e-01,5.6989195826e-02,1.8196634881e-01,-7.2247240917e-02,2.4078659115e-01,9.9888136232e-01,-8.0808040450e-03,3.8683574820e-02,-2.5967395916e-02,1.7730384583e+00,-3.6123691707e-01,9.3975594980e-02,3.0188039564e-01,-7.5794001103e-02,-2.0518711638e-01,9.9902189964e-01,-2.2658505946e-02,-7.5254214550e-03,-3.7218331231e-02,0.0000000000e+00,1.0000563388e-04,1.0000696934e-04,1.0000574072e-04,1.6043992487e-08,1.6247416250e-08,1.5621617130e-08,8.0569269832e-09,4.8156273532e-09,1.0319304832e-08
5.9000000000e+00,-1.5364864792e+01,1.3351140990e+00,3.8345810522e+01,6.8634948873e-02,7.1579388414e+00,3.9996814319e-01,1.4895499094e+00,-2.9084982438e-01,5.7000135238e-02,2.3470145531e-01,-7.1749814193e-02,4.6045493448e-03,9.9805643277e-01,-7.3821852558e-03,5.6556182863e-02,-2.5104950238e-02,1.7745655294e+00,-3.6169873801e-01,9.3309820429e-02,2.3145317041e-01,-6.6880704502e-02,-1.5103888905e-02,9.9903407701e-01,-2.1998476805e-02,9.8951941723e-03,-3.6729621896e-02,1.0000000000e+00,1.0000563405e-04,1.0000696828e-04,1.0000574146e-04,7.1455401629e-09,7.1489410004e-09,7.1393677773e-09,8.0574970713e-09,4.8167771088e-09,1.0332490011e-08
5.9050000000e+00,-1.1286566659e+01,-4.8136249026e-01,3.5110703521e+01,5.0968757261e-02,5.9374292317e+00,4.1693246952e-01,1.4905666409e+00,-2.9116078941e-01,5.7440556646e-02,2.0055822954e-01,-6.3025964439e-02,9.0629041379e-02,9.9713404966e-01,-6.8054020906e-03,7.1366236467e-02,-2.4170928819e-02,1.7757858677e+00,-3.6205767835e-01,9.3131042074e-02,1.9237278483e-01,-6.0960221100e-02,9.8803020299e-02,9.9881365199e-01,-2.1261996823e-02,2.4941232874e-02,-3.6015982541e-02,1.0000000000e+00,1.0000563415e-04,1.0000696668e-04,1.0000574181e-04,6.2474080519e-09,6.2525084353e-09,6.2358502288e-09,8.0397010797e-09,4.8189443163e-09,1.0350883999e-08
5.9100000000e+00,-9.6901053099e+00,1.4362928504e-01,2.9144451144e+01,1.1643545727e-01,5.0479415583e+00,3.8833358465e-01,1.4915193444e+00,-2.9146634432e-01,5.8270413493e-02,1.8888853845e-01,-6.2134362792e-02,1.6886456170e-01,9.9617921213e-01,-6.1230779764e-03,8.3945142664e-02,-2.3295884925e-02,1.7768381087e+00,-3.6242922077e-01,9.3438000373e-02,1.7445506164e-01,-5.7740112270e-02,1.8003612475e-01,9.9844312968e-01,-2.0300378922e-02,3.8087702800e-02,-3.5334661581e-02,1.0000000000e+00,1.0000563424e-04,1.0000696487e-04,1.0000574173e-04,6.1310586305e-09,6.1421142884e-09,6.1049192677e-09,7.9797620066e-09,4.8002074439e-09,1.0371514272e-08
5.9150000000e+00,-7.5497371942e+00,4.9975675220e-01,2.3960035294e+01,1.5947134681e-01,4.3681823332e+00,3.6491800873e-01,1.4924121037e+00,-2.9175955160e-01,5.9413296343e-02,1.7766606786e-01,-5.9698661941e-02,2.3168074721e-01,9.9522632910e-01,-5.3826041127e-03,9.4817172159e-02,-2.2478552130e-02,1.7777737056e+00,-3.6280194741e-01,9.4182184106e-02,1.6547737770e-01,-5.5148495865e-02,2.4007158761e-01,9.9798747856e-01,-1.9256126145e-02,4.9462376913e-02,-3.4693911761e-02,1.0000000000e+00,1.0000563434e-04,1.0000696313e-04,1.0000574156e-04,6.1112665232e-09,6.1226986889e-09,6.0845016640e-09,7.9186985655e-09,4.7817089686e-09,1.0390782515e-08
5.9200000000e+00,-5.4526491706e+00,6.9333128216e-01,1.9615527162e+01,1.8251022026e-01,3.8589891196e+00,3.4439762855e-01,1.4932621115e+00,-2.9203826611e-01,6.0797144329e-02,1.6961268760e-01,-5.6730143048e-02,2.7995166134e-01,9.9428696687e-01,-4.6146416099e-03,1.0440636745e-01,-2.1712738834e-02,1.7786344979e+00,-3.6316358985e-01,9.5284211924e-02,1.6136168429e-01,-5.2676717474e-02,2.8431597656e-01,9.9748632904e-01,-1.8216200169e-02,5.9389328043e-02,-3.4089604640e-02,1.0000000000e+00,1.0000563445e-04,1.0000696157e-04,1.0000574145e-04,6.1023574864e-09,6.1120270505e-09,6.0806609662e-09,7.8722577543e-09,4.7714312517e-09,1.0407627507e-08
5.9250000000e+00,-1.9485865558e+00,1.3776399275e-03,2.0804036953e+01,1.9797055920e-01,3.4849719445e+00,3.2591591182e-01,1.4940902842e+00,-2.9230262677e-01,6.2356938312e-02,1.6554181307e-01,-5.3735413110e-02,3.1510825242e-01,9.9335946291e-01,-3.8383168777e-03,1.1305585107e-01,-2.0990934081e-02,1.7794321925e+00,-3.6347705435e-01,9.6651001181e-02,1.6500047983e-01,-5.1745294987e-02,3.2472182224e-01,9.9696838280e-01,-1.7277191293e-02,6.8068768333e-02,-3.3499031932e-02,1.0000000000e+00,1.0000563442e-04,1.0000695861e-04,1.0000574133e-04,6.1008647859e-09,6.1132215361e-09,6.0792726381e-09,7.8223733760e-09,4.7631986090e-09,1.0413405395e-08
5.9300000000e+00,-2.2793053149e+00,8.1764130662e-01,1.6987182000e+01,3.2324390536e-01,3.3491306804e+00,2.4025690692e-01,1.4950445066e+00,-2.9255645935e-01,6.4085849867e-02,1.9094139354e-01,-5.1581943128e-02,3.4941820372e-01,9.9239310856e-01,-2.7828396586e-03,1.2135684472e-01,-2.0510731986e-02,1.7803047751e+00,-3.6379432806e-01,9.8173949535e-02,1.8105642308e-01,-4.8757641497e-02,3.5401797751e-01,9.9637068484e-01,-1.6034202182e-02,7.6741769559e-02,-3.3152127530e-02,1.0000000000e+00,1.0000563445e-04,1.0000695632e-04,1.0000574132e-04,6.0959561071e-09,6.1064893517e-09,6.0791664394e-09,7.7831376064e-09,4.7610809016e-09,1.0422337562e-08
5.9350000000e+00,-1.7180546568e+00,1.0282848299e+00,1.3712324803e+01,3.8853265548e-01,3.2904024805e+00,1.7585533768e-01,1.4960783128e+00,-2.9278996987e-01,6.5937792327e-02,2.0695164943e-01,-4.7366227851e-02,3.7432875782e-01,9.9137280376e-01,-1.5861320903e-03,1.2949539227e-01,-2.0208699226e-02,1.7812510186e+00,-3.6409601640e-01,9.9883306745e-02,1.9777256104e-01,-4.4959173471e-02,3.7412258540e-01,9.9571173202e-01,-1.4655757714e-02,8.5180539974e-02,-3.2979252321e-02,1.0000000000e+00,1.0000563454e-04,1.0000695469e-04,1.0000574138e-04,6.0909624455e-09,6.0989365759e-09,6.0791752474e-09,7.7596985490e-09,4.7651642760e-09,1.0432762074e-08
5.9400000000e+00,-9.8551191209e-01,9.9888702493e-01,1.1053574393e+01,4.1660974072e-01,3.2723717177e+00,1.3044243255e-01,1.4971709398e+00,-2.9300285653e-01,6.7866986511e-02,2.1874319394e-01,-4.3042331104e-02,3.8989385465e-01,9.9028800911e-01,-3.4069679083e-04,1.3758108124e-01,-2.0024710407e-02,1.7822635502e+00,-3.6437177233e-01,1.0173730966e-01,2.1245376517e-01,-4.1205792542e-02,3.8608209275e-01,9.9499276501e-01,-1.3232211306e-02,9.3439436595e-02,-3.2914705704e-02,1.0000000000e+00,1.0000563467e-04,1.0000695353e-04,1.0000574150e-04,6.0870444071e-09,6.0929546045e-09,6.0791839706e-09,7.7493098399e-09,4.7740126706e-09,1.0444006065e-08
5.9450000000e+00,-2.7375103085e+00,2.0601532035e+00,1.6491253963e+01,4.1939656537e-01,3.2809807493e+00,1.0298188369e-01,1.4983130675e+00,-2.9319935108e-01,6.9831734168e-02,2.2861841637e-01,-3.9564531266e-02,3.9696270967e-01,9.8913126941e-01,9.0205228955e-04,1.4567808309e-01,-1.9910155411e-02,1.7833351393e+00,-3.6467407684e-01,1.0357934959e-01,2.2332933994e-01,-3.5177134346e-02,4.0608268629e-01,9.9419758183e-01,-1.1738881918e-02,1.0172258820e-01,-3.2952723438e-02,1.0000000000e+00,1.0000563474e-04,1.0000695163e-04,1.0000574158e-04,6.0902829192e-09,6.0981018242e-09,6.0793862039e-09,7.7282595945e-09,4.7791146244e-09,1.0452528855e-08
5.9500000000e+00,6.2385355954e-01,1.4151064456e+00,1.1840379515e+01,4.7515227144e-01,3.4670414038e+00,3.9922175218e-02,1.4995696973e+00,-2.9334511528e-01,7.1905935234e-02,2.5150766930e-01,-2.9450676048e-02,4.1964421473e-01,9.8783288682e-01,2.2692320711e-03,1.5421478809e-01,-1.9970914820e-02,1.7844715990e+00,-3.6488204448e-01,1.0559496548e-01,2.4655196223e-01,-2.8629957368e-02,4.1748977271e-01,9.9328189630e-01,-1.0212719468e-02,1.1040846747e-01,-3.3117143020e-02,1.0000000000e+00,1.0000563481e-04,1.0000694980e-04,1.0000574168e-04,6.0871670245e-09,6.0949107059e-09,6.0795207166e-09,7.7148622444e-09,4.7876528081e-09,1.0458107212e-08
5.9550000000e+00,1.1193333818e+00,1.5037486029e+00,9.6394731176e+00,4.7203583270e-01,3.6138256377e+00,-7.6242087389e-03,1.5009566162e+00,-2.9346688127e-01,7.4007515396e-02,2.7744174627e-01,-2.4547663701e-02,4.2550311093e-01,9.8639565598e-01,3.6135636094e-03,1.6310979118e-01,-2.0143188619e-02,1.7857205040e+00,-3.6508104412e-01,1.0768163274e-01,2.7181749807e-01,-2.3118337968e-02,4.2100023161e-01,9.9224294275e-01,-8.6566252309e-03,1.1942300032e-01,-3.3423829733e-02,1.0000000000e+00,1.0000563491e-04,1.0000694833e-04,1.0000574182e-04,6.0845602650e-09,6.0912129272e-09,6.0796724448e-09,7.7096519762e-09,4.7990867981e-09,1.0464046574e-08
5.9600000000e+00,1.3850909669e+00,1.9911880179e+00,9.1765813923e+00,4.6809734733e-01,3.7030544873e+00,-3.0382625584e-02,1.5024538841e+00,-2.9356167423e-01,7.6100291871e-02,2.9938524368e-01,-1.9017972052e-02,4.2384184749e-01,9.8483688100e-01,4.9426536706e-03,1.7221187126e-01,-2.0370552090e-02,1.7870795690e+00,-3.6527259372e-01,1.0978883381e-01,2.9573589934e-01,-1.6760003886e-02,4.2023033300e-01,9.9109512092e-01,-7.0794586431e-03,1.2859955359e-01,-3.3800848690e-02,1.0000000000e+00,1.0000563502e-04,1.0000694691e-04,1.0000574199e-04,6.0834181955e-09,6.0896270796e-09,6.0799003740e-09,7.7083103770e-09,4.8117887089e-09,1.0469329116e-08
5.9650000000e+00,-1.3999861134e+01,1.9017060179e+00,3.6628729285e+01,4.7735440380e-01,3.6777366101e+00,-3.4514546369e-02,1.5040532883e+00,-2.9361651872e-01,7.8169762145e-02,3.1973780273e-01,-1.0917004695e-02,4.1905685957e-01,9.8320371820e-01,6.2895629167e-03,1.8123487162e-01,-2.0610949264e-02,1.7886918745e+00,-3.6529269594e-01,1.1146578263e-01,3.0257260250e-01,-7.1840111922e-03,4.7661406442e-01,9.8976584671e-01,-5.8107188526e-03,1.3844621345e-01,-3.4094724226e-02,1.0000000000e+00,1.0000563476e-04,1.0000694177e-04,1.0000574178e-04,6.1155505496e-09,6.1356558465e-09,6.0795549887e-09,7.6088154879e-09,4.7860429623e-09,1.0471281687e-08
5.9700000000e+00,-4.2243365673e+00,1.3090699650e+00,2.3077699191e+01,3.9177684484e-01,2.5897617201e+00,-7.5512630558e-03,1.5057034737e+00,-2.9364532690e-01,8.0646487688e-02,3.3073944368e-01,-6.0374800161e-03,5.0101936918e-01,9.8200255819e-01,7.3833471471e-03,1.8757733410e-01,-2.0765491246e-02,1.7902361827e+00,-3.6537787883e-01,1.1369376607e-01,3.2439035475e-01,-3.2759969598e-03,5.1793563642e-01,9.8880369006e-01,-4.5362368349e-03,1.4514750177e-01,-3.4334935691e-02,1.0000000000e+00,1.0000563454e-04,1.0000693688e-04,1.0000574157e-04,6.1091327147e-09,6.1293249327e-09,6.0793886132e-09,7.5267287496e-09,4.7676883233e-09,1.0464106657e-08
5.9750000000e+00,1.8009171450e+00,9.3782179765e-01,1.5172670892e+01,3.4807920505e-01,1.9721718384e+00,1.0613320448e-02,1.5074792416e+00,-2.9365938950e-01,8.3303569666e-02,3.5610026051e-01,-3.2182753235e-03,5.3719815070e-01,9.8105889371e-01,8.3455311371e-03,1.9240123026e-01,-2.0870212638e-02,1.7918581345e+00,-3.6539425882e-01,1.1628344425e-01,3.5510632739e-01,7.0299736711e-04,5.3887860382e-01,9.8808051875e-01,-3.5025920667e-03,1.4999113147e-01,-3.4456941280e-02,0.0000000000e+00,1.0000563497e-04,1.0000693862e-04,1.0000574191e-04,1.5609520379e-08,1.5722929963e-08,1.5510414645e-08,7.5453865496e-09,4.7863461233e-09,1.0482764457e-08
5.9800000000e+00,5.4513448921e+00,6.0575901303e-01,1.0443475759e+01,3.2394455565e-01,1.5964464491e+00,2.2752782881e-02,1.5094264243e+00,-2.9366700623e-01,8.6001098844e-02,3.9033514566e-01,-1.9425013229e-03,5.4508091674e-01,9.8027785358e-01,9.2357349710e-03,1.9629438682e-01,-2.0941458646e-02,1.7936336661e+00,-3.6539074383e-01,1.1897783727e-01,3.9676515859e-01,1.6615983073e-03,5.3157043108e-01,9.8747848977e-01,-2.5563039277e-03,1.5390571459e-01,-3.4535902597e-02,0.0000000000e+00,1.0000563602e-04,1.0000694289e-04,1.0000574291e-04,2.5101436629e-08,2.5372432720e-08,2.4957636715e-08,7.5640443496e-09,4.8050039233e-09,1.0501422257e-08
5.9850000000e+00,-3.6297048430e+00,-1.4309007650e+00,2.6080871686e+01,3.1022994461e-01,1.3335938355e+00,3.2855081799e-02,1.5115719711e+00,-2.9367461031e-01,8.8651511876e-02,4.2981666438e-01,-1.8960101293e-03,5.3526181588e-01,9.7961209883e-01,1.0082391487e-02,1.9954472557e-01,-2.0985321298e-02,1.7956174919e+00,-3.6538243584e-01,1.2163568942e-01,4.1869770130e-01,-4.9515212309e-03,6.1237066317e-01,9.8696440233e-01,-1.6626435670e-03,1.5717046889e-01,-3.4582478926e-02,0.0000000000e+00,1.0000563816e-04,1.0000695000e-04,1.0000574510e-04,3.4844387891e-08,3.5464194804e-08,3.4399220711e-08,7.5827021496e-09,4.8236617233e-09,1.0520080057e-08
5.9900000000e+00,2.5965040256e+00,-1.7519181420e+00,1.5032566871e+01,2.1688473691e-01,2.8885845669e-01,8.4231996551e-02,1.5138721550e+00,-2.9373711448e-01,9.1488750855e-02,4.6080865469e-01,-1.3183823239e-02,5.7255851003e-01,9.7946620531e-01,1.0670828527e-02,2.0023987380e-01,-2.0882505148e-02,1.7977109804e+00,-3.6540719345e-01,1.2469754274e-01,4.5374179522e-01,-1.5153518831e-02,6.3086737777e-01,9.8685866187e-01,-1.0694285907e-03,1.5786473285e-01,-3.4461049482e-02,0.0000000000e+00,1.0000564208e-04,1.0000696137e-04,1.0000574888e-04,4.4504587486e-08,4.5485403729e-08,4.3861214500e-08,7.6013599496e-09,4.8423195233e-09,1.0538737857e-08
5.9950000000e+00,6.0187269798e+00,-1.9264305175e+00,8.7323365690e+00,1.6025363960e-01,-2.6908912284e-01,1.1222684822e-01,1.5163488718e+00,-2.9385691168e-01,9.4340347948e-02,4.9590594241e-01,-2.4746201367e-02,5.7515706921e-01,9.7960257329e-01,1.1110004582e-02,1.9956734209e-01,-2.0694013183e-02,1.7999796894e+00,-3.6548296104e-01,1.2785187963e-01,4.9521945965e-01,-2.7202689052e-02,6.1405351625e-01,9.8697461681e-01,-6.5295011836e-04,1.5718728977e-01,-3.4246684060e-02,0.0000000000e+00,1.0000564820e-04,1.0000697683e-04,1.0000575480e-04,5.4065539261e-08,5.5401855626e-08,5.3346362145e-08,7.6200177496e-09,4.8609773233e-09,1.0557395657e-08
6.0000000000e+00,7.7808128766e+00,-1.9637843936e+00,5.1719922907e+00,1.2554022521e-01,-5.7437303130e-01,1.3060984227e-01,1.5190117468e+00,-2.9403469375e-01,9.7106605471e-02,5.3285303261e-01,-3.6326869495e-02,5.5769131753e-01,9.7989078907e-01,1.1454990669e-02,1.9815256083e-01,-2.0454518410e-02,1.8024557867e+00,-3.6561897449e-01,1.3092214721e-01,5.3947301966e-01,-3.9881603722e-02,5.7763453400e-01,9.8721059564e-01,-3.4103736845e-04,1.5575934799e-01,-3.3972769574e-02,0.0000000000e+00,1.0000565695e-04,1.0000699651e-04,1.0000576335e-04,6.3557293529e-08,6.5249005389e-08,6.2855080393e-08,7.6386755496e-09,4.8796351233e-09,1.0576053457e-08
6.0050000000e+00,1.0147396592e+01,-4.9677342219e+00,9.4279809708e+00,1.0029390981e-01,-7.4493386560e-01,1.3883180415e-01,1.5218627621e+00,-2.9427034608e-01,9.9730702224e-02,5.7019498472e-01,-4.7820342681e-02,5.2881571671e-01,9.8026203870e-01,1.1733425054e-02,1.9631936835e-01,-2.0183355517e-02,1.8051531518e+00,-3.6581838251e-01,1.3381031988e-01,6.0046581767e-01,-6.8538733453e-02,5.5811450452e-01,9.8751074579e-01,-1.0271665288e-04,1.5391214843e-01,-3.3668486320e-02,0.0000000000e+00,1.0000566877e-04,1.0000702064e-04,1.0000577503e-04,7.3158083679e-08,7.5450203807e-08,7.2434175833e-08,7.6573333496e-09,4.8982929233e-09,1.0594711257e-08
6.0100000000e+00,1.0585572008e+01,-4.6342822567e+00,3.8350271232e+00,6.0366839508e-02,-1.5955477179e+00,1.9099779697e-01,1.5249598733e+00,-2.9463353813e-01,1.0221000816e-01,6.1895493590e-01,-7.3357310601e-02,4.9926145033e-01,9.8104497583e-01,1.1896743162e-02,1.9239974301e-01,-1.9787920176e-02,1.8081554809e+00,-3.6616107617e-01,1.3660089240e-01,6.5505498576e-01,-9.5373615875e-02,5.1148737655e-01,9.8813279156e-01,-1.4490791818e-05,1.4996683190e-01,-3.3219502766e-02,0.0000000000e+00,1.0000568432e-04,1.0000705049e-04,1.0000579044e-04,8.2654196965e-08,8.5437703843e-08,8.2036186251e-08,7.6759911496e-09,4.9169507233e-09,1.0613369057e-08
6.0150000000e+00,1.0033480254e+01,-4.3554755947e+00,1.0901836797e+00,1.8301425370e-02,-2.0570462138e+00,2.2153400497e-01,1.5282700705e+00,-2.9511458813e-01,1.0448394283e-01,6.6120856357e-01,-9.6870342523e-02,4.5772150209e-01,9.8203102690e-01,1.1951213534e-02,1.8734796242e-01,-1.9312474776e-02,1.8114307558e+00,-3.6663794425e-01,1.3915832928e-01,7.0304104413e-01,-1.2045082058e-01,4.5299243828e-01,9.8890918971e-01,-5.7058060555e-05,1.4488174944e-01,-3.2678585237e-02,0.0000000000e+00,1.0000570400e-04,1.0000708594e-04,1.0000581002e-04,9.2105684026e-08,9.5297410989e-08,9.1649045561e-08,7.6946489496e-09,4.9356085233e-09,1.0632026857e-08
6.0200000000e+00,9.0640070526e+00,-4.0894364490e+00,-3.4197802111e-02,-1.9898726455e-02,-2.2937077758e+00,2.3775126651e-01,1.5317648723e+00,-2.9570521940e-01,1.0652976591e-01,6.9789191071e-01,-1.1868786181e-01,4.1173336332e-01,9.8310129839e-01,1.1904291976e-02,1.8170643652e-01,-1.8785522558e-02,1.8149459610e+00,-3.6724019835e-01,1.4142329148e-01,7.4499147732e-01,-1.4378261990e-01,3.9098827329e-01,9.8974296214e-01,-2.0752462652e-04,1.3921036091e-01,-3.2082724835e-02,0.0000000000e+00,1.0000572824e-04,1.0000712711e-04,1.0000583423e-04,1.0154875904e-07,1.0509173981e-07,1.0126462626e-07,7.7133067496e-09,4.9542663233e-09,1.0650684657e-08
6.0250000000e+00,2.5420034690e+01,-6.7426149755e+00,-1.0580235938e+01,-5.6729895664e-02,-2.4064949155e+00,2.4646853978e-01,1.5354196466e+00,-2.9639818793e-01,1.0834517160e-01,7.2975476210e-01,-1.3904237136e-01,3.6536771967e-01,9.8418937403e-01,1.1763207776e-02,1.7578608962e-01,-1.8225083884e-02,1.8186709184e+00,-3.6795911145e-01,1.4337823284e-01,8.5018622629e-01,-1.8505461477e-01,2.5637982806e-01,9.9058210879e-01,-4.5512920613e-04,1.3325799950e-01,-3.1451298405e-02,0.0000000000e+00,1.0000575750e-04,1.0000717426e-04,1.0000586352e-04,1.1078628863e-07,1.1506913028e-07,1.1123344497e-07,7.7319645496e-09,4.9729241233e-09,1.0669342457e-08
6.0300000000e+00,1.9029252715e+01,-5.9803611565e+00,-8.7366539179e+00,-4.2945978153e-02,-3.1765444805e+00,2.6931509493e-01,1.5394382932e+00,-2.9725142281e-01,1.0962541594e-01,8.0223453943e-01,-1.7078722355e-01,2.5786016840e-01,9.8556768446e-01,1.1630878761e-02,1.6795800269e-01,-1.7640049270e-02,1.8229218496e+00,-3.6888438453e-01,1.4466013198e-01,9.2837164390e-01,-2.2051059745e-01,1.4035915337e-01,9.9163000847e-01,-7.2151086622e-04,1.2539096270e-01,-3.0765438241e-02,0.0000000000e+00,1.0000579221e-04,1.0000722840e-04,1.0000589873e-04,1.2014828313e-07,1.2501450037e-07,1.2115611826e-07,7.7506223496e-09,4.9915819233e-09,1.0688000257e-08
6.0350000000e+00,1.3853733737e+01,-5.4101856924e+00,-6.3771010125e+00,-6.5762792118e-02,-3.6301773917e+00,2.8010364729e-01,1.5437273243e+00,-2.9824890458e-01,1.1045969790e-01,8.5629063791e-01,-1.9947421059e-01,1.6861332211e-01,9.8706577886e-01,1.1424802231e-02,1.5899895215e-01,-1.7028074218e-02,1.8275637078e+00,-3.6998693752e-01,1.4536192775e-01,9.8575454151e-01,-2.5154892736e-01,4.3450906805e-02,9.9274830282e-01,-1.0759107968e-03,1.1639197191e-01,-3.0042612144e-02,0.0000000000e+00,1.0000583283e-04,1.0000728961e-04,1.0000594023e-04,1.2959858015e-07,1.3491032096e-07,1.3100789660e-07,7.7692801496e-09,5.0102397233e-09,1.0706658057e-08
6.0400000000e+00,9.6355352240e+00,-4.9514661211e+00,-4.0654732905e+00,-1.0475258672e-01,-3.8778545538e+00,2.8838611162e-01,1.5482137562e+00,-2.9937720729e-01,1.1093000073e-01,8.9590520666e-01,-2.2555719694e-01,9.5936543509e-02,9.8857535556e-01,1.1111652195e-02,1.4942115065e-01,-1.6389548730e-02,1.8324924805e+00,-3.7124468215e-01,1.4557918228e-01,1.0263704702e+00,-2.7904861710e-01,-3.6280180562e-02,9.9385109657e-01,-1.5431725664e-03,1.0677092915e-01,-2.9284554931e-02,0.0000000000e+00,1.0000587985e-04,1.0000735814e-04,1.0000598840e-04,1.3910558165e-07,1.4473455289e-07,1.4077946304e-07,7.7879379496e-09,5.0288975233e-09,1.0725315857e-08
6.0450000000e+00,3.7442589705e+01,-5.7621033649e+00,-3.1751316021e+01,-1.5103250377e-01,-3.9831622423e+00,2.9245529323e-01,1.5528398481e+00,-3.0062453900e-01,1.1110812244e-01,9.2404028877e-01,-2.4932675682e-01,3.7669334315e-02,9.9002979100e-01,1.0682107705e-02,1.3956945631e-01,-1.5724896706e-02,1.8376243328e+00,-3.7263992524e-01,1.4539778138e-01,1.1736192442e+00,-3.1826293202e-01,-2.7991286676e-01,9.9488551060e-01,-2.1318938107e-03,9.6881273989e-02,-2.8500782115e-02,0.0000000000e+00,1.0000593374e-04,1.0000743430e-04,1.0000604366e-04,1.4850131429e-07,1.5528510285e-07,1.5142143822e-07,7.8065957496e-09,5.0475553233e-09,1.0743973657e-08
6.0500000000e+00,2.4799833875e+01,-5.0748692275e+00,-1.9684496971e+01,-1.1519612712e-01,-4.5010405303e+00,2.6063571145e-01,1.5579505611e+00,-3.0200827145e-01,1.1040795230e-01,1.0219611709e+00,-2.7652259318e-01,-1.3686992730e-01,9.9155102990e-01,1.0308036893e-02,1.2841436008e-01,-1.5167451933e-02,1.8434924291e+00,-3.7423123990e-01,1.4399821705e-01,1.2746757443e+00,-3.5055302249e-01,-4.4917755312e-01,9.9593037181e-01,-2.6758453050e-03,8.5689899917e-02,-2.7798838386e-02,0.0000000000e+00,1.0000599463e-04,1.0000751875e-04,1.0000610713e-04,1.5815995129e-07,1.6591708259e-07,1.6183611998e-07,7.8252535496e-09,5.0662131233e-09,1.0762631457e-08
6.0550000000e+00,1.5439670587e+01,-4.4725152780e+00,-1.0626847222e+01,-1.2646768437e-01,-4.8620910299e+00,2.4210234434e-01,1.5633970496e+00,-3.0351467001e-01,1.0909692868e-01,1.0900636098e+00,-3.0118651204e-01,-2.5767105631e-01,9.9305089393e-01,9.8838078980e-03,1.1634919390e-01,-1.4666202371e-02,1.8498658078e+00,-3.7598400501e-01,1.4175232928e-01,1.3403161121e+00,-3.7722076104e-01,-5.6351990639e-01,9.9691409988e-01,-3.2765515745e-03,7.3588496869e-02,-2.7134383949e-02,0.0000000000e+00,1.0000606315e-04,1.0000761206e-04,1.0000617908e-04,1.6784555846e-07,1.7632763730e-07,1.7198914616e-07,7.8439113496e-09,5.0848709233e-09,1.0781289257e-08
6.0600000000e+00,8.4552425439e+00,-3.9603045151e+00,-3.7220238083e+00,-1.5862008218e-01,-5.0738149137e+00,2.3161320655e-01,1.5690622969e+00,-3.0513072894e-01,1.0737629786e-01,1.1345322085e+00,-3.2328022637e-01,-3.3840902867e-01,9.9445898975e-01,9.3655942615e-03,1.0374163371e-01,-1.4187204842e-02,1.8565673883e+00,-3.7787010882e-01,1.3893472975e-01,1.3782766196e+00,-3.9934754189e-01,-6.3696499667e-01,9.9778147790e-01,-3.9731718580e-03,6.0950161829e-02,-2.6484222546e-02,0.0000000000e+00,1.0000613989e-04,1.0000771473e-04,1.0000625984e-04,1.7747729091e-07,1.8642687433e-07,1.8189001294e-07,7.8625691496e-09,5.1035287233e-09,1.0799947057e-08
6.0650000000e+00,4.7095108309e+01,-1.8732818507e+00,-5.1900027991e+01,-2.0041355101e-01,-5.1572750100e+00,2.2791476817e-01,1.5748530133e+00,-3.0684388978e-01,1.0539684906e-01,1.1600738646e+00,-3.4282509800e-01,-3.8933040263e-01,9.9572667220e-01,8.7405689870e-03,9.0907360489e-02,-1.3705784795e-02,1.8634587714e+00,-3.7986684652e-01,1.3574990477e-01,1.5795642111e+00,-4.2247938935e-01,-9.7206570212e-01,9.9849717843e-01,-4.7794778195e-03,4.8096385225e-02,-2.5831743958e-02,0.0000000000e+00,1.0000622540e-04,1.0000782721e-04,1.0000634974e-04,1.8793578654e-07,1.9942865753e-07,1.9364757338e-07,7.8812269496e-09,5.1221865233e-09,1.0818604857e-08
6.0700000000e+00,2.9073334359e+01,-1.8095135458e+00,-2.6770445305e+01,-1.7327608253e-01,-5.2377041989e+00,1.0768732521e-01,1.5813002674e+00,-3.0861759640e-01,1.0229791624e-01,1.2947213313e+00,-3.5594255901e-01,-6.0862332535e-01,9.9683895859e-01,8.1552729904e-03,7.7861645060e-02,-1.3533158517e-02,1.8713565925e+00,-3.8197924347e-01,1.3088957625e-01,1.7107124552e+00,-4.4002512963e-01,-1.1681600198e+00,9.9904610118e-01,-5.5368841263e-03,3.5030524189e-02,-2.5477303823e-02,0.0000000000e+00,1.0000631949e-04,1.0000795029e-04,1.0000645037e-04,1.9825999945e-07,2.1188861931e-07,2.0482620770e-07,7.8998847496e-09,5.1408443233e-09,1.0837262657e-08
6.0750000000e+00,1.6163842518e+01,-1.6441064245e+00,-9.3945356296e+00,-1.7379743766e-01,-5.4136980540e+00,2.7456558311e-02,1.5881855583e+00,-3.1044844548e-01,9.8548176562e-02,1.3844838208e+00,-3.6833754482e-01,-7.3481232679e-01,9.9780539918e-01,7.5453398294e-03,6.4369469130e-02,-1.3565568743e-02,1.8799101548e+00,-3.8417936912e-01,1.2504877616e-01,1.7875120431e+00,-4.5281584403e-01,-1.2695929912e+00,9.9942794568e-01,-6.3128434187e-03,2.1517840306e-02,-2.5316238828e-02,0.0000000000e+00,1.0000642300e-04,1.0000808511e-04,1.0000656187e-04,2.0811298456e-07,2.2328109511e-07,2.1537261547e-07,7.9185425496e-09,5.1595021233e-09,1.0855920457e-08
6.0800000000e+00,6.8899667388e+00,-1.4002638136e+00,2.5983391323e+00,-1.9073445180e-01,-5.5556963754e+00,-2.5728246981e-02,1.5953341922e+00,-3.1232865062e-01,9.4473448123e-02,1.4381501023e+00,-3.7885651853e-01,-7.9704263092e-01,9.9860532189e-01,6.8839083641e-03,5.0512930940e-02,-1.3728317434e-02,1.8888477150e+00,-3.8644344834e-01,1.1870081120e-01,1.8220963664e+00,-4.6141049168e-01,-1.3070391005e+00,9.9962564967e-01,-7.1417778202e-03,7.6465789129e-03,-2.5280137866e-02,0.0000000000e+00,1.0000653668e-04,1.0000823237e-04,1.0000668445e-04,2.1753740037e-07,2.3363457194e-07,2.2533720253e-07,7.9372003496e-09,5.1781599233e-09,1.0874578257e-08
6.0850000000e+00,3.6752285758e+01,5.2778401483e+00,-4.3152321484e+01,-2.1200008897e-01,-5.6155130594e+00,-5.7043967901e-02,1.6026049293e+00,-3.1424798397e-01,9.0297003177e-02,1.4626521335e+00,-3.8697702286e-01,-8.1588569839e-01,9.9921721849e-01,6.1643408824e-03,3.6495856940e-02,-1.3964368677e-02,1.8979581968e+00,-3.8875050080e-01,1.1216561570e-01,2.0035559406e+00,-4.4736260667e-01,-1.5749333458e+00,9.9962694894e-01,-8.0268384936e-03,-6.3748617193e-03,-2.5315883621e-02,0.0000000000e+00,1.0000666112e-04,1.0000839247e-04,1.0000681833e-04,2.2846806320e-07,2.4833961763e-07,2.3749240871e-07,7.9558581496e-09,5.1968177233e-09,1.0893236057e-08
6.0900000000e+00,1.9474409604e+01,3.7897778771e+00,-1.3380960691e+01,-2.9950492377e-01,-5.0869376402e+00,-2.9284665323e-01,1.6104511591e+00,-3.1609626693e-01,8.5326745458e-02,1.5814457775e+00,-3.7559213218e-01,-9.6783348539e-01,9.9959404702e-01,5.2351608943e-03,2.3800439056e-02,-1.4760533734e-02,1.9079759765e+00,-3.9098731383e-01,1.0429094897e-01,2.1025817698e+00,-4.3445402445e-01,-1.6898914829e+00,9.9943995385e-01,-9.0919227288e-03,-1.9073518973e-02,-2.5948342074e-02,0.0000000000e+00,1.0000679606e-04,1.0000856669e-04,1.0000696510e-04,2.3837953759e-07,2.6089178497e-07,2.4853121188e-07,7.9745159496e-09,5.2154755233e-09,1.0911893857e-08
6.0950000000e+00,7.2880604714e+00,2.9630655196e+00,5.5987291121e+00,-3.2478402002e-01,-4.9026073569e+00,-4.5595168518e-01,1.6186219230e+00,-3.1788837360e-01,8.0051488935e-02,1.6476787188e+00,-3.6639598136e-01,-1.0244062866e+00,9.9979673877e-01,4.2433283368e-03,1.1566372291e-02,-1.5959146190e-02,1.9184888854e+00,-3.9315958395e-01,9.5841491554e-02,2.1386659926e+00,-4.2100207355e-01,-1.7098209122e+00,9.9909317869e-01,-1.0199002971e-02,-3.1310706113e-02,-2.6989633662e-02,0.0000000000e+00,1.0000694240e-04,1.0000875589e-04,1.0000712476e-04,2.4743808287e-07,2.7141272115e-07,2.5853309164e-07,7.9931737496e-09,5.2341333233e-09,1.0930551657e-08
6.1000000000e+00,-1.3971545387e+00,2.5494437218e+00,1.7388441064e+01,-3.2503109405e-01,-4.8330934706e+00,-5.7174712637e-01,1.6269191544e+00,-3.1962758376e-01,7.4779497514e-02,1.6726485250e+00,-3.5694533369e-01,-1.0217079615e+00,9.9984243840e-01,3.2589883211e-03,-4.9247371647e-04,-1.7442329105e-02,1.9291822153e+00,-3.9526459432e-01,8.7292386993e-02,2.1270080556e+00,-4.0598501179e-01,-1.6727964095e+00,9.9859372513e-01,-1.1291412526e-02,-4.3372503017e-02,-2.8317876277e-02,0.0000000000e+00,1.0000710078e-04,1.0000896029e-04,1.0000729733e-04,2.5601867447e-07,2.8040648957e-07,2.6768858962e-07,8.0118315496e-09,5.2527911233e-09,1.0949209457e-08
6.1050000000e+00,6.5137248367e+00,7.3683595664e+00,-3.9751048626e+00,-3.0891290141e-01,-4.7680851546e+00,-6.4863472161e-01,1.6351874035e+00,-3.2131101998e-01,6.9695658867e-02,1.6655334079e+00,-3.4613393384e-01,-9.8400743368e-01,9.9973771822e-01,2.3174609106e-03,-1.2394120261e-02,-1.9118313713e-02,1.9398172556e+00,-3.9729451938e-01,7.8928404946e-02,2.1632305933e+00,-3.7151878705e-01,-1.7395403893e+00,9.9794953379e-01,-1.2328986014e-02,-5.5268953860e-02,-2.9833988172e-02,0.0000000000e+00,1.0000727172e-04,1.0000917972e-04,1.0000748290e-04,2.6535580207e-07,2.9102296181e-07,2.7763440930e-07,8.0304893496e-09,5.2714489233e-09,1.0967867257e-08
6.1100000000e+00,-3.5247478464e+00,4.9903675647e+00,1.3423690127e+01,-5.2387753363e-01,-3.9794905497e+00,-8.5240731611e-01,1.6435338529e+00,-3.2287828920e-01,6.4508853211e-02,1.6814259161e+00,-3.2548183113e-01,-1.0027529458e+00,9.9952386661e-01,8.8891306662e-04,-2.2308840870e-02,-2.1297078096e-02,1.9506334086e+00,-3.9915211332e-01,7.0230702999e-02,2.1399111284e+00,-3.4372060006e-01,-1.7243911669e+00,9.9726745667e-01,-1.3814350628e-02,-6.5181398651e-02,-3.1908758407e-02,0.0000000000e+00,1.0000745525e-04,1.0000941448e-04,1.0000768229e-04,2.7409527207e-07,2.9970109119e-07,2.8654927931e-07,8.0491471496e-09,5.2901067233e-09,1.0986525057e-08
6.1150000000e+00,-1.0398502267e+01,3.8015839092e+00,2.2964251143e+01,-5.8676080531e-01,-3.5434081531e+00,-9.7738311276e-01,1.6517816309e+00,-3.2434604943e-01,5.9459040093e-02,1.6605719820e+00,-3.0662848180e-01,-9.7576280930e-01,9.9923217263e-01,-6.6474813994e-04,-3.1131933350e-02,-2.3778688238e-02,1.9613329642e+00,-4.0087071632e-01,6.1608747165e-02,2.0748839461e+00,-3.1790199044e-01,-1.6668892642e+00,9.9654864445e-01,-1.5400019638e-02,-7.3999710997e-02,-3.4317363000e-02,0.0000000000e+00,1.0000765203e-04,1.0000966434e-04,1.0000789543e-04,2.8261042008e-07,3.0714572717e-07,2.9475661302e-07,8.0678049496e-09,5.3087645233e-09,1.1005182857e-08
6.1200000000e+00,-9.7639307018e+01,3.8772165769e+00,3.6039086480e+01,-5.7621700040e-01,-3.2712667122e+00,-1.0423253890e+00,1.6598034912e+00,-3.2571721951e-01,5.4666370398e-02,1.6136657582e+00,-2.8723054754e-01,-9.2629526555e-01,9.9887688302e-01,-2.1699064801e-03,-3.9269927748e-02,-2.6422279585e-02,1.9744162589e+00,-4.0452353789e-01,1.0435585573e-01,1.6124139611e+00,-2.8639973521e-01,-9.4860238557e-01,9.9516937315e-01,-1.8022419773e-02,-8.9016929377e-02,-3.7270597232e-02,1.0000000000e+00,1.0000629640e-04,1.0000787080e-04,1.0000641750e-04,9.6678266582e-09,9.6802975636e-09,9.6738301276e-09,8.1317319998e-09,5.1874327318e-09,1.0563603080e-08
6.1250000000e+00,-7.3261583602e+01,5.7341857780e+00,5.0394714262e+01,-3.5681555807e-01,1.3799145916e+00,-1.0717596075e+00,1.6656710057e+00,-3.2685882313e-01,5.0398676104e-02,1.1781955116e+00,-2.3756476323e-01,-8.3658496870e-01,9.9892957972e-01,-2.8499225465e-03,-3.5805332944e-02,-2.9147055364e-02,1.9817478875e+00,-4.0581389148e-01,9.9381851441e-02,1.1892599735e+00,-2.3217113873e-01,-8.2979296239e-01,9.9530368096e-01,-1.8552165042e-02,-8.6642314404e-02,-3.8980882528e-02,1.0000000000e+00,1.0000628181e-04,1.0000787858e-04,1.0000641558e-04,6.5805464184e-09,6.6943991043e-09,6.6412981179e-09,8.1570149145e-09,5.0681498786e-09,1.0225399545e-08
6.1300000000e+00,-8.1116158902e+01,8.8890710637e+00,9.9214450772e+01,-1.8751913894e-01,3.8017639322e+00,-9.4434449256e-01,1.6700701732e+00,-3.2773218732e-01,4.6789289377e-02,8.8052752753e-01,-1.7966055953e-01,-7.1425885962e-01,9.9915155552e-01,-2.9626961946e-03,-2.6301581746e-02,-3.1553420115e-02,1.9894791537e+00,-4.0710192745e-01,9.4182284255e-02,8.1253836714e-01,-1.6292267364e-01,-6.2025507029e-01,9.9550654117e-01,-1.8972862997e-02,-8.3298543807e-02,-4.0842497035e-02,1.0000000000e+00,1.0000627721e-04,1.0000786253e-04,1.0000641296e-04,6.3090097587e-09,6.5995628663e-09,6.4003240879e-09,8.1252827843e-09,4.5946202728e-09,9.5095953629e-09
6.1350000000e+00,-5.5674694451e+01,5.9737504006e+00,7.2217221406e+01,-2.8557054532e-02,3.6418790318e+00,-6.7285824528e-01,1.6729798152e+00,-3.2828732112e-01,4.4580764786e-02,5.8121614485e-01,-1.1277728834e-01,-4.3980228108e-01,9.9929477541e-01,-2.7105251711e-03,-1.7204404576e-02,-3.3265798511e-02,1.9940959166e+00,-4.0807590868e-01,9.0539435705e-02,5.4262235274e-01,-1.0589060780e-01,-4.0885354218e-01,9.9617061257e-01,-1.8558324208e-02,-7.3930618422e-02,-4.2824793236e-02,1.0000000000e+00,1.0000627545e-04,1.0000784866e-04,1.0000640704e-04,6.2475790213e-09,6.4721677986e-09,6.2936463321e-09,8.0255365987e-09,4.2248702068e-09,9.1023298512e-09
6.1400000000e+00,-3.7611146149e+01,3.5317639749e+00,5.2574658365e+01,3.6543135893e-02,3.1957382735e+00,-4.5786496559e-01,1.6748741418e+00,-3.2863615400e-01,4.3377294317e-02,3.7785775484e-01,-7.0331142499e-02,-2.4030770329e-01,9.9936166981e-01,-2.3376998726e-03,-9.2258678163e-03,-3.4433580075e-02,1.9970442013e+00,-4.0868672475e-01,8.8035374433e-02,3.5586063802e-01,-6.6861067998e-02,-2.3446006053e-01,9.9676950784e-01,-1.7902582225e-02,-6.4627202285e-02,-4.4196951391e-02,1.0000000000e+00,1.0000627494e-04,1.0000784235e-04,1.0000640264e-04,6.1908243131e-09,6.3185256714e-09,6.1999722558e-09,7.9398435103e-09,4.0166873812e-09,8.9373104038e-09
6.1450000000e+00,-2.5142820257e+01,2.3117609365e+00,3.8690711211e+01,6.5687495631e-02,2.6405434383e+00,-3.0301961131e-01,1.6760723129e+00,-3.2886085925e-01,4.2878788934e-02,2.3864292472e-01,-4.5234935714e-02,-9.9433575515e-02,9.9937478197e-01,-1.9413662908e-03,-2.6345427425e-03,-3.5204196508e-02,1.9989457194e+00,-4.0903224154e-01,8.6582024400e-02,2.2692912494e-01,-4.1920317448e-02,-1.0274641248e-01,9.9720691247e-01,-1.7174330376e-02,-5.7088339032e-02,-4.4992639949e-02,1.0000000000e+00,1.0000627497e-04,1.0000784024e-04,1.0000640006e-04,6.1481137861e-09,6.2126374741e-09,6.1403877162e-09,7.8813100376e-09,3.9123626417e-09,8.8875140264e-09
6.1500000000e+00,-1.8441582977e+01,7.7978275606e-01,2.9866176579e+01,7.2094346393e-02,2.0715231623e+00,-2.2688428811e-01,1.6768901743e+00,-3.2897484246e-01,4.2799891574e-02,1.6310658948e-01,-2.2613342370e-02,-1.5377297900e-02,9.9935511039e-01,-1.5751391088e-03,2.5353721811e-03,-3.5783434153e-02,2.0001969355e+00,-4.0927197343e-01,8.5832402336e-02,1.4610616827e-01,-2.3141962336e-02,-1.4796316464e-02,9.9750209026e-01,-1.6836573038e-02,-5.1102775119e-02,-4.5766976213e-02,1.0000000000e+00,1.0000627513e-04,1.0000783968e-04,1.0000639863e-04,6.1215340304e-09,6.1556510056e-09,6.1107103273e-09,7.8435422419e-09,3.8620664238e-09,8.8823855050e-09
6.1550000000e+00,-1.3027640564e+01,6.6690666120e-02,2.3183620179e+01,6.7184477665e-02,1.5460364924e+00,-1.5977321543e-01,1.6774096143e+00,-3.2902897529e-01,4.3014800074e-02,1.0378977761e-01,-1.0622491735e-02,4.3675977245e-02,9.9932363253e-01,-1.2704830304e-03,6.3883354392e-03,-3.6191884574e-02,2.0010174791e+00,-4.0937761813e-01,8.5618517324e-02,9.0617882858e-02,-1.1354357660e-02,4.4123706250e-02,9.9769701390e-01,-1.6570282124e-02,-4.6749971666e-02,-4.6265909124e-02,1.0000000000e+00,1.0000627534e-04,1.0000783962e-04,1.0000639790e-04,6.1053413219e-09,6.1235077149e-09,6.0951350047e-09,7.8225480137e-09,3.8410046085e-09,8.8940262696e-09
6.1600000000e+00,-8.7760212074e+00,-2.1088215843e-01,1.8063604468e+01,5.5924427563e-02,1.0746276383e+00,-1.0675485130e-01,1.6777009426e+00,-3.2905045051e-01,4.3425186370e-02,5.8405249605e-02,-4.1800517694e-03,8.2990091071e-02,9.9929323706e-01,-1.0356549668e-03,9.0700068753e-03,-3.6464897555e-02,2.0015245433e+00,-4.0941656646e-01,8.5773951824e-02,5.0726146051e-02,-4.5134723674e-03,8.2161647090e-02,9.9781967194e-01,-1.6342552257e-02,-4.3820207297e-02,-4.6568365873e-02,1.0000000000e+00,1.0000627557e-04,1.0000783965e-04,1.0000639756e-04,6.0954348938e-09,6.1051505601e-09,6.0868936862e-09,7.8132241565e-09,3.8366067138e-09,8.9115906933e-09
6.1650000000e+00,-5.5620539346e+00,-1.8258119309e-01,1.4262844992e+01,4.3948058213e-02,6.7333447654e-01,-6.8233810662e-02,1.6778229691e+00,-3.2905341450e-01,4.3954821000e-02,2.4680317100e-02,-5.5858517525e-04,1.0694101038e-01,9.9927031881e-01,-8.6641089866e-04,1.0746575947e-02,-3.6641375156e-02,2.0018001690e+00,-4.0943154513e-01,8.6165851298e-02,2.1652400714e-02,-4.4171207154e-04,1.0487918228e-01,9.9789059919e-01,-1.6154928009e-02,-4.2041902917e-02,-4.6753061450e-02,1.0000000000e+00,1.0000627581e-04,1.0000783963e-04,1.0000639745e-04,6.0894210576e-09,6.0948314471e-09,6.0826421054e-09,7.8115953084e-09,3.8417542118e-09,8.9306660716e-09
6.1700000000e+00,-2.9104427016e+00,-1.5130161393e-01,1.1373647928e+01,3.2560392921e-02,3.3636187662e-01,-5.6846843241e-02,1.6778117260e+00,-3.2904791343e-01,4.4551735472e-02,-1.9098815042e-03,1.1115618549e-03,1.2038248586e-01,9.9925578874e-01,-7.5909482474e-04,1.1587061817e-02,-3.6783589242e-02,2.0018983461e+00,-4.0944126935e-01,8.6706626345e-02,-1.9745901462e-04,1.5369012118e-03,1.1679974230e-01,9.9792043653e-01,-1.6007915940e-02,-4.1210247665e-02,-4.6906976709e-02,1.0000000000e+00,1.0000627604e-04,1.0000783949e-04,1.0000639747e-04,6.0857371487e-09,6.0890749824e-09,6.0804591104e-09,7.8150243815e-09,3.8524044502e-09,8.9492497510e-09
6.1750000000e+00,-1.0228202324e+00,-1.4337238334e-01,9.2954789228e+00,2.0367162600e-02,6.7546477779e-02,-4.1059472170e-02,1.6777135641e+00,-3.2903593406e-01,4.5169900980e-02,-1.9287432683e-02,2.4149363078e-03,1.2456758341e-01,9.9924998470e-01,-7.0180529150e-04,1.1759864174e-02,-3.6887411588e-02,2.0018726180e+00,-4.0944497531e-01,8.7322221351e-02,-1.5293125403e-02,2.6276298584e-03,1.2028087067e-01,9.9792145253e-01,-1.5924655576e-02,-4.1089339785e-02,-4.7019635018e-02,1.0000000000e+00,1.0000627625e-04,1.0000783923e-04,1.0000639757e-04,6.0835116963e-09,6.0860175410e-09,6.0794727088e-09,7.8215723037e-09,3.8661119266e-09,8.9667593000e-09
6.1800000000e+00,1.5354070942e-01,-1.5618268262e-01,7.9636884181e+00,1.3520468016e-02,-1.3604569132e-01,-2.9316679366e-02,1.6775622533e+00,-3.2901925873e-01,4.5777287489e-02,-2.9944752602e-02,3.3796988230e-03,1.2232952180e-01,9.9925132004e-01,-6.8341348836e-04,1.1422720799e-02,-3.6957459252e-02,2.0017672107e+00,-4.0944140619e-01,8.7959835538e-02,-2.5190556230e-02,3.3082573563e-03,1.1787901816e-01,9.9790190854e-01,-1.5890203465e-02,-4.1486812207e-02,-4.7096993388e-02,1.0000000000e+00,1.0000627646e-04,1.0000783888e-04,1.0000639772e-04,6.0822267794e-09,6.0844931625e-09,6.0791095589e-09,7.8300271884e-09,3.8814022672e-09,8.9831925976e-09
6.1850000000e+00,9.2450211176e-01,-1.3543081973e-01,7.1259349696e+00,5.3922658557e-03,-2.8244114692e-01,-1.8027992875e-02,1.6773823733e+00,-3.2899939103e-01,4.6352804441e-02,-3.5701646892e-02,4.0532198507e-03,1.1587511484e-01,9.9925752459e-01,-6.9411574215e-04,1.0716274401e-02,-3.7001070347e-02,2.0016127378e+00,-4.0943215862e-01,8.8585453021e-02,-3.0946027344e-02,3.8262616873e-03,1.1150360201e-01,9.9786778141e-01,-1.5898947905e-02,-4.2248272510e-02,-4.7140192447e-02,1.0000000000e+00,1.0000627665e-04,1.0000783847e-04,1.0000639789e-04,6.0814914135e-09,6.0837603322e-09,6.0790089701e-09,7.8396019579e-09,3.8974984372e-09,8.9987504084e-09
6.1900000000e+00,1.3840529381e+00,-7.3875021808e-02,6.6156068330e+00,-3.0213340583e-04,-3.7561141475e-01,-4.4320981389e-03,1.6771920957e+00,-3.2898037086e-01,4.6885975949e-02,-3.7839351707e-02,3.9208700925e-03,1.0734029884e-01,9.9926681129e-01,-7.2714422171e-04,9.7770071654e-03,-3.7009745409e-02,2.0014312254e+00,-4.0942401786e-01,8.9177738677e-02,-3.3535126819e-02,3.9506496098e-03,1.0289425089e-01,9.9782454300e-01,-1.5929699628e-02,-4.3236277986e-02,-4.7149234544e-02,1.0000000000e+00,1.0000627684e-04,1.0000783801e-04,1.0000639808e-04,6.0810671097e-09,6.0834048983e-09,6.0790053577e-09,7.8498286835e-09,3.9140000576e-09,9.0137195723e-09
6.1950000000e+00,1.5912608787e+00,-6.0553050005e-02,6.4053886057e+00,-1.3820882335e-03,-4.3109288563e-01,4.5116987748e-03,1.6770037636e+00,-3.2896106011e-01,4.7367426206e-02,-3.7502171321e-02,4.0095403311e-03,9.6942731474e-02,9.9927718897e-01,-7.7407717206e-04,8.6974150223e-03,-3.6998045596e-02,2.0012412392e+00,-4.0941353780e-01,8.9723403138e-02,-3.3930480635e-02,4.0290170672e-03,9.2825628463e-02,9.9777558601e-01,-1.5973062467e-02,-4.4354446175e-02,-4.7131988631e-02,1.0000000000e+00,1.0000627702e-04,1.0000783753e-04,1.0000639828e-04,6.0808537848e-09,6.0832551791e-09,6.0790239854e-09,7.8603446102e-09,3.9306858406e-09,9.0283636306e-09
6.2000000000e+00,1.6345832879e+00,-1.4902636748e-01,6.4452129656e+00,-4.6012995978e-03,-4.5902681661e-01,9.3213034209e-03,1.6768255367e+00,-3.2894141382e-01,4.7793902707e-02,-3.5522940231e-02,4.1034818360e-03,8.5904732478e-02,9.9928730197e-01,-8.2880050333e-04,7.5529666169e-03,-3.6975044249e-02,2.0010554719e+00,-4.0939734942e-01,9.0214351380e-02,-3.2849511809e-02,3.9421341323e-03,8.2262348122e-02,9.9772321267e-01,-1.6035214935e-02,-4.5531911044e-02,-4.7096792506e-02,1.0000000000e+00,1.0000627720e-04,1.0000783703e-04,1.0000639848e-04,6.0808004740e-09,6.0832489196e-09,6.0790353070e-09,7.8708168831e-09,3.9474080513e-09,9.0428702027e-09
6.2050000000e+00,1.6214488618e+00,-1.1174319336e-01,6.5694790843e+00,-6.7841859757e-03,-4.6099025021e-01,1.1814916224e-02,1.6766621105e+00,-3.2892207566e-01,4.8165173317e-02,-3.2594341437e-02,4.0652536655e-03,7.4828312061e-02,9.9929637645e-01,-8.8660064578e-04,6.4023486224e-03,-3.6945579934e-02,2.0008797027e+00,-4.0938101120e-01,9.0647977421e-02,-3.0715543381e-02,3.9720849484e-03,7.1629979711e-02,9.9766986828e-01,-1.6103933904e-02,-4.6705319139e-02,-4.7054334535e-02,1.0000000000e+00,1.0000627738e-04,1.0000783652e-04,1.0000639869e-04,6.0808221008e-09,6.0833211775e-09,6.0790391729e-09,7.8810713081e-09,3.9640937611e-09,9.0573471241e-09
6.2100000000e+00,1.6051271431e+00,-6.1824257936e-02,6.7099749839e+00,-7.3235168517e-03,-4.4623737518e-01,1.4845124634e-02,1.6765120222e+00,-3.2890547848e-01,4.8487507276e-02,-2.9967765822e-02,3.5157482758e-03,6.5014898143e-02,9.9930435772e-01,-9.4658465897e-04,5.2935042077e-03,-3.6903704819e-02,2.0007147921e+00,-4.0937043827e-01,9.1027329783e-02,-2.8360374399e-02,3.7633554298e-03,6.1768401377e-02,9.9761722012e-01,-1.6165184871e-02,-4.7839595919e-02,-4.7010019959e-02,1.0000000000e+00,1.0000627755e-04,1.0000783599e-04,1.0000639890e-04,6.0808777430e-09,6.0834333978e-09,6.0790394296e-09,7.8910671376e-09,3.9807069850e-09,9.0717903257e-09
6.2150000000e+00,1.4964713071e+00,-1.3161978733e-01,6.9353516783e+00,-7.5495910629e-03,-4.1640024546e-01,1.6473306315e-02,1.6763789573e+00,-3.2888988458e-01,4.8761298609e-02,-2.6587629418e-02,3.3261289472e-03,5.5282880194e-02,9.9931093068e-01,-1.0054211179e-03,4.2510207940e-03,-3.6858944238e-02,2.0005664243e+00,-4.0935721311e-01,9.1353679150e-02,-2.5677712114e-02,3.4695392975e-03,5.2412505881e-02,9.9756763236e-01,-1.6228166366e-02,-4.8890912208e-02,-4.6958962831e-02,1.0000000000e+00,1.0000627773e-04,1.0000783546e-04,1.0000639910e-04,6.0809834326e-09,6.0835668213e-09,6.0790321410e-09,7.9006841616e-09,3.9972125432e-09,9.0863215426e-09
6.2200000000e+00,1.3150426682e+00,-1.2327561242e-01,7.2693371710e+00,-8.0960932811e-03,-3.8311494735e-01,1.5864283207e-02,1.6762642523e+00,-3.2887472434e-01,4.8989661287e-02,-2.2927207994e-02,3.2603193419e-03,4.6174966923e-02,9.9931609658e-01,-1.0615228992e-03,3.2926148048e-03,-3.6815363234e-02,2.0004366878e+00,-4.0934312957e-01,9.1628083743e-02,-2.2842880084e-02,3.3910770372e-03,4.3826244432e-02,9.9752160813e-01,-1.6291164089e-02,-4.9848565963e-02,-4.6907992493e-02,1.0000000000e+00,1.0000627790e-04,1.0000783493e-04,1.0000639931e-04,6.0811405702e-09,6.0837506755e-09,6.0790210810e-09,7.9097879217e-09,4.0135592629e-09,9.1010381583e-09
6.2250000000e+00,1.2035535670e+00,-1.0272038726e-01,7.5940495760e+00,-7.1806864910e-03,-3.4548689234e-01,1.6186305027e-02,1.6761679300e+00,-3.2885991160e-01,4.9177280171e-02,-1.9253053534e-02,3.2174944557e-03,3.8004922717e-02,9.9932000922e-01,-1.1140331466e-03,2.4301662800e-03,-3.6774616103e-02,2.0003247742e+00,-4.0932926555e-01,9.1855049297e-02,-1.9799996340e-02,3.4214703732e-03,3.6105053796e-02,9.9747997690e-01,-1.6347438921e-02,-5.0703920122e-02,-4.6856903610e-02,1.0000000000e+00,1.0000627808e-04,1.0000783439e-04,1.0000639951e-04,6.0813223976e-09,6.0839945280e-09,6.0790132029e-09,7.9182844292e-09,4.0297150254e-09,9.1158790879e-09
6.2300000000e+00,1.1065099008e+00,-9.6485809773e-02,7.8060712354e+00,-1.0254277923e-02,-3.0154565537e-01,2.2617921983e-02,1.6760852229e+00,-3.2884753857e-01,4.9333751313e-02,-1.6555383981e-02,2.6893973760e-03,3.1762160019e-02,9.9932359738e-01,-1.1669490938e-03,1.6753136119e-03,-3.6717560792e-02,2.0002276875e+00,-4.0932011107e-01,9.2043229057e-02,-1.7221238112e-02,3.1602604065e-03,2.9677453361e-02,9.9744389397e-01,-1.6400451308e-02,-5.1447333144e-02,-4.6796105481e-02,1.0000000000e+00,1.0000627825e-04,1.0000783384e-04,1.0000639971e-04,6.0814778937e-09,6.0841931706e-09,6.0790080147e-09,7.9263305769e-09,4.0456998295e-09,9.1308056169e-09
6.2350000000e+00,9.5229499666e-01,-7.8543242362e-02,7.9930958663e+00,-1.0624660009e-02,-2.5971411777e-01,2.1239456786e-02,1.6760175710e+00,-3.2883568857e-01,4.9461102485e-02,-1.3551371704e-02,2.5851458095e-03,2.5921304467e-02,9.9932643673e-01,-1.2170380554e-03,1.0255634780e-03,-3.6662513525e-02,2.0001466934e+00,-4.0931135582e-01,9.2196868456e-02,-1.4739591103e-02,3.0738694102e-03,2.3939426535e-02,9.9741296804e-01,-1.6450135280e-02,-5.2078858080e-02,-4.6739242382e-02,1.0000000000e+00,1.0000627843e-04,1.0000783331e-04,1.0000639990e-04,6.0816112246e-09,6.0843271864e-09,6.0790041064e-09,7.9340153130e-09,4.0615415135e-09,9.1459410321e-09
6.2400000000e+00,8.4086837446e-01,-9.8261016206e-02,8.2496561765e+00,-1.0764663275e-02,-2.1864043787e-01,1.9415606171e-02,1.6759646794e+00,-3.2882280932e-01,4.9561975634e-02,-1.0595039907e-02,2.8167313438e-03,2.0607586453e-02,9.9932854265e-01,-1.2657137997e-03,4.7958934299e-04,-3.6614639121e-02,2.0000816654e+00,-4.0929944159e-01,9.2318762154e-02,-1.2260277615e-02,3.1841117128e-03,1.8937637594e-02,9.9738731648e-01,-1.6499667339e-02,-5.2600456842e-02,-4.6685049351e-02,1.0000000000e+00,1.0000627860e-04,1.0000783278e-04,1.0000640009e-04,6.0817711167e-09,6.0845146431e-09,6.0790020988e-09,7.9412374711e-09,4.0772112855e-09,9.1612294618e-09
6.2450000000e+00,7.3110338463e-01,6.3767436597e-02,8.4433471520e+00,-1.4144915973e-02,-1.7938960647e-01,1.4722592821e-02,1.6759254961e+00,-3.2880747547e-01,4.9639333302e-02,-7.8427053662e-03,3.3470723794e-03,1.5886765493e-02,9.9933012439e-01,-1.3180594560e-03,3.5692770717e-05,-3.6572721064e-02,2.0000302530e+00,-4.0929030250e-01,9.2412619772e-02,-9.8537611406e-03,3.9020814030e-03,1.4452206416e-02,9.9736613730e-01,-1.6547755547e-02,-5.3018546381e-02,-4.6647547486e-02,1.0000000000e+00,1.0000627878e-04,1.0000783225e-04,1.0000640028e-04,6.0819039183e-09,6.0846836652e-09,6.0790050820e-09,7.9480624173e-09,4.0927313114e-09,9.1766788881e-09
6.2500000000e+00,5.7703066784e-01,5.9422537216e-02,8.6811147259e+00,-2.3902554729e-02,-1.3737087847e-01,2.7215702546e-02,1.6758978271e+00,-3.2878990081e-01,4.9697624923e-02,-5.5585700733e-03,3.7270586726e-03,1.2062725638e-02,9.9933264025e-01,-1.3917260999e-03,-3.0391649887e-04,-3.6499929720e-02,1.9999920973e+00,-4.0928026005e-01,9.2481455532e-02,-7.8835888267e-03,4.4534295783e-03,1.0799652800e-02,9.9735169010e-01,-1.6612926423e-02,-5.3324871909e-02,-4.6584063374e-02,1.0000000000e+00,1.0000627896e-04,1.0000783172e-04,1.0000640047e-04,6.0820585764e-09,6.0848566005e-09,6.0790087219e-09,7.9544855006e-09,4.1080756890e-09,9.1923116742e-09
6.2550000000e+00,4.7151728483e-01,-8.2521248371e-02,8.8941348804e+00,-3.3009792262e-02,-1.0044512535e-01,2.9522891182e-02,1.6758807859e+00,-3.2876928491e-01,4.9739603310e-02,-3.4336195298e-03,4.3276056221e-03,8.7858444465e-03,9.9933517243e-01,-1.4842071207e-03,-5.5207167148e-04,-3.6423968516e-02,1.9999672608e+00,-4.0926110681e-01,9.2529997298e-02,-6.1041942169e-03,4.7957303130e-03,7.7755346972e-03,9.9734246036e-01,-1.6705361233e-02,-5.3531525458e-02,-4.6511540994e-02,1.0000000000e+00,1.0000627913e-04,1.0000783120e-04,1.0000640065e-04,6.0822263517e-09,6.0850396468e-09,6.0790098543e-09,7.9604837861e-09,4.1232318430e-09,9.2080793093e-09
6.2600000000e+00,2.9170290516e-01,-1.2478301186e-01,9.0862925049e+00,-4.0417470408e-02,-6.8676330953e-02,2.6123274422e-02,1.6758723757e+00,-3.2874610306e-01,4.9768394276e-02,-1.6986772627e-03,4.8684599629e-03,6.1340964483e-03,9.9933738315e-01,-1.5908800674e-03,-7.2183659872e-04,-3.6355779374e-02,1.9999543925e+00,-4.0923670826e-01,9.2561174233e-02,-4.7548881035e-03,5.2265849851e-03,5.3158949479e-03,9.9733719976e-01,-1.6816746473e-02,-5.3651250625e-02,-4.6446208954e-02,1.0000000000e+00,1.0000627931e-04,1.0000783070e-04,1.0000640084e-04,6.0823812536e-09,6.0851771181e-09,6.0790156398e-09,7.9661558996e-09,4.1382078568e-09,9.2240634470e-09
6.2650000000e+00,2.5744287229e-01,-3.4468661855e-02,9.2516692296e+00,-4.4318592840e-02,-4.2693254304e-02,2.3105549649e-02,1.6758703984e+00,-3.2872125656e-01,4.9786967653e-02,-3.9932771093e-04,5.2481181024e-03,4.0780090751e-03,9.9933922301e-01,-1.7064436279e-03,-8.2589366009e-04,-3.6297703879e-02,1.9999477631e+00,-4.0921431359e-01,9.2578308399e-02,-3.5238489380e-03,5.8248538407e-03,3.4110473109e-03,9.9733491910e-01,-1.6928320461e-02,-5.3704102606e-02,-4.6393539042e-02,1.0000000000e+00,1.0000627949e-04,1.0000783019e-04,1.0000640102e-04,6.0825175075e-09,6.0853551142e-09,6.0790220060e-09,7.9714591980e-09,4.1530180027e-09,9.2401247528e-09
6.2700000000e+00,3.3629185894e-01,-7.3314330587e-01,9.0792419441e+00,-5.3681030315e-02,-1.9781296301e-02,3.6134425689e-02,1.6758726286e+00,-3.2869655085e-01,4.9796714193e-02,4.2362896062e-04,5.1323467555e-03,2.3056089273e-03,9.9934217140e-01,-1.8441405312e-03,-8.7102775657e-04,-3.6208630370e-02,1.9999514944e+00,-4.0916540288e-01,9.2591215455e-02,-2.4831236368e-03,4.6048676936e-03,1.3067891974e-03,9.9733717036e-01,-1.7095454135e-02,-5.3699490552e-02,-4.6289078426e-02,1.0000000000e+00,1.0000627965e-04,1.0000782967e-04,1.0000640119e-04,6.0825760348e-09,6.0853158474e-09,6.0790235851e-09,7.9768003977e-09,4.1677722669e-09,9.2560451774e-09
6.2750000000e+00,1.7260647632e-01,-4.7677283819e-01,9.3441263788e+00,-2.8305499655e-02,6.1025570284e-03,4.0837226975e-02,1.6758806705e+00,-3.2868192231e-01,4.9796082417e-02,1.5845711505e-03,3.1036517967e-03,2.1903531845e-04,9.9934559333e-01,-1.9161672636e-03,-8.5414322045e-04,-3.6110716205e-02,1.9999592945e+00,-4.0913775409e-01,9.2587817232e-02,-1.6935474581e-03,3.4472624404e-03,-3.1988830735e-04,9.9734462761e-01,-1.7173700489e-02,-5.3627880089e-02,-4.6182337189e-02,1.0000000000e+00,1.0000627983e-04,1.0000782916e-04,1.0000640137e-04,6.0826947125e-09,6.0854450798e-09,6.0790304051e-09,7.9818423880e-09,4.1823542260e-09,9.2721244586e-09
6.2800000000e+00,-5.7974319887e-02,8.6403376723e-02,9.7025805812e+00,-7.0073747082e-03,2.5397568155e-02,3.7197927971e-02,1.6758927093e+00,-3.2867243598e-01,4.9788529690e-02,2.3912981747e-03,2.1032011473e-03,-1.1748064724e-03,9.9934890360e-01,-1.9357504457e-03,-7.9053179863e-04,-3.6019394857e-02,1.9999683851e+00,-4.0913821816e-01,9.2569029138e-02,-1.3081662253e-03,3.5529346019e-03,-1.1877276242e-03,9.9735512162e-01,-1.7163543937e-02,-5.3504682968e-02,-4.6102310474e-02,1.0000000000e+00,1.0000628002e-04,1.0000782867e-04,1.0000640155e-04,6.0828478385e-09,6.0856956017e-09,6.0790412834e-09,7.9864032248e-09,4.1967233532e-09,9.2885335008e-09
6.2850000000e+00,-2.9767976370e-02,2.4615814510e-01,9.7508003671e+00,-1.7263464335e-02,3.2245555018e-02,2.9538712082e-02,1.6759054390e+00,-3.2865691525e-01,4.9779961373e-02,2.5411827585e-03,3.3602626927e-03,-1.3841600319e-03,9.9935154398e-01,-1.9765994091e-03,-7.0603966237e-04,-3.5945599169e-02,1.9999782824e+00,-4.0913800629e-01,9.2547312521e-02,-9.8723501700e-04,4.6682562818e-03,-1.5639287447e-03,9.9736499654e-01,-1.7178810148e-02,-5.3365092573e-02,-4.6044750535e-02,1.0000000000e+00,1.0000628021e-04,1.0000782817e-04,1.0000640172e-04,6.0829388345e-09,6.0858577646e-09,6.0790551263e-09,7.9906587942e-09,4.2110023282e-09,9.3049671874e-09
6.2900000000e+00,-8.3010814258e-02,7.8273088593e-02,9.8148224500e+00,-3.7624287039e-02,3.7576634469e-02,4.0224390388e-02,1.6759160682e+00,-3.2863768337e-01,4.9769586835e-02,2.1041373842e-03,4.0016073534e-03,-1.7479865707e-03,9.9935501372e-01,-2.0714770561e-03,-6.0897930397e-04,-3.5845427523e-02,1.9999894114e+00,-4.0912996576e-01,9.2523968964e-02,-1.2692655718e-03,5.1826249132e-03,-1.8089552217e-03,9.9737584143e-01,-1.7248898307e-02,-5.3211261062e-02,-4.5961594164e-02,1.0000000000e+00,1.0000628039e-04,1.0000782768e-04,1.0000640189e-04,6.0830250474e-09,6.0859537891e-09,6.0790601133e-09,7.9947473441e-09,4.2251718518e-09,9.3214236668e-09
6.2950000000e+00,-8.2852768576e-02,-2.4999054709e-02,9.8911924305e+00,-5.2815644583e-02,3.9420004934e-02,3.9129840356e-02,1.6759264933e+00,-3.2861566863e-01,4.9758615888e-02,2.0619689106e-03,4.5362278857e-03,-1.8727421491e-03,9.9935821115e-01,-2.2020744846e-03,-5.0568954434e-04,-3.5749978246e-02,2.0000008902e+00,-4.0911477981e-01,9.2498871608e-02,-1.4336356004e-03,5.5162781477e-03,-1.8255063404e-03,9.9738633692e-01,-1.7363045799e-02,-5.3048366923e-02,-4.5879083854e-02,1.0000000000e+00,1.0000628056e-04,1.0000782718e-04,1.0000640206e-04,6.0831135124e-09,6.0860622588e-09,6.0790597333e-09,7.9985962480e-09,4.2392266801e-09,9.3378873419e-09
6.3000000000e+00,-1.0583092377e-01,-1.2694147692e-01,9.9053273709e+00,-6.0279373364e-02,3.9476275659e-02,3.2927942678e-02,1.6759367573e+00,-3.2859189633e-01,4.9748071920e-02,2.0361070026e-03,4.9099169617e-03,-1.7920854711e-03,9.9936078944e-01,-2.3531439695e-03,-4.0024661716e-04,-3.5669525424e-02,2.0000133302e+00,-4.0909310479e-01,9.2473806023e-02,-1.5733365219e-03,5.6848438903e-03,-1.7537261121e-03,9.9739598708e-01,-1.7501772084e-02,-5.2882088286e-02,-4.5808488980e-02,1.0000000000e+00,1.0000628074e-04,1.0000782668e-04,1.0000640222e-04,6.0831710947e-09,6.0861099464e-09,6.0790592031e-09,8.0023288741e-09,4.2531994472e-09,9.3543775810e-09
6.3050000000e+00,-1.1000866715e-01,-1.5695504808e-02,9.8363849304e+00,-6.5119386127e-02,3.9044759549e-02,2.5216063480e-02,1.6759462855e+00,-3.2856739462e-01,4.9738724412e-02,1.8985196763e-03,5.1027622991e-03,-1.5553547310e-03,9.9936275794e-01,-2.5124283503e-03,-2.9560388770e-04,-3.5604471263e-02,2.0000239405e+00,-4.0907483836e-01,9.2449667008e-02,-1.6788931040e-03,6.0850877781e-03,-1.7227783469e-03,9.9740436593e-01,-1.7645023795e-02,-5.2717020793e-02,-4.5761333813e-02,1.0000000000e+00,1.0000628092e-04,1.0000782620e-04,1.0000640239e-04,6.0831577098e-09,6.0860719356e-09,6.0790609687e-09,8.0061389012e-09,4.2671694780e-09,9.3709179879e-09
6.3100000000e+00,-9.4860681217e-02,-5.8817240404e-02,9.9526853132e+00,-7.6176387971e-02,3.5676487125e-02,3.8328924616e-02,1.6759520558e+00,-3.2854548691e-01,4.9727453992e-02,1.1321894184e-03,4.4795156414e-03,-1.9410911280e-03,9.9936561703e-01,-2.7010982533e-03,-1.9370802140e-04,-3.5510984822e-02,2.0000310729e+00,-4.0906114288e-01,9.2424023504e-02,-2.1819804063e-03,5.7899595844e-03,-1.7122586593e-03,9.9741294294e-01,-1.7807550848e-02,-5.2563475495e-02,-4.5688000992e-02,1.0000000000e+00,1.0000628110e-04,1.0000782570e-04,1.0000640256e-04,6.0832254118e-09,6.0861714049e-09,6.0790607524e-09,8.0097789872e-09,4.2810382382e-09,9.3873939669e-09
6.3150000000e+00,-1.1583589529e-01,-1.3087749334e-01,9.9741539050e+00,-8.1517836741e-02,3.5699932177e-02,3.7178810291e-02,1.6759573194e+00,-3.2852481502e-01,4.9715861010e-02,1.0290284955e-03,4.2011711422e-03,-2.0087212800e-03,9.9936833821e-01,-2.9015716497e-03,-9.6740855672e-05,-3.5418866664e-02,2.0000376678e+00,-4.0904553693e-01,9.2397625127e-02,-2.4936796687e-03,5.3759640893e-03,-1.7069362955e-03,9.9742136420e-01,-1.7988069805e-02,-5.2405324859e-02,-4.5615058001e-02,1.0000000000e+00,1.0000628128e-04,1.0000782520e-04,1.0000640272e-04,6.0832764689e-09,6.0862233776e-09,6.0790608617e-09,8.0132782124e-09,4.2948346078e-09,9.4038978066e-09
6.3200000000e+00,-1.0534186334e-01,-2.2244092328e-01,1.0020577528e+01,-7.9811907204e-02,3.4153400557e-02,3.1070565217e-02,1.6759626664e+00,-3.2850516913e-01,4.9705147362e-02,1.0502752648e-03,4.0047640968e-03,-1.8347868450e-03,9.9937060128e-01,-3.1004427723e-03,-5.4040539668e-06,-3.5338202079e-02,2.0000447360e+00,-4.0902637400e-01,9.2371224691e-02,-2.6019725427e-03,4.9245355214e-03,-1.5003265735e-03,9.9742913801e-01,-1.8171975880e-02,-5.2248541579e-02,-4.5551990468e-02,1.0000000000e+00,1.0000628146e-04,1.0000782469e-04,1.0000640289e-04,6.0833385259e-09,6.0862943350e-09,6.0790597273e-09,8.0166007493e-09,4.3085487152e-09,9.4203859385e-09
6.3250000000e+00,-9.3464600722e-02,9.2984377762e-02,9.8689611847e+00,-7.7831535993e-02,3.1338532023e-02,3.1059932720e-02,1.6759652317e+00,-3.2849391871e-01,4.9697521949e-02,4.9032322330e-04,2.3009634381e-03,-1.2160980276e-03,9.9937256897e-01,-3.2902661034e-03,8.2535734848e-05,-3.5265219765e-02,2.0000445656e+00,-4.0903195452e-01,9.2346429644e-02,-2.8679247331e-03,4.3176071626e-03,-1.3549899269e-03,9.9743604800e-01,-1.8316522442e-02,-5.2104662897e-02,-4.5507573759e-02,1.0000000000e+00,1.0000628164e-04,1.0000782420e-04,1.0000640306e-04,6.0832653943e-09,6.0861999004e-09,6.0790623700e-09,8.0201516499e-09,4.3223127698e-09,9.4369290940e-09
6.3300000000e+00,-8.2544963493e-02,1.1109961443e-02,9.9409854281e+00,-8.5863627179e-02,2.8129755358e-02,3.4463968124e-02,1.6759636034e+00,-3.2848322579e-01,4.9687723479e-02,-3.6256172351e-04,2.1084877748e-03,-1.6468079857e-03,9.9937497308e-01,-3.5014275790e-03,1.6076763693e-04,-3.5176374866e-02,2.0000428620e+00,-4.0903530455e-01,9.2322328138e-02,-3.4932751075e-03,3.8125785906e-03,-1.4118021350e-03,9.9744231948e-01,-1.8490639193e-02,-5.1971715394e-02,-4.5451692765e-02,1.0000000000e+00,1.0000628182e-04,1.0000782371e-04,1.0000640322e-04,6.0832909488e-09,6.0862363249e-09,6.0790622322e-09,8.0236543068e-09,4.3360465214e-09,9.4534126332e-09
6.3350000000e+00,-8.4822932100e-02,-1.4442691143e-01,9.9722170210e+00,-8.5939317392e-02,2.4637328043e-02,3.4289599944e-02,1.6759617694e+00,-3.2847244034e-01,4.9677929610e-02,-4.0561242156e-04,2.0987425122e-03,-1.6434129289e-03,9.9937731024e-01,-3.7159000947e-03,2.2972350284e-04,-3.5087477727e-02,2.0000418315e+00,-4.0903090020e-01,9.2297955642e-02,-3.7977538939e-03,3.3154666093e-03,-1.3615108360e-03,9.9744844873e-01,-1.8680995882e-02,-5.1842151703e-02,-4.5387265090e-02,1.0000000000e+00,1.0000628200e-04,1.0000782321e-04,1.0000640339e-04,6.0833378219e-09,6.0862807170e-09,6.0790591176e-09,8.0270188913e-09,4.3497194077e-09,9.4699041285e-09
6.3400000000e+00,-9.6470683525e-02,-2.0714418878e-01,9.9740830311e+00,-8.2166233985e-02,2.1185804174e-02,3.3130013716e-02,1.6759604078e+00,-3.2846199285e-01,4.9669735543e-02,-3.0684961611e-04,2.0294337524e-03,-1.3196734997e-03,9.9937950256e-01,-3.9208208289e-03,2.9060882001e-04,-3.5002179677e-02,2.0000417680e+00,-4.0902277065e-01,9.2274306268e-02,-3.8858225286e-03,2.9658296134e-03,-1.1393401181e-03,9.9745440871e-01,-1.8871416538e-02,-5.1717630686e-02,-4.5319519531e-02,1.0000000000e+00,1.0000628218e-04,1.0000782272e-04,1.0000640356e-04,6.0833708143e-09,6.0862980646e-09,6.0790581743e-09,8.0303112273e-09,4.3633424785e-09,9.4864214671e-09
6.3450000000e+00,-3.7374604970e-02,4.3506649175e-03,9.9216675701e+00,-7.5943396442e-02,1.9772729839e-02,3.2812782846e-02,1.6759589839e+00,-3.2845256356e-01,4.9664157812e-02,-3.1308325590e-04,1.8361339232e-03,-7.8991398877e-04,9.9938163844e-01,-4.1079757477e-03,3.4442297413e-04,-3.4919144425e-02,2.0000387360e+00,-4.0902402431e-01,9.2252444651e-02,-3.7556681811e-03,3.1156181894e-03,-8.3340731273e-04,9.9746017576e-01,-1.9034971269e-02,-5.1599681420e-02,-4.5258596066e-02,1.0000000000e+00,1.0000628236e-04,1.0000782222e-04,1.0000640372e-04,6.0833496904e-09,6.0862923704e-09,6.0790573279e-09,8.0336175571e-09,4.3769767192e-09,9.5029163678e-09
6.3500000000e+00,-7.0836037587e-02,-1.0305159432e-01,9.8947910354e+00,-8.3812569872e-02,1.4064795924e-02,4.2068918808e-02,1.6759553854e+00,-3.2844272511e-01,4.9662036899e-02,-7.4977894665e-04,1.8796993324e-03,-9.9881292791e-05,9.9938430296e-01,-4.3177318641e-03,3.8793008862e-04,-3.4816974243e-02,2.0000361303e+00,-4.0902173573e-01,9.2234054969e-02,-4.0444968682e-03,3.0011219126e-03,-3.4598512736e-04,9.9746575010e-01,-1.9224288793e-02,-5.1496599720e-02,-4.5173048561e-02,1.0000000000e+00,1.0000628254e-04,1.0000782174e-04,1.0000640389e-04,6.0833423023e-09,6.0862532704e-09,6.0790569297e-09,8.0370184208e-09,4.3906071911e-09,9.5194227240e-09
6.3550000000e+00,2.4727311670e-03,-1.5444409426e-01,9.7942725359e+00,-8.7111966989e-02,1.0279817310e-02,4.3803241841e-02,1.6759500455e+00,-3.2843354423e-01,4.9663782686e-02,-1.0973016278e-03,1.7276527936e-03,6.7670982542e-04,9.9938713555e-01,-4.5348627428e-03,4.2350765015e-04,-3.4707476954e-02,2.0000314273e+00,-4.0901834949e-01,9.2220484128e-02,-4.2119238813e-03,2.7495122962e-03,1.3994843650e-04,9.9747069574e-01,-1.9425008764e-02,-5.1405175636e-02,-4.5082015267e-02,1.0000000000e+00,1.0000628272e-04,1.0000782125e-04,1.0000640406e-04,6.0833030150e-09,6.0861880632e-09,6.0790511923e-09,8.0405551120e-09,4.4042708771e-09,9.5358775245e-09
6.3600000000e+00,3.9711730857e-02,-1.4597051072e-01,9.7049468395e+00,-8.6359296771e-02,1.0159718242e-02,5.2848295956e-02,1.6759419590e+00,-3.2842956034e-01,4.9669724920e-02,-1.6504676319e-03,6.2965353524e-04,1.5262330538e-03,9.9939084973e-01,-4.7487015956e-03,4.5477357145e-04,-3.4571266700e-02,2.0000229787e+00,-4.0902309438e-01,9.2210977720e-02,-4.5188421040e-03,1.9926048623e-03,6.8005015507e-04,9.9747636335e-01,-1.9614073531e-02,-5.1318034192e-02,-4.4973903998e-02,1.0000000000e+00,1.0000628290e-04,1.0000782077e-04,1.0000640423e-04,6.0832500357e-09,6.0861056885e-09,6.0790466965e-09,8.0442757902e-09,4.4179724615e-09,9.5522981063e-09
6.3650000000e+00,1.4287821041e-01,1.5219668538e-01,9.6761931582e+00,-8.2144260039e-02,9.5186121941e-03,6.0904016422e-02,1.6759318366e+00,-3.2843032417e-01,4.9678150643e-02,-2.0624405357e-03,-3.8279392836e-04,2.0363608670e-03,9.9939506281e-01,-4.9524402726e-03,4.8249287844e-04,-3.4420182523e-02,2.0000078960e+00,-4.0904629198e-01,9.2203861423e-02,-4.6267836286e-03,1.6474026944e-03,1.1469789578e-03,9.9748253283e-01,-1.9771611218e-02,-5.1238753674e-02,-4.4858334897e-02,1.0000000000e+00,1.0000628309e-04,1.0000782027e-04,1.0000640440e-04,6.0832055652e-09,6.0861043796e-09,6.0790468316e-09,8.0480149290e-09,4.4317132865e-09,9.5686166586e-09
6.3700000000e+00,1.4366376747e-01,7.1117505901e-02,9.6180211189e+00,-9.0271842146e-02,4.8990917580e-03,5.7052698281e-02,1.6759215508e+00,-3.2842946245e-01,4.9687304839e-02,-2.0943030065e-03,-5.1506591649e-05,2.1813749918e-03,9.9939887871e-01,-5.1786142326e-03,5.0615600254e-04,-3.4275457718e-02,1.9999940873e+00,-4.0906346816e-01,9.2200004807e-02,-4.6868657664e-03,1.5565459788e-03,1.3104539350e-03,9.9748728482e-01,-1.9962031542e-02,-5.1169543128e-02,-4.4747198627e-02,1.0000000000e+00,1.0000628327e-04,1.0000781979e-04,1.0000640457e-04,6.0831722146e-09,6.0860563807e-09,6.0790452415e-09,8.0518328715e-09,4.4454967282e-09,9.5849139655e-09
6.3750000000e+00,1.5873435470e-01,3.0675148871e-02,9.5573949599e+00,-9.3897497159e-02,5.4646570217e-03,5.6137507998e-02,1.6759111894e+00,-3.2842904816e-01,4.9696927007e-02,-2.1110715998e-03,-1.6070987854e-04,2.2797723450e-03,9.9940257043e-01,-5.4149110508e-03,5.2900221706e-04,-3.4130647568e-02,1.9999801747e+00,-4.0907968060e-01,9.2197718679e-02,-4.6838788465e-03,1.3748259083e-03,1.3219626428e-03,9.9749176539e-01,-2.0163523709e-02,-5.1098830929e-02,-4.4637649695e-02,1.0000000000e+00,1.0000628345e-04,1.0000781931e-04,1.0000640474e-04,6.0831387290e-09,6.0859951423e-09,6.0790423600e-09,8.0557679403e-09,4.4593069436e-09,9.6012120112e-09
6.3800000000e+00,8.3039605907e-02,-6.1343200827e-02,9.5927639199e+00,-9.5613167263e-02,6.5200086645e-03,5.7588836142e-02,1.6759009909e+00,-3.2843033816e-01,4.9706306551e-02,-2.0818227440e-03,-5.3626334618e-04,2.2396038504e-03,9.9940620787e-01,-5.6521981838e-03,5.5284908143e-04,-3.3984977336e-02,1.9999678882e+00,-4.0909432419e-01,9.2194712321e-02,-4.8322521551e-03,9.1923514148e-04,1.3619276442e-03,9.9749661041e-01,-2.0372772752e-02,-5.1021955328e-02,-4.4522156480e-02,1.0000000000e+00,1.0000628363e-04,1.0000781884e-04,1.0000640492e-04,6.0831538259e-09,6.0859680711e-09,6.0790421907e-09,8.0597388965e-09,4.4730801100e-09,9.6176054659e-09
6.3850000000e+00,2.2875181877e-01,3.1966133719e-02,9.6487142754e+00,-9.3126581076e-02,6.1667362812e-03,5.8467798159e-02,1.6758912891e+00,-3.2843402480e-01,4.9714678086e-02,-1.9872035916e-03,-1.0581463954e-03,2.0488006938e-03,9.9940977364e-01,-5.8836420689e-03,5.7867104651e-04,-3.3840098158e-02,1.9999527093e+00,-4.0911572016e-01,9.2191085180e-02,-4.5412568060e-03,5.9270692318e-04,1.3936194935e-03,9.9750134138e-01,-2.0569237135e-02,-5.0949882334e-02,-4.4408219104e-02,1.0000000000e+00,1.0000628381e-04,1.0000781834e-04,1.0000640509e-04,6.0831993392e-09,6.0860829857e-09,6.0790388820e-09,8.0634758736e-09,4.4867874827e-09,9.6338436028e-09
6.3900000000e+00,1.9441089343e-01,-6.0073501674e-02,9.5541145529e+00,-9.3423855752e-02,9.5271130248e-03,4.7905082353e-02,1.6758837120e+00,-3.2843685197e-01,4.9726073147e-02,-1.5573527436e-03,-8.0979456280e-04,2.6523208689e-03,9.9941246338e-01,-6.1177108119e-03,6.1143994909e-04,-3.3718359979e-02,1.9999413872e+00,-4.0913088781e-01,9.2190136722e-02,-4.2272668761e-03,4.4136931154e-04,1.5880664986e-03,9.9750544696e-01,-2.0776871645e-02,-5.0867010602e-02,-4.4314242864e-02,1.0000000000e+00,1.0000628400e-04,1.0000781786e-04,1.0000640526e-04,6.0831793024e-09,6.0860305383e-09,6.0790359639e-09,8.0672922149e-09,4.5005127926e-09,9.6501099409e-09
6.3950000000e+00,2.2120601980e-01,-4.3785458597e-02,9.5369075389e+00,-9.1591122355e-02,1.3416644779e-02,4.7272583232e-02,1.6758760667e+00,-3.2844200573e-01,4.9737956746e-02,-1.5733740420e-03,-1.2677411229e-03,2.7587072448e-03,9.9941504570e-01,-6.3473285733e-03,6.5124522029e-04,-3.3598418442e-02,1.9999298401e+00,-4.0915001642e-01,9.2190524609e-02,-4.0524226006e-03,1.3657109016e-04,1.6996730441e-03,9.9750982576e-01,-2.0974366900e-02,-5.0778132104e-02,-4.4224481387e-02,1.0000000000e+00,1.0000628418e-04,1.0000781737e-04,1.0000640544e-04,6.0831705349e-09,6.0860118719e-09,6.0790342417e-09,8.0711637671e-09,4.5142302411e-09,9.6663451642e-09
6.4000000000e+00,1.8809135019e-01,-9.1959213189e-02,9.5586334685e+00,-8.8852901274e-02,1.4800382981e-02,4.8080412937e-02,1.6758685429e+00,-3.2845106050e-01,4.9748226468e-02,-1.5548110225e-03,-2.0791782107e-03,2.4490407624e-03,9.9941770978e-01,-6.5657318479e-03,6.9724610369e-04,-3.3476056940e-02,1.9999188608e+00,-4.0917250528e-01,9.2190222987e-02,-4.0460996856e-03,-5.5569435779e-04,1.5943524614e-03,9.9751457378e-01,-2.1161837318e-02,-5.0686036296e-02,-4.4133631924e-02,1.0000000000e+00,1.0000628436e-04,1.0000781690e-04,1.0000640561e-04,6.0831879622e-09,6.0860106987e-09,6.0790338943e-09,8.0750346672e-09,4.5279065294e-09,9.6826125598e-09
6.4050000000e+00,3.1025647734e-01,-2.5504849889e-01,9.6487993604e+00,-8.5010576342e-02,1.6710160537e-02,4.7700957062e-02,1.6758620575e+00,-3.2846375008e-01,4.9755608626e-02,-1.3549082757e-03,-2.8550923652e-03,1.8859428266e-03,9.9942042072e-01,-6.7714528437e-03,7.4832334509e-04,-3.3352812167e-02,1.9999085159e+00,-4.0919274181e-01,9.2188698359e-02,-3.7275126295e-03,-1.6220558276e-03,1.4231843981e-03,9.9751961124e-01,-2.1348261720e-02,-5.0591508435e-02,-4.4038349085e-02,1.0000000000e+00,1.0000628453e-04,1.0000781638e-04,1.0000640578e-04,6.0832720813e-09,6.0861548025e-09,6.0790261586e-09,8.0786015301e-09,4.5414722984e-09,9.6986973175e-09
6.4100000000e+00,2.2360013295e-01,-1.4477728723e-01,9.5218697704e+00,-6.3702614360e-02,2.4668644798e-02,3.9820131795e-02,1.6758607969e+00,-3.2847984479e-01,4.9770092701e-02,-3.0166896067e-04,-3.4302584645e-03,3.3130378569e-03,9.9942266754e-01,-6.9261061075e-03,8.1533429231e-04,-3.3252005939e-02,1.9999021516e+00,-4.0921817463e-01,9.2189019806e-02,-3.0821935683e-03,-2.1650152360e-03,1.9507438430e-03,9.9752631359e-01,-2.1479456098e-02,-5.0471739899e-02,-4.3960097120e-02,1.0000000000e+00,1.0000628471e-04,1.0000781590e-04,1.0000640596e-04,6.0832297934e-09,6.0860586675e-09,6.0790280826e-09,8.0823009405e-09,4.5550741874e-09,9.7149402256e-09
6.4150000000e+00,2.0175236812e-01,-2.4027049228e-02,9.5221310264e+00,-4.9200828663e-02,2.9407448434e-02,4.1413404040e-02,1.6758592806e+00,-3.2850134574e-01,4.9785711478e-02,-3.5780710360e-04,-4.5174765918e-03,3.5603826770e-03,9.9942510908e-01,-7.0477937295e-03,8.9494568334e-04,-3.3150852310e-02,1.9998953901e+00,-4.0925590000e-01,9.2191360956e-02,-2.8802013086e-03,-2.7958042157e-03,2.2952308007e-03,9.9753423076e-01,-2.1559285118e-02,-5.0346726602e-02,-4.3884653406e-02,1.0000000000e+00,1.0000628490e-04,1.0000781543e-04,1.0000640614e-04,6.0832100489e-09,6.0860145425e-09,6.0790324294e-09,8.0861304793e-09,4.5686780293e-09,9.7312303209e-09
6.4200000000e+00,1.9413272315e-01,3.8185261492e-02,9.5624201111e+00,-4.2645776756e-02,3.1778971304e-02,4.1718642860e-02,1.6758577938e+00,-3.2852811674e-01,4.9798482666e-02,-3.6352086417e-04,-5.6395482983e-03,3.0146756366e-03,9.9942778794e-01,-7.1499448787e-03,9.8376019518e-04,-3.3045532099e-02,1.9998877720e+00,-4.0930318882e-01,9.2192933277e-02,-2.8115160905e-03,-3.5967439915e-03,2.1711397815e-03,9.9754267879e-01,-2.1612593236e-02,-5.0218490218e-02,-4.3813274754e-02,1.0000000000e+00,1.0000628508e-04,1.0000781496e-04,1.0000640631e-04,6.0832273766e-09,6.0860330687e-09,6.0790369526e-09,8.0899316390e-09,4.5822449563e-09,9.7475445085e-09
6.4250000000e+00,4.8337412189e-01,-1.2538610046e-01,1.0056787541e+01,-3.8612333764e-02,3.5885602293e-02,4.1076633537e-02,1.6758578787e+00,-3.2855942465e-01,4.9805828292e-02,-6.5416259927e-05,-6.6372858974e-03,1.9519093621e-03,9.9943052548e-01,-7.2393640889e-03,1.0783543554e-03,-3.2940150204e-02,1.9998791871e+00,-4.0935100814e-01,9.2188838883e-02,-2.1608460295e-03,-4.8367936663e-03,2.5103384081e-03,9.9755142257e-01,-2.1661142543e-02,-5.0086851478e-02,-4.3740845308e-02,1.0000000000e+00,1.0000628525e-04,1.0000781437e-04,1.0000640648e-04,6.0835428263e-09,6.0866390047e-09,6.0790252842e-09,8.0924926013e-09,4.5954267040e-09,9.7633227362e-09
6.4300000000e+00,4.1720431615e-02,-1.4557358964e-01,1.0169315578e+01,-2.5686602269e-02,5.2055253846e-02,3.2716268930e-02,1.6758844600e+00,-3.2858853793e-01,4.9816228461e-02,5.2626394382e-03,-6.0239327429e-03,2.5332939261e-03,9.9943272568e-01,-7.2968847289e-03,1.2125870114e-03,-3.2855927084e-02,1.9998938404e+00,-4.0938544755e-01,9.2177546403e-02,4.5851597659e-04,-4.9020033437e-03,3.1299145095e-03,9.9756469857e-01,-2.1703877612e-02,-4.9865283789e-02,-4.3669982190e-02,1.0000000000e+00,1.0000628543e-04,1.0000781384e-04,1.0000640665e-04,6.0837154904e-09,6.0867584985e-09,6.0790385699e-09,8.0944390231e-09,4.6083992717e-09,9.7797604554e-09
6.4350000000e+00,-1.1868921722e-01,-1.1186204351e-01,1.0182611761e+01,-2.3928287106e-02,6.9595307661e-02,3.8974114406e-02,1.6759215994e+00,-3.2862290605e-01,4.9828866378e-02,7.3798982524e-03,-7.0444027338e-03,2.9787823719e-03,9.9943529973e-01,-7.3471600756e-03,1.3917813129e-03,-3.2759179290e-02,1.9999204048e+00,-4.0942851717e-01,9.2167470241e-02,2.4732637817e-03,-5.4539019171e-03,3.6360695058e-03,9.9758101113e-01,-2.1726805993e-02,-4.9597817480e-02,-4.3590464988e-02,1.0000000000e+00,1.0000628561e-04,1.0000781336e-04,1.0000640682e-04,6.0837870120e-09,6.0867442466e-09,6.0790545064e-09,8.0964494477e-09,4.6212453334e-09,9.7965051411e-09
6.4400000000e+00,-2.6709868664e-01,-1.4153939082e-01,1.0208942779e+01,-2.1740492262e-02,8.4914985083e-02,4.7398906900e-02,1.6759625743e+00,-3.2866467337e-01,4.9840921896e-02,8.1387794566e-03,-8.5664099371e-03,2.8728239944e-03,9.9943837407e-01,-7.3970961477e-03,1.6069900609e-03,-3.2644095835e-02,1.9999545658e+00,-4.0948057421e-01,9.2158694085e-02,3.4362758652e-03,-6.6267215153e-03,3.7956105569e-03,9.9760000961e-01,-2.1732547675e-02,-4.9296246494e-02,-4.3494795927e-02,1.0000000000e+00,1.0000628579e-04,1.0000781292e-04,1.0000640699e-04,6.0838319415e-09,6.0866987340e-09,6.0790703522e-09,8.0986443759e-09,4.6339954712e-09,9.8134728798e-09
6.4450000000e+00,5.6825658497e-01,-1.8945500447e-01,1.1907386364e+01,-2.2136738959e-02,9.2555905692e-02,4.9705311627e-02,1.6760044609e+00,-3.2871347826e-01,4.9849202039e-02,8.3015590862e-03,-1.0037599289e-02,2.1343167147e-03,9.9944174852e-01,-7.4432464683e-03,1.8427256286e-03,-3.2517591548e-02,1.9999824957e+00,-4.0954541656e-01,9.2137180754e-02,5.2171891412e-03,-8.0559173855e-03,6.8887260233e-03,9.9761847127e-01,-2.1728864902e-02,-4.9004994025e-02,-4.3402220924e-02,1.0000000000e+00,1.0000628594e-04,1.0000781208e-04,1.0000640714e-04,6.0849566552e-09,6.0887988364e-09,6.0790385915e-09,8.0965954218e-09,4.6453934393e-09,9.8287867477e-09
6.4500000000e+00,-7.1912383796e-01,-3.1998625546e-01,1.1828241680e+01,-3.8944946892e-02,1.5113977309e-01,5.5100780761e-02,1.6761118305e+00,-3.2876063669e-01,4.9868907523e-02,2.1469354263e-02,-9.5089799712e-03,4.3458783641e-03,9.9944473412e-01,-7.5268812267e-03,2.2243699378e-03,-3.2382428419e-02,2.0000683437e+00,-4.0958094162e-01,9.2104207144e-02,1.1434837921e-02,-8.3414075983e-03,9.0523704037e-03,9.9765129446e-01,-2.1814079462e-02,-4.8418185994e-02,-4.3263377840e-02,1.0000000000e+00,1.0000628611e-04,1.0000781149e-04,1.0000640729e-04,6.0853049874e-09,6.0888822465e-09,6.0791050127e-09,8.0934387484e-09,4.6563253521e-09,9.8461952956e-09
6.4550000000e+00,-1.3738964475e+00,-3.2871286553e-01,1.1489500810e+01,-5.0854530185e-02,1.9500259652e-01,6.3572929038e-02,1.6762422066e+00,-3.2881201454e-01,4.9898604987e-02,2.6111234778e-02,-1.0293283395e-02,6.3422271331e-03,9.9944773432e-01,-7.6386495445e-03,2.7220866386e-03,-3.2225264157e-02,2.0001879752e+00,-4.0962046824e-01,9.2083655238e-02,1.5510570820e-02,-8.8691981536e-03,1.0333387254e-02,9.9768975835e-01,-2.1918312757e-02,-4.7712738374e-02,-4.3107171655e-02,1.0000000000e+00,1.0000628629e-04,1.0000781111e-04,1.0000640745e-04,6.0851833366e-09,6.0882902867e-09,6.0792082470e-09,8.0918285204e-09,4.6672729136e-09,9.8647150950e-09
6.4600000000e+00,-1.6219457270e+00,-3.0753834800e-01,1.1181116707e+01,-5.7438410844e-02,2.2219944813e-01,7.1660804031e-02,1.6763727726e+00,-3.2886898645e-01,4.9932746222e-02,2.6172586716e-02,-1.1404901915e-02,7.2645494876e-03,9.9945076248e-01,-7.7612880339e-03,3.2844259431e-03,-3.2049155095e-02,2.0003193370e+00,-4.0967018087e-01,9.2077509329e-02,1.6752692211e-02,-9.6972562183e-03,1.0753088834e-02,9.9773002898e-01,-2.2023866920e-02,-4.6968070319e-02,-4.2938781068e-02,1.0000000000e+00,1.0000628649e-04,1.0000781084e-04,1.0000640760e-04,6.0849276201e-09,6.0876955567e-09,6.0792868660e-09,8.0919785259e-09,4.6784195308e-09,9.8836030116e-09
6.4650000000e+00,1.1299985369e+00,-1.4924691573e+00,1.6049675313e+01,-5.3870567149e-02,2.2676922631e-01,7.4470551591e-02,1.6764912596e+00,-3.2893022339e-01,4.9964584999e-02,2.3769171322e-02,-1.2262080208e-02,6.8540776237e-03,9.9945367583e-01,-7.8765587406e-03,3.8552930211e-03,-3.1866069817e-02,2.0004287446e+00,-4.0969878270e-01,9.2049610253e-02,2.0075425806e-02,-1.2842410752e-02,2.0775620285e-02,9.9776501443e-01,-2.2166519033e-02,-4.6325817618e-02,-4.2749737268e-02,1.0000000000e+00,1.0000628655e-04,1.0000780925e-04,1.0000640767e-04,6.0888105062e-09,6.0944672883e-09,6.0790930421e-09,8.0780796158e-09,4.6850941593e-09,9.8967459688e-09
6.4700000000e+00,-1.0233718630e+00,-4.0751000525e-01,1.4453593968e+01,-7.9694825617e-02,3.5797704859e-01,4.4733855476e-02,1.6767156087e+00,-3.2900100240e-01,5.0077539595e-02,4.5099918324e-02,-1.4070781767e-02,2.3106118712e-02,9.9945178197e-01,-8.0448787762e-03,4.7583000496e-03,-3.1761203198e-02,2.0006224282e+00,-4.0973570856e-01,9.2039368220e-02,3.0694902818e-02,-1.2852069936e-02,3.0993999174e-02,9.9782442870e-01,-2.2346700505e-02,-4.5062673433e-02,-4.2619126380e-02,1.0000000000e+00,1.0000628669e-04,1.0000780827e-04,1.0000640778e-04,6.0888067072e-09,6.0940282290e-09,6.0791780681e-09,8.0633030102e-09,4.6915942104e-09,9.9140561210e-09
6.4750000000e+00,-1.6457233736e+00,2.1987876875e-03,1.3286103126e+01,-9.6479345938e-02,4.6098037507e-01,4.0419374731e-02,1.6769803652e+00,-3.2904802847e-01,5.0258461453e-02,5.3299985745e-02,-9.4447372387e-03,3.6788574236e-02,9.9944689997e-01,-8.2454110837e-03,5.9184288286e-03,-3.1668273237e-02,2.0008695293e+00,-4.0976291530e-01,9.2104546615e-02,3.8972962173e-02,-9.2439966298e-03,4.0908579575e-02,9.9789043250e-01,-2.2595132991e-02,-4.3552197529e-02,-4.2512948483e-02,1.0000000000e+00,1.0000628687e-04,1.0000780766e-04,1.0000640790e-04,6.0877841245e-09,6.0920990404e-09,6.0792974652e-09,8.0531013523e-09,4.6993272731e-09,9.9329584240e-09
6.4800000000e+00,-1.5111881393e+00,2.1073429661e-01,1.2403433152e+01,-1.1539546155e-01,5.4009654544e-01,3.9448874073e-02,1.6772523843e+00,-3.2906420755e-01,5.0500577581e-02,5.4786118394e-02,-3.3993155423e-03,4.9131653361e-02,9.9943875656e-01,-8.4916792210e-03,7.2785316883e-03,-3.1576672531e-02,2.0011366582e+00,-4.0977776423e-01,9.2251013394e-02,4.3635602528e-02,-3.8441812831e-03,5.0598472734e-02,9.9795680838e-01,-2.2885764002e-02,-4.1928137949e-02,-4.2432082893e-02,1.0000000000e+00,1.0000628706e-04,1.0000780720e-04,1.0000640803e-04,6.0867546378e-09,6.0904630770e-09,6.0793275253e-09,8.0470289421e-09,4.7083680757e-09,9.9518042465e-09
6.4850000000e+00,2.2343444078e+00,-1.9132924149e+00,1.7974658566e+01,-1.4379865793e-01,6.0677352244e-01,2.9033189799e-02,1.6775183289e+00,-3.2904998424e-01,5.0800053106e-02,5.3532916947e-02,2.6422140594e-03,6.0695104381e-02,9.9942577095e-01,-8.8019692952e-03,8.8059883321e-03,-3.1513620401e-02,2.0014060368e+00,-4.0965388226e-01,9.2446914608e-02,5.0805584988e-02,-2.2370953156e-03,7.3116336792e-02,9.9801717138e-01,-2.3429301997e-02,-4.0321468383e-02,-4.2272598924e-02,1.0000000000e+00,1.0000628704e-04,1.0000780484e-04,1.0000640804e-04,6.0916313078e-09,6.0995546952e-09,6.0790386834e-09,8.0225666110e-09,4.7118007119e-09,9.9610099845e-09
6.4900000000e+00,1.5540466980e+00,-1.6050963124e+00,1.6248338254e+01,-1.1471794772e-01,8.6575564377e-01,1.0560744011e-01,1.6778910107e+00,-3.2908047425e-01,5.1286501396e-02,7.4906464168e-02,-6.5661156765e-03,9.8317309569e-02,9.9941005056e-01,-9.0202710189e-03,1.0980998106e-02,-3.1266647113e-02,2.0017321185e+00,-4.0960688572e-01,9.2743728736e-02,6.5740826899e-02,-6.6486850999e-03,1.0130803291e-01,9.9811940919e-01,-2.3693490542e-02,-3.7858602577e-02,-4.1987971156e-02,1.0000000000e+00,1.0000628704e-04,1.0000780253e-04,1.0000640808e-04,6.0920783953e-09,6.1006130608e-09,6.0790466548e-09,7.9942244729e-09,4.7144786977e-09,9.9701859552e-09
6.4950000000e+00,1.5539446623e+00,-1.1782134069e+00,1.4669976448e+01,-1.0816802747e-01,1.1258526664e+00,1.7276452228e-01,1.6783396819e+00,-3.2914711505e-01,5.1936754838e-02,9.0125240107e-02,-1.3903110215e-02,1.3125824931e-01,9.9938623837e-01,-9.1912328941e-03,1.3806444111e-02,-3.0855305756e-02,2.0021168435e+00,-4.0963609458e-01,9.3204987458e-02,8.1302453076e-02,-1.2159654025e-02,1.2926581818e-01,9.9824444568e-01,-2.3833549081e-02,-3.4770954791e-02,-4.1604919350e-02,1.0000000000e+00,1.0000628707e-04,1.0000780046e-04,1.0000640815e-04,6.0906735111e-09,6.0986562969e-09,6.0790323142e-09,7.9703404124e-09,4.7187797543e-09,9.9796400971e-09
6.5000000000e+00,1.8482993445e+00,-6.3034710823e-01,1.3227878621e+01,-1.1319704958e-01,1.3831542693e+00,2.2949033462e-01,1.6788506113e+00,-3.2924144332e-01,5.2727559026e-02,1.0257696982e-01,-1.9494942289e-02,1.5948783150e-01,9.9934762012e-01,-9.3536536056e-03,1.7272953762e-02,-3.0306573284e-02,2.0025533630e+00,-4.0973737527e-01,9.3834100098e-02,9.5998865468e-02,-1.6843344480e-02,1.5455950010e-01,9.9838184508e-01,-2.3907561385e-02,-3.1124903470e-02,-4.1150459267e-02,1.0000000000e+00,1.0000628713e-04,1.0000779863e-04,1.0000640824e-04,6.0888113788e-09,6.0961736408e-09,6.0790235801e-09,7.9525285215e-09,4.7252665163e-09,9.9890472355e-09
6.5050000000e+00,3.9276036698e+00,-4.2014054681e+00,1.5176497369e+01,-1.3665438932e-01,1.6298180898e+00,2.7731147552e-01,1.6794192823e+00,-3.2935338668e-01,5.3635822427e-02,1.1409429791e-01,-2.3049125486e-02,1.8303899347e-01,9.9928643684e-01,-9.5519283986e-03,2.1364457257e-02,-2.9646884682e-02,2.0030896199e+00,-4.0964829099e-01,9.4615804386e-02,1.1218903484e-01,-2.7912039823e-02,1.8317052410e-01,9.9852352095e-01,-2.4367313728e-02,-2.6961359631e-02,-4.0374462549e-02,1.0000000000e+00,1.0000628700e-04,1.0000779549e-04,1.0000640828e-04,6.0911629526e-09,6.1000811706e-09,6.0795773793e-09,7.9268149949e-09,4.7296842633e-09,9.9885193982e-09
6.5100000000e+00,2.3732086651e+00,-2.0481477096e+00,1.3670838987e+01,2.1424500561e-03,1.9877618808e+00,3.0677768559e-01,1.6801313392e+00,-3.2955778169e-01,5.4676265657e-02,1.4270866231e-01,-4.1672821174e-02,2.0976508677e-01,9.9919063708e-01,-9.3772812454e-03,2.6336068472e-02,-2.8923154563e-02,2.0037098876e+00,-4.0977831347e-01,9.5493014479e-02,1.3367586258e-01,-3.9284527182e-02,2.0727906500e-01,9.9868403163e-01,-2.4148796018e-02,-2.1741125162e-02,-3.9678257203e-02,1.0000000000e+00,1.0000628700e-04,1.0000779304e-04,1.0000640838e-04,6.0897945194e-09,6.0979131168e-09,6.0793747792e-09,7.9046740417e-09,4.7352300256e-09,9.9928972513e-09
6.5150000000e+00,3.7671362942e+00,-4.1698940152e+00,1.0167535093e+01,6.9145598149e-02,2.3074880389e+00,3.4437413745e-01,1.6809383497e+00,-3.2980910485e-01,5.5824628469e-02,1.6161750077e-01,-5.1153123896e-02,2.3157817273e-01,9.9904855542e-01,-9.0010981160e-03,3.2100844833e-02,-2.8115830154e-02,2.0044538966e+00,-4.0980216255e-01,9.6574012745e-02,1.5654510414e-01,-5.4198346449e-02,2.2342782555e-01,9.9883454389e-01,-2.4015577499e-02,-1.5877327364e-02,-3.8739081668e-02,1.0000000000e+00,1.0000628696e-04,1.0000779070e-04,1.0000640849e-04,6.0876533554e-09,6.0937574882e-09,6.0799933345e-09,7.8916350328e-09,4.7442789388e-09,9.9939668709e-09
6.5200000000e+00,2.9205292287e+01,2.5124697680e+00,-7.9963814568e+01,2.9105717792e-01,2.6525633599e+00,3.6206383197e-01,1.6818507130e+00,-3.3014297993e-01,5.7025310858e-02,1.8252195200e-01,-6.7639450698e-02,2.4215590795e-01,9.9884524022e-01,-8.0516913828e-03,3.8711653142e-02,-2.7290369352e-02,2.0052366221e+00,-4.1007315428e-01,9.7691151873e-02,3.1497879032e-01,-7.2550735389e-02,-2.2046238005e-01,9.9896973587e-01,-2.3045722513e-02,-9.2597880421e-03,-3.7981808894e-02,0.0000000000e+00,1.0000628747e-04,1.0000779197e-04,1.0000640891e-04,1.6098936230e-08,1.6324203276e-08,1.5635219724e-08,7.9102928328e-09,4.7629367388e-09,1.0012624671e-08
6.5250000000e+00,-1.5233892917e+01,-5.1299870081e-01,4.1360759657e+01,-2.1322934449e-03,7.2817843926e+00,3.9228485585e-01,1.6830678278e+00,-3.3048162554e-01,5.6989768879e-02,2.3864586463e-01,-6.8304114076e-02,-4.8213565721e-03,9.9800184032e-01,-7.4996017180e-03,5.6892693092e-02,-2.6444359947e-02,2.0068133151e+00,-4.1046381198e-01,9.6893519538e-02,2.3774343539e-01,-6.5853887811e-02,-2.1855970333e-02,9.9900763652e-01,-2.2510292821e-02,8.5759556222e-03,-3.7463073394e-02,1.0000000000e+00,1.0000628761e-04,1.0000779079e-04,1.0000640962e-04,7.1458344844e-09,7.1496681403e-09,7.1399369697e-09,7.9108089961e-09,4.7632506031e-09,1.0025874408e-08
6.5300000000e+00,-1.2874395070e+01,7.8009229684e-02,3.4453198856e+01,6.6037937238e-02,6.0801991375e+00,3.9128658988e-01,1.6841408678e+00,-3.3080719193e-01,5.7427912463e-02,2.1162197486e-01,-6.5968947408e-02,9.0234891874e-02,9.9704902405e-01,-6.8585222478e-03,7.2055529548e-02,-2.5577430780e-02,2.0080955463e+00,-4.1086387159e-01,9.6667343577e-02,1.9855911452e-01,-6.1097163458e-02,9.4726463626e-02,9.9879627361e-01,-2.1603885911e-02,2.4131964960e-02,-3.6836452006e-02,1.0000000000e+00,1.0000628779e-04,1.0000778965e-04,1.0000641001e-04,6.2465036558e-09,6.2508622968e-09,6.2361031944e-09,7.8968862965e-09,4.7663412991e-09,1.0046763754e-08
6.5350000000e+00,-1.0299134413e+01,3.7541563060e-01,2.8488069734e+01,1.0721346705e-01,5.1324882523e+00,3.8348571218e-01,1.6850939444e+00,-3.3111728808e-01,5.8253357667e-02,1.8884483676e-01,-6.2981317894e-02,1.6788673442e-01,9.9606874987e-01,-6.1759821927e-03,8.4841670450e-02,-2.4714241463e-02,2.0091620830e+00,-4.1125728281e-01,9.6974359132e-02,1.7552852589e-01,-5.7761255478e-02,1.7658095663e-01,9.9843157666e-01,-2.0593342050e-02,3.7435485772e-02,-3.6178521094e-02,1.0000000000e+00,1.0000628793e-04,1.0000778824e-04,1.0000640995e-04,6.1294021573e-09,6.1393474508e-09,6.1053558407e-09,7.8458210748e-09,4.7496344642e-09,1.0068347767e-08
6.5400000000e+00,-7.6983445485e+00,5.1301036443e-01,2.3444864649e+01,1.3400611192e-01,4.3997665721e+00,3.7663565939e-01,1.6859585320e+00,-3.3141216860e-01,5.9385302105e-02,1.7194860893e-01,-5.9926485086e-02,2.2926501882e-01,9.9510051835e-01,-5.4781397207e-03,9.5788073216e-02,-2.3866155784e-02,2.0100832778e+00,-4.1163622690e-01,9.7728515380e-02,1.6198087120e-01,-5.5236275735e-02,2.3624339009e-01,9.9798580843e-01,-1.9586277570e-02,4.8784421503e-02,-3.5507522136e-02,1.0000000000e+00,1.0000628804e-04,1.0000778676e-04,1.0000640979e-04,6.1097312079e-09,6.1201588627e-09,6.0847279617e-09,7.7927673620e-09,4.7332102261e-09,1.0087983081e-08
6.5450000000e+00,-3.8844664560e+00,6.7328969669e-02,2.3733515528e+01,1.4982438213e-01,3.8458562029e+00,3.6496059718e-01,1.6867664838e+00,-3.3169304952e-01,6.0750725116e-02,1.6112299861e-01,-5.7047741855e-02,2.7594578953e-01,9.9415770967e-01,-4.7785256708e-03,1.0534169317e-01,-2.3037831426e-02,2.0108902825e+00,-4.1198640123e-01,9.8827394255e-02,1.5850919944e-01,-5.4017438682e-02,2.8814406692e-01,9.9750930974e-01,-1.8665622535e-02,5.8417527468e-02,-3.4844856121e-02,1.0000000000e+00,1.0000628802e-04,1.0000778387e-04,1.0000640959e-04,6.1069380391e-09,6.1199109611e-09,6.0802272830e-09,7.7324016223e-09,4.7179405114e-09,1.0098289746e-08
6.5500000000e+00,-3.8178546667e+00,8.0630369660e-01,1.9421954498e+01,2.6631936832e-01,3.5607933731e+00,2.8683759294e-01,1.6876704750e+00,-3.3195998637e-01,6.2329203233e-02,1.8067193929e-01,-5.4263099797e-02,3.1903064420e-01,9.9319995734e-01,-3.8255610922e-03,1.1417517128e-01,-2.2433013492e-02,2.0117363808e+00,-4.1232463197e-01,1.0013414052e-01,1.6921885544e-01,-5.0811824180e-02,3.2628255928e-01,9.9695846135e-01,-1.7503393891e-02,6.7712870070e-02,-3.4386403846e-02,1.0000000000e+00,1.0000628805e-04,1.0000778156e-04,1.0000640950e-04,6.1008897049e-09,6.1120380620e-09,6.0794854751e-09,7.6831586874e-09,4.7099865159e-09,1.0111098789e-08
6.5550000000e+00,-2.9711139758e+00,9.5958809338e-01,1.5734642017e+01,3.2932103056e-01,3.3815802598e+00,2.2261055510e-01,1.6886310419e+00,-3.3220437085e-01,6.4068555432e-02,1.9219145186e-01,-4.9637319224e-02,3.5151385237e-01,9.9221430754e-01,-2.7449384038e-03,1.2255303926e-01,-2.1999677117e-02,2.0126297221e+00,-4.1263781970e-01,1.0167674981e-01,1.8179316978e-01,-4.6889402213e-02,3.5364327165e-01,9.9635698965e-01,-1.6240419564e-02,7.6465237895e-02,-3.4089079409e-02,1.0000000000e+00,1.0000628813e-04,1.0000777987e-04,1.0000640950e-04,6.0946415264e-09,6.1031378870e-09,6.0792811455e-09,7.6517673929e-09,4.7097895015e-09,1.0124351012e-08
6.5600000000e+00,-1.8743871889e+00,8.8113663986e-01,1.2734082316e+01,3.5930887647e-01,3.2763108129e+00,1.7783075398e-01,1.6896332549e+00,-3.3242809967e-01,6.5917627285e-02,2.0063024089e-01,-4.5330045729e-02,3.7358704388e-01,9.9118949759e-01,-1.6115844223e-03,1.3065437507e-01,-2.1684486297e-02,2.0135669737e+00,-4.1292197415e-01,1.0340819923e-01,1.9358471505e-01,-4.3291090710e-02,3.7168697897e-01,9.9570961662e-01,-1.4941280678e-02,8.4795857627e-02,-3.3893657679e-02,1.0000000000e+00,1.0000628825e-04,1.0000777861e-04,1.0000640957e-04,6.0896348990e-09,6.0960196978e-09,6.0791728142e-09,7.6354003259e-09,4.7156827807e-09,1.0137347806e-08
6.5650000000e+00,2.4591210062e-01,9.0076492914e-01,1.6682468511e+01,3.7033053606e-01,3.2170237996e+00,1.4925817684e-01,1.6906732900e+00,-3.3263621579e-01,6.7829636359e-02,2.0822914109e-01,-4.2018529948e-02,3.8615225124e-01,9.9011578359e-01,-4.6647172783e-04,1.3860253295e-01,-2.1444238144e-02,2.0145222681e+00,-4.1318444048e-01,1.0522302072e-01,2.0863279702e-01,-4.0012810925e-02,3.9332589906e-01,9.9502039596e-01,-1.3639337171e-02,9.2783852486e-02,-3.3757026243e-02,1.0000000000e+00,1.0000628824e-04,1.0000777592e-04,1.0000640960e-04,6.0909743539e-09,6.1010657516e-09,6.0793234937e-09,7.6111366468e-09,4.7195964232e-09,1.0140406351e-08
6.5700000000e+00,-3.8631208434e-01,1.1360470992e+00,1.3279553500e+01,4.3528982615e-01,3.3532829680e+00,7.3530944039e-02,1.6918891067e+00,-3.3282259845e-01,6.9839434391e-02,2.4335210190e-01,-3.7651886263e-02,4.0639238737e-01,9.8892303700e-01,8.1891356671e-04,1.4687419678e-01,-2.1413233819e-02,2.0156073643e+00,-4.1343019817e-01,1.0712791183e-01,2.3399445860e-01,-3.5767197774e-02,4.0767529951e-01,9.9420139496e-01,-1.2187707603e-02,1.0133906909e-01,-3.3844336672e-02,1.0000000000e+00,1.0000628828e-04,1.0000777390e-04,1.0000640969e-04,6.0886352631e-09,6.0972996299e-09,6.0793849218e-09,7.5926348699e-09,4.7263461179e-09,1.0146805770e-08
6.5750000000e+00,-4.4623240179e-01,9.2663233125e-01,1.0512299315e+01,4.5448549643e-01,3.4876422164e+00,2.1284810423e-02,1.6932232054e+00,-3.3298791853e-01,7.1906500438e-02,2.6693228175e-01,-3.3317133413e-02,4.1827026127e-01,9.8760407129e-01,2.1435451576e-03,1.5546931158e-01,-2.1515035393e-02,2.0168206384e+00,-4.1364450030e-01,1.0913829742e-01,2.5746556261e-01,-3.2051510183e-02,4.1518057481e-01,9.9327206827e-01,-1.0704025205e-02,1.1016397747e-01,-3.4057602904e-02,1.0000000000e+00,1.0000628838e-04,1.0000777260e-04,1.0000640983e-04,6.0857721317e-09,6.0920333199e-09,6.0793166129e-09,7.5848204502e-09,4.7366014719e-09,1.0156499998e-08
6.5800000000e+00,-1.2865540961e-01,6.5327161875e-01,8.2805310227e+00,4.5174386990e-01,3.6121371866e+00,-9.0199929946e-03,1.6946391393e+00,-3.3313831733e-01,7.3992655988e-02,2.8320553590e-01,-3.0161349026e-02,4.2226104989e-01,9.8615709382e-01,3.4535914858e-03,1.6435327132e-01,-2.1685507418e-02,2.0181372026e+00,-4.1383027138e-01,1.1122238192e-01,2.7652176804e-01,-2.9386864500e-02,4.1610582534e-01,9.9223501374e-01,-9.2357449018e-03,1.1918822656e-01,-3.4329945671e-02,1.0000000000e+00,1.0000628852e-04,1.0000777180e-04,1.0000641001e-04,6.0834229688e-09,6.0878016426e-09,6.0792484018e-09,7.5860484972e-09,4.7496773740e-09,1.0168322722e-08
6.5850000000e+00,-1.3772124494e+01,2.1426132249e+00,3.3447600152e+01,4.3726934797e-01,3.7095681577e+00,-1.8505082704e-02,1.6961152010e+00,-3.3328113290e-01,7.6062601514e-02,2.9512705803e-01,-2.8479736901e-02,4.1898371941e-01,9.8458504384e-01,4.7221406731e-03,1.7346908017e-01,-2.1873981180e-02,2.0196133195e+00,-4.1403876997e-01,1.1292995196e-01,2.7759187026e-01,-2.2094532035e-02,4.6859157831e-01,9.9101470274e-01,-7.7621607962e-03,1.2895380895e-01,-3.4648563754e-02,1.0000000000e+00,1.0000628842e-04,1.0000776815e-04,1.0000640988e-04,6.1103128793e-09,6.1252231417e-09,6.0797101648e-09,7.5109361595e-09,4.7303917802e-09,1.0179176635e-08
6.5900000000e+00,-4.3206451266e+00,1.7977696504e+00,2.1826047138e+01,3.9731963228e-01,2.9216807025e+00,-1.3931535788e-02,1.6976201149e+00,-3.3338357915e-01,7.8507008580e-02,3.0163742278e-01,-2.0672205991e-02,4.9458752173e-01,9.8328615956e-01,5.8544217956e-03,1.8063306936e-01,-2.2039700732e-02,2.0210185758e+00,-4.1423877544e-01,1.1513662052e-01,2.9527759324e-01,-1.6863976612e-02,5.0860093004e-01,9.9001309572e-01,-6.3651400621e-03,1.3642790736e-01,-3.4942544043e-02,1.0000000000e+00,1.0000628831e-04,1.0000776429e-04,1.0000640970e-04,6.1054845454e-09,6.1213057075e-09,6.0794179818e-09,7.4456635366e-09,4.7171866222e-09,1.0180756733e-08
6.5950000000e+00,1.5717108385e+00,1.4514811896e+00,1.4939572527e+01,3.7583250261e-01,2.4550568124e+00,-9.7419871058e-03,1.6992384883e+00,-3.3345586652e-01,8.1123128457e-02,3.2457819362e-01,-1.4730899134e-02,5.2915310872e-01,9.8215254943e-01,6.9117572568e-03,1.8664427271e-01,-2.2192627708e-02,2.0224949638e+00,-4.1432309533e-01,1.1767962517e-01,3.2352535948e-01,-9.9530026406e-03,5.2918209862e-01,9.8916180050e-01,-5.2236848173e-03,1.4246859822e-01,-3.5133233020e-02,0.0000000000e+00,1.0000628871e-04,1.0000776588e-04,1.0000641003e-04,1.5601673295e-08,1.5697789956e-08,1.5509436654e-08,7.4643213366e-09,4.7358444222e-09,1.0199414533e-08
6.6000000000e+00,5.2690644493e+00,1.2085730581e+00,1.0723228636e+01,3.6400136884e-01,2.1442580972e+00,-5.3793765937e-04,1.7010237493e+00,-3.3350644165e-01,8.3782685849e-02,3.5793603824e-01,-1.0379750574e-02,5.3769522065e-01,9.8113131928e-01,7.9239738565e-03,1.9188496948e-01,-2.2331669103e-02,2.0241125906e+00,-4.1437286034e-01,1.2032553567e-01,3.6427851550e-01,-5.7783890682e-03,5.2403011579e-01,9.8838816489e-01,-4.1353271379e-03,1.4773703335e-01,-3.5291692389e-02,0.0000000000e+00,1.0000628970e-04,1.0000776992e-04,1.0000641100e-04,2.5094728736e-08,2.5336392047e-08,2.4954836731e-08,7.4829791366e-09,4.7545022222e-09,1.0218072333e-08
6.6050000000e+00,-6.1877855714e+00,-2.8691652366e-01,2.8586890665e+01,3.5382445946e-01,1.9013903934e+00,4.4438996404e-03,1.7030084445e+00,-3.3354238187e-01,8.6403015811e-02,3.9765881643e-01,-7.4013919877e-03,5.2947771501e-01,9.8020085555e-01,8.9048502293e-03,1.9652713513e-01,-2.2451538409e-02,2.0259339831e+00,-4.1440175229e-01,1.2294568625e-01,3.7645362520e-01,-5.3351833573e-03,6.2072339524e-01,9.8767839990e-01,-3.0915935625e-03,1.5240239595e-01,-3.5430638194e-02,0.0000000000e+00,1.0000629175e-04,1.0000777683e-04,1.0000641313e-04,3.4875974333e-08,3.5450520691e-08,3.4388594356e-08,7.5016369366e-09,4.7731600222e-09,1.0236730133e-08
6.6100000000e+00,1.0556851597e+00,-7.9320946509e-01,1.6923092715e+01,2.5357912346e-01,8.6589052725e-01,4.8549575986e-02,1.7051259005e+00,-3.3360784908e-01,8.9266104595e-02,4.2445341931e-01,-1.3634192355e-02,5.7811250395e-01,9.7976985711e-01,9.5971146581e-03,1.9863429600e-01,-2.2435216375e-02,2.0278162513e+00,-4.1442842820e-01,1.2604930322e-01,4.0669170807e-01,-1.0062650736e-02,6.5083574350e-01,9.8735223107e-01,-2.3702544168e-03,1.5451797281e-01,-3.5413977013e-02,0.0000000000e+00,1.0000629553e-04,1.0000778801e-04,1.0000641680e-04,4.4580410572e-08,4.5513513178e-08,4.3839735728e-08,7.5202947366e-09,4.7918178222e-09,1.0255387933e-08
6.6150000000e+00,5.2315796272e+00,-1.0588585241e+00,1.0273565472e+01,1.9475609805e-01,3.0423250845e-01,7.6541777859e-02,1.7074117578e+00,-3.3370876324e-01,9.2184142050e-02,4.5801454213e-01,-2.0845454074e-02,5.8890757045e-01,9.7961767828e-01,1.0132361763e-02,1.9936773079e-01,-2.2339372559e-02,2.0298497098e+00,-4.1447874146e-01,1.2930348194e-01,4.4685090118e-01,-1.7513792022e-02,6.4280572107e-01,9.8724221760e-01,-1.8330184048e-03,1.5525207933e-01,-3.5302063766e-02,0.0000000000e+00,1.0000630147e-04,1.0000780337e-04,1.0000642257e-04,5.4176712666e-08,5.5476928085e-08,5.3312758925e-08,7.5389525366e-09,4.8104756222e-09,1.0274045733e-08
6.6200000000e+00,7.5113296440e+00,-1.1892310209e+00,6.3766239318e+00,1.6241265749e-01,-9.9672579375e-03,9.2547027825e-02,1.7098850404e+00,-3.3384847672e-01,9.5045821881e-02,4.9524624535e-01,-2.8605210351e-02,5.7726013787e-01,9.7962387916e-01,1.0576157610e-02,1.9933032533e-01,-2.2195082206e-02,2.0320839643e+00,-4.1456631042e-01,1.3251751054e-01,4.9187005383e-01,-2.6318378760e-02,6.1268049456e-01,9.8725489010e-01,-1.3971260053e-03,1.5521355243e-01,-3.5136635656e-02,0.0000000000e+00,1.0000631002e-04,1.0000782305e-04,1.0000643095e-04,6.3690466412e-08,6.5367699864e-08,6.2810134305e-08,7.5576103366e-09,4.8291334222e-09,1.0292703533e-08
6.6250000000e+00,6.7851594523e+00,-4.0848399192e+00,1.3494657235e+01,1.4003182603e-01,-2.0112950905e-01,1.0406060887e-01,1.7125541589e+00,-3.3402896804e-01,9.7785343762e-02,5.3412126298e-01,-3.6695642046e-02,5.5236904377e-01,9.7972569023e-01,1.0960724924e-02,1.9882807926e-01,-2.2018839723e-02,2.0345433146e+00,-4.1469790231e-01,1.3558091302e-01,5.4335453694e-01,-4.9610294387e-02,6.1773767210e-01,9.8734234640e-01,-1.0287964542e-03,1.5470516570e-01,-3.4933426609e-02,0.0000000000e+00,1.0000632162e-04,1.0000784732e-04,1.0000644245e-04,7.3397886410e-08,7.5704814111e-08,7.2342230291e-08,7.5762681366e-09,4.8477912222e-09,1.0311361333e-08
6.6300000000e+00,8.6865064000e+00,-3.8479659627e+00,6.5799350447e+00,8.6241072417e-02,-1.0721963304e+00,1.5653953939e-01,1.7154475576e+00,-3.3431820352e-01,1.0046256032e-01,5.7860042061e-01,-5.8572288865e-02,5.3939824461e-01,9.8026117414e-01,1.1192772702e-02,1.9619305628e-01,-2.1703386273e-02,2.0372600873e+00,-4.1494595378e-01,1.3866960138e-01,5.9333399073e-01,-7.2101802760e-02,5.8699424926e-01,9.8776727902e-01,-8.4901426095e-04,1.5205090652e-01,-3.4577499940e-02,0.0000000000e+00,1.0000633697e-04,1.0000787749e-04,1.0000645762e-04,8.2952212232e-08,8.5786010879e-08,8.1900904863e-08,7.5949259366e-09,4.8664490222e-09,1.0330019133e-08
6.6350000000e+00,9.2165555022e+00,-3.6805603056e+00,2.9470594264e+00,4.1713878376e-02,-1.5444591689e+00,1.8861707733e-01,1.7185465253e+00,-3.3470935480e-01,1.0298786716e-01,6.1935053122e-01,-7.8950974296e-02,5.0855064563e-01,9.8101948155e-01,1.1306835388e-02,1.9240383447e-01,-2.1300158901e-02,2.0402267572e+00,-4.1530646280e-01,1.4160457262e-01,6.4035050932e-01,-9.3750569340e-02,5.3838283064e-01,9.8836328362e-01,-8.0780927489e-04,1.4823264386e-01,-3.4124043273e-02,0.0000000000e+00,1.0000635646e-04,1.0000791343e-04,1.0000647693e-04,9.2423165481e-08,9.5710763771e-08,9.1478764864e-08,7.6135837366e-09,4.8851068222e-09,1.0348676933e-08
6.6400000000e+00,9.0134233502e+00,-3.5167376855e+00,1.1649398638e+00,3.4335282633e-03,-1.7913398736e+00,2.0831328163e-01,1.7218326673e+00,-3.3519624920e-01,1.0531798470e-01,6.5650443434e-01,-9.8025353153e-02,4.6909921551e-01,9.8188201544e-01,1.1323576689e-02,1.8800298466e-01,-2.0841355960e-02,2.0434285098e+00,-4.1577521564e-01,1.4429648678e-01,6.8385732765e-01,-1.1439365521e-01,4.8190464122e-01,9.8903485192e-01,-8.7493923133e-04,1.4380504368e-01,-3.3606629959e-02,0.0000000000e+00,1.0000638052e-04,1.0000795524e-04,1.0000650084e-04,1.0185941166e-07,1.0555351894e-07,1.0106922820e-07,7.6322415366e-09,4.9037646222e-09,1.0367334733e-08
6.6450000000e+00,2.1477152486e+01,-6.3813665762e+00,-5.2646794309e+00,-2.8684369963e-02,-1.9166987331e+00,2.1763492784e-01,1.7252884926e+00,-3.3577331206e-01,1.0743577803e-01,6.9024602959e-01,-1.1595213738e-01,4.2628248851e-01,9.8278347472e-01,1.1255917289e-02,1.8329197545e-01,-2.0346937794e-02,2.0468477964e+00,-4.1634718392e-01,1.4670600998e-01,7.7695664975e-01,-1.5318512001e-01,3.7744338172e-01,9.8973064529e-01,-1.0286450249e-03,1.3906707084e-01,-3.3053615022e-02,0.0000000000e+00,1.0000640960e-04,1.0000800319e-04,1.0000652981e-04,1.1112335306e-07,1.1555703921e-07,1.1091805467e-07,7.6508993366e-09,4.9224224222e-09,1.0385992533e-08
6.6500000000e+00,1.6937255337e+01,-5.7098528786e+00,-5.4246649530e+00,-2.1936673918e-02,-2.6922276667e+00,2.5020163670e-01,1.7290738006e+00,-3.3650495322e-01,1.0911929508e-01,7.5573361036e-01,-1.4662891189e-01,3.3879832403e-01,9.8400826439e-01,1.1180709975e-02,1.7666563981e-01,-1.9798460755e-02,2.0507325797e+00,-4.1711310952e-01,1.4859322689e-01,8.4885421479e-01,-1.8704292740e-01,2.7933331933e-01,9.9066464461e-01,-1.2183811943e-03,1.3240494982e-01,-3.2419234054e-02,0.0000000000e+00,1.0000644420e-04,1.0000805835e-04,1.0000656462e-04,1.2044962361e-07,1.2546713014e-07,1.2074572368e-07,7.6695571366e-09,4.9410802222e-09,1.0404650333e-08
6.6550000000e+00,1.2922070628e+01,-5.1516684745e+00,-4.5737677637e+00,-4.6699738312e-02,-3.1416392121e+00,2.6853291928e-01,1.7331119671e+00,-3.3737551466e-01,1.1041658782e-01,8.0614594873e-01,-1.7425661198e-01,2.6129662399e-01,9.8537991422e-01,1.1029535836e-02,1.6892573007e-01,-1.9206033329e-02,2.0549768507e+00,-4.1804832416e-01,1.4998989349e-01,9.0341598165e-01,-2.1677690130e-01,1.9155505941e-01,9.9169539157e-01,-1.4997359899e-03,1.2462474145e-01,-3.1728141111e-02,0.0000000000e+00,1.0000648477e-04,1.0000812072e-04,1.0000660566e-04,1.2984038102e-07,1.3530717700e-07,1.3052717041e-07,7.6882149366e-09,4.9597380222e-09,1.0423308133e-08
6.6600000000e+00,9.6121396404e+00,-4.6951917026e+00,-3.2163523352e+00,-8.4512572410e-02,-3.3841019013e+00,2.7818901236e-01,1.7373426254e+00,-3.3837215611e-01,1.1138057338e-01,8.4465490509e-01,-1.9937000130e-01,1.9456520849e-01,9.8678927594e-01,1.0775602629e-02,1.6057915013e-01,-1.8578154652e-02,2.0594939306e+00,-4.1913220866e-01,1.5094766879e-01,9.4444186060e-01,-2.4316853866e-01,1.1530334748e-01,9.9273573239e-01,-1.8909591132e-03,1.1623810017e-01,-3.0998290063e-02,0.0000000000e+00,1.0000653175e-04,1.0000819049e-04,1.0000665333e-04,1.3928677923e-07,1.4509955493e-07,1.4025637352e-07,7.7068727366e-09,4.9783958222e-09,1.0441965933e-08
6.6650000000e+00,3.4070130739e+01,-6.1570973727e+00,-2.5244539432e+01,-1.2755654114e-01,-3.4914348335e+00,2.8323421733e-01,1.7417176431e+00,-3.3948381768e-01,1.1206244633e-01,8.7363486549e-01,-2.2230676743e-01,1.3816097225e-01,9.8817030282e-01,1.0411849713e-02,1.5195354276e-01,-1.7921128692e-02,2.0642161399e+00,-4.2034805136e-01,1.5152418552e-01,1.0788352138e+00,-2.8401825715e-01,-9.5514967718e-02,9.9373354344e-01,-2.3957196446e-03,1.0757979167e-01,-3.0240595006e-02,0.0000000000e+00,1.0000658562e-04,1.0000826799e-04,1.0000670806e-04,1.4844589002e-07,1.5527495742e-07,1.5069742063e-07,7.7255305366e-09,4.9970536222e-09,1.0460623733e-08
6.6700000000e+00,2.3197200761e+01,-5.3781400970e+00,-1.6562196298e+01,-9.1261656928e-02,-4.1210624923e+00,2.7206949100e-01,1.7465365363e+00,-3.4074193176e-01,1.1196256162e-01,9.6293165157e-01,-2.5138342812e-01,-1.7671573892e-02,9.8969804628e-01,1.0098456501e-02,1.4175888463e-01,-1.7326771293e-02,2.0696103160e+00,-4.2176814264e-01,1.5104661068e-01,1.1726041222e+00,-3.1774574837e-01,-2.4993749572e-01,9.9480890821e-01,-2.8606935456e-03,9.7344670311e-02,-2.9513856689e-02,0.0000000000e+00,1.0000664658e-04,1.0000835393e-04,1.0000677087e-04,1.5788999638e-07,1.6555753690e-07,1.6096374252e-07,7.7441883366e-09,5.0157114222e-09,1.0479281533e-08
6.6750000000e+00,1.5005879576e+01,-4.8144238446e+00,-9.6900997524e+00,-1.0621681581e-01,-4.5298275813e+00,2.6316795997e-01,1.7516676014e+00,-3.4213066671e-01,1.1129274775e-01,1.0259929634e+00,-2.7751200148e-01,-1.3079417397e-01,9.9125366726e-01,9.7300600198e-03,1.3053979677e-01,-1.6758715082e-02,2.0754733366e+00,-4.2335687138e-01,1.4979692321e-01,1.2352887042e+00,-3.4622051437e-01,-3.6076256499e-01,9.9586588895e-01,-3.3948482212e-03,8.6082582587e-02,-2.8799222260e-02,0.0000000000e+00,1.0000671519e-04,1.0000844873e-04,1.0000684208e-04,1.6744183519e-07,1.7573620603e-07,1.7102851410e-07,7.7628461366e-09,5.0343692222e-09,1.0497939333e-08
6.6800000000e+00,8.8106710250e+00,-4.2771048837e+00,-4.2280554438e+00,-1.4123993682e-01,-4.7628002298e+00,2.6191688430e-01,1.7570076685e+00,-3.4363596268e-01,1.1021797503e-01,1.0683480997e+00,-3.0089740222e-01,-2.1095890655e-01,9.9275147649e-01,9.2632982532e-03,1.1872848195e-01,-1.6193974101e-02,2.0816497801e+00,-4.2508797396e-01,1.4799311038e-01,1.2737732069e+00,-3.7016085910e-01,-4.3793289604e-01,9.9683763836e-01,-4.0327777303e-03,7.4231353788e-02,-2.8074286501e-02,0.0000000000e+00,1.0000679202e-04,1.0000855279e-04,1.0000692202e-04,1.7701891993e-07,1.8573419804e-07,1.8089664077e-07,7.7815039366e-09,5.0530270222e-09,1.0516597133e-08
6.6850000000e+00,4.4752789838e+01,-3.1305255199e+00,-4.6822679023e+01,-1.8347273161e-01,-4.8572243496e+00,2.6016952952e-01,1.7624747872e+00,-3.4524486257e-01,1.0886583980e-01,1.0941723304e+00,-3.2169676467e-01,-2.6579313320e-01,9.9413475002e-01,8.6855672467e-03,1.0666203633e-01,-1.5616328957e-02,2.0880186462e+00,-4.2693877825e-01,1.4580344590e-01,1.4591514925e+00,-3.9935307180e-01,-7.5138239949e-01,9.9768161336e-01,-4.7823178652e-03,6.2136995921e-02,-2.7340840068e-02,0.0000000000e+00,1.0000687761e-04,1.0000866656e-04,1.0000701106e-04,1.8689834317e-07,1.9763637544e-07,1.9232326269e-07,7.8001617366e-09,5.0716848222e-09,1.0535254933e-08
6.6900000000e+00,2.8086054735e+01,-2.8916772739e+00,-2.5552144118e+01,-1.4509995486e-01,-5.0771110433e+00,1.7020540852e-01,1.7685431027e+00,-3.4694118728e-01,1.0644010780e-01,1.2170556757e+00,-3.3977359394e-01,-4.7710390209e-01,9.9541809259e-01,8.1677865918e-03,9.4034537431e-02,-1.5284435591e-02,2.0953144036e+00,-4.2893554361e-01,1.4204653390e-01,1.5816332945e+00,-4.2231885367e-01,-9.4438825897e-01,9.9839966063e-01,-5.4644134934e-03,4.9480923281e-02,-2.6830878987e-02,0.0000000000e+00,1.0000697177e-04,1.0000879057e-04,1.0000711064e-04,1.9691979105e-07,2.0938515991e-07,2.0327894087e-07,7.8188195366e-09,5.0903426222e-09,1.0553912733e-08
6.6950000000e+00,1.6067939749e+01,-2.5666555472e+00,-1.0510133386e+01,-1.4771273903e-01,-5.3138328353e+00,1.0877776240e-01,1.7750167406e+00,-3.4871719699e-01,1.0335433553e-01,1.2999805154e+00,-3.5637817747e-01,-6.0598680929e-01,9.9658632176e-01,7.6219930435e-03,8.0804332093e-02,-1.5108554306e-02,2.1032225701e+00,-4.3104713788e-01,1.3732459261e-01,1.6555757073e+00,-4.3991446682e-01,-1.0534686413e+00,9.9897405056e-01,-6.1755816137e-03,3.6225014111e-02,-2.6466145254e-02,0.0000000000e+00,1.0000707532e-04,1.0000892586e-04,1.0000722096e-04,2.0671918837e-07,2.2045996787e-07,2.1372046074e-07,7.8374773366e-09,5.1090004222e-09,1.0572570533e-08
6.7000000000e+00,7.3354938331e+00,-2.2424087961e+00,8.5119068856e-02,-1.6988126960e-01,-5.4809914152e+00,7.2189307687e-02,1.7817394941e+00,-3.5056271968e-01,9.9901825228e-02,1.3508088245e+00,-3.7076391066e-01,-6.7704174267e-01,9.9760545971e-01,7.0112152321e-03,6.7144852726e-02,-1.5025257733e-02,2.1115004486e+00,-4.3324671021e-01,1.3205724940e-01,1.6915486224e+00,-4.5306135428e-01,-1.1045769249e+00,9.9937867353e-01,-6.9553583507e-03,2.2545972283e-02,-2.6183372877e-02,0.0000000000e+00,1.0000718896e-04,1.0000907315e-04,1.0000734225e-04,2.1625934377e-07,2.3079350637e-07,2.2368343885e-07,7.8561351366e-09,5.1276582222e-09,1.0591228333e-08
6.7050000000e+00,4.3191776088e+01,3.0973079567e+00,-4.9982380282e+01,-1.9821711685e-01,-5.5516839908e+00,5.1093000989e-02,1.7885852367e+00,-3.5246621865e-01,9.6288630245e-02,1.3756908535e+00,-3.8260452744e-01,-7.0782792980e-01,9.9844609305e-01,6.3249746197e-03,5.3299044985e-02,-1.4986853338e-02,2.1199581918e+00,-4.3551201698e-01,1.2653436478e-01,1.8964444222e+00,-4.5214654841e-01,-1.4131474516e+00,9.9959509585e-01,-7.8104196002e-03,8.6875202494e-03,-2.5945494659e-02,0.0000000000e+00,1.0000731331e-04,1.0000923291e-04,1.0000747478e-04,2.2712189509e-07,2.4539549595e-07,2.3605285624e-07,7.8747929366e-09,5.1463160222e-09,1.0609886133e-08
6.7100000000e+00,2.4707156973e+01,2.1932819021e+00,-1.9905223178e+01,-2.2860168829e-01,-5.2478388621e+00,-1.4420396247e-01,1.7960902930e+00,-3.5433947662e-01,9.1711425092e-02,1.5116341665e+00,-3.7881473592e-01,-8.9373742190e-01,9.9905700124e-01,5.5502846657e-03,4.0205613633e-02,-1.5421129881e-02,2.1294404139e+00,-4.3777274973e-01,1.1946862752e-01,2.0185936711e+00,-4.4912998962e-01,-1.5639680828e+00,9.9960899841e-01,-8.7245185259e-03,-4.4151252748e-03,-2.6196177995e-02,0.0000000000e+00,1.0000744802e-04,1.0000940637e-04,1.0000762028e-04,2.3727901930e-07,2.5841325592e-07,2.4742706136e-07,7.8934507366e-09,5.1649738222e-09,1.0628543933e-08
6.7150000000e+00,1.1689099134e+01,1.7825701423e+00,-1.4920561085e-01,-2.4022061165e-01,-5.2101129443e+00,-2.8231047830e-01,1.8040027705e+00,-3.5618918986e-01,8.6686168191e-02,1.5950318295e+00,-3.7584931128e-01,-9.7835267858e-01,9.9948743068e-01,4.7430414284e-03,2.7204612583e-02,-1.6195324409e-02,2.1395333822e+00,-4.4001839967e-01,1.1164878711e-01,2.0774303863e+00,-4.4330031072e-01,-1.6133747645e+00,9.9944254047e-01,-9.6621612666e-03,-1.7424993960e-02,-2.6788440117e-02,0.0000000000e+00,1.0000759405e-04,1.0000959468e-04,1.0000777878e-04,2.4666243263e-07,2.6964652882e-07,2.5782658513e-07,7.9121085366e-09,5.1836316222e-09,1.0647201733e-08
6.7200000000e+00,2.3116013140e+00,1.6382669934e+00,1.2653427945e+01,-2.4201698771e-01,-5.2315790942e+00,-3.8040904980e-01,1.8121215314e+00,-3.5801354642e-01,8.1551104364e-02,1.6365274130e+00,-3.7181081392e-01,-9.9748987768e-01,9.9974413977e-01,3.9304895576e-03,1.4142373700e-02,-1.7210447843e-02,2.1499205342e+00,-4.4223490123e-01,1.0358191328e-01,2.0872352868e+00,-4.3445628878e-01,-1.5989498588e+00,9.9909720947e-01,-1.0599800014e-02,-3.0487754870e-02,-2.7620772387e-02,0.0000000000e+00,1.0000775211e-04,1.0000979832e-04,1.0000795037e-04,2.5553606356e-07,2.7940204280e-07,2.6738336475e-07,7.9307663366e-09,5.2022894222e-09,1.0665859533e-08
6.7250000000e+00,1.5939482367e+01,8.3216548367e+00,-1.6397816004e+01,-2.3756989501e-01,-5.2268670516e+00,-4.4583255582e-01,1.8202857485e+00,-3.5980625751e-01,7.6520332916e-02,1.6447427907e+00,-3.6586272514e-01,-9.7574684522e-01,9.9982542625e-01,3.1291627737e-03,1.0908898118e-03,-1.8388456027e-02,2.1603567106e+00,-4.4440718267e-01,9.5587163990e-02,2.1739330641e+00,-3.9914262555e-01,-1.7257274330e+00,9.9857565837e-01,-1.1519192902e-02,-4.3535533210e-02,-2.8611536953e-02,0.0000000000e+00,1.0000792277e-04,1.0001001734e-04,1.0000813513e-04,2.6531675806e-07,2.9161653875e-07,2.7822163246e-07,7.9494241366e-09,5.2209472222e-09,1.0684517333e-08
6.7300000000e+00,3.3416183666e+00,5.7898310486e+00,6.1729146307e+00,-4.4447468529e-01,-4.4003729349e+00,-6.9986919531e-01,1.8286941671e+00,-3.6147290687e-01,7.1198742263e-02,1.6949609854e+00,-3.4389491547e-01,-1.0300349429e+00,9.9974585541e-01,1.8556053947e-03,-9.8857138833e-03,-2.0175578781e-02,2.1712263759e+00,-4.4640289580e-01,8.6958526825e-02,2.1895704627e+00,-3.7039957010e-01,-1.7431681887e+00,9.9797130903e-01,-1.2866627617e-02,-5.4506201493e-02,-3.0278544467e-02,0.0000000000e+00,1.0000810589e-04,1.0001025232e-04,1.0000833416e-04,2.7430743923e-07,3.0158409644e-07,2.8783870270e-07,7.9680819366e-09,5.2396050222e-09,1.0703175133e-08
6.7350000000e+00,-5.4129463263e+00,4.3808786485e+00,1.9287881253e+01,-5.0609146602e-01,-3.9806870548e+00,-8.6593553532e-01,1.8371360489e+00,-3.6303484147e-01,6.5916791244e-02,1.7011291037e+00,-3.2475011631e-01,-1.0209029798e+00,9.9955350762e-01,4.5428368225e-04,-1.9801969597e-02,-2.2370986380e-02,2.1821742282e+00,-4.4825489365e-01,7.8242685882e-02,2.1536540486e+00,-3.4414993169e-01,-1.6998394633e+00,9.9729450755e-01,-1.4311912948e-02,-6.4424230529e-02,-3.2378277878e-02,0.0000000000e+00,1.0000830222e-04,1.0001050338e-04,1.0000854736e-04,2.8289441659e-07,3.0992945434e-07,2.9652571247e-07,7.9867397366e-09,5.2582628222e-09,1.0721832933e-08
6.7400000000e+00,-1.1372814625e+01,3.5638975490e+00,2.6279071178e+01,-5.0201258556e-01,-3.7321790462e+00,-9.7065051732e-01,1.8454540200e+00,-3.6449874231e-01,6.0856076311e-02,1.6748224411e+00,-3.0572725381e-01,-9.7750235726e-01,9.9926771217e-01,-9.1029674980e-04,-2.9099704211e-02,-2.4827766346e-02,2.1929424985e+00,-4.4997564331e-01,6.9743488565e-02,2.0818023871e+00,-3.1850857885e-01,-1.6264327106e+00,9.9654974755e-01,-1.5708620832e-02,-7.3720337407e-02,-3.4744089341e-02,0.0000000000e+00,1.0000851232e-04,1.0001077021e-04,1.0000877470e-04,2.9140490551e-07,3.1729307302e-07,3.0460096932e-07,8.0053975366e-09,5.2769206222e-09,1.0740490733e-08
6.7450000000e+00,-1.0155564134e+02,3.1500310238e+00,3.4491852609e+01,-4.5893123184e-01,-3.5478685621e+00,-1.0343649461e+00,1.8535336125e+00,-3.6586377714e-01,5.6103281368e-02,1.6252265104e+00,-2.8566459726e-01,-9.1814966735e-01,9.9890103691e-01,-2.1608445431e-03,-3.7936864415e-02,-2.7437994157e-02,2.2078496026e+00,-4.5335946984e-01,1.1264083209e-01,1.6232227417e+00,-2.8497593170e-01,-9.3908087969e-01,9.9515218748e-01,-1.7887152268e-02,-8.9118345747e-02,-3.7551218251e-02,1.0000000000e+00,1.0000701132e-04,1.0000878266e-04,1.0000714439e-04,9.6774420016e-09,9.6897465963e-09,9.6836611562e-09,8.0653008638e-09,5.1643100061e-09,1.0304803610e-08
6.7500000000e+00,-6.8598771942e+01,4.7913189077e+00,4.0288913987e+01,-3.0610545120e-01,1.0018731224e+00,-1.0401046761e+00,1.8593798063e+00,-3.6700728041e-01,5.1814398855e-02,1.1740289193e+00,-2.3791315366e-01,-8.4083850315e-01,9.9891608943e-01,-2.7398517514e-03,-3.5417333984e-02,-3.0079094675e-02,2.2139727376e+00,-4.5447600889e-01,1.0839797480e-01,1.2011120354e+00,-2.3475006764e-01,-8.4477970293e-01,9.9525916925e-01,-1.8347279147e-02,-8.7098221943e-02,-3.9197743546e-02,1.0000000000e+00,1.0000699585e-04,1.0000879085e-04,1.0000714107e-04,6.5741680106e-09,6.6734131928e-09,6.6297335429e-09,8.0851534513e-09,5.0735978254e-09,1.0019553206e-08
6.7550000000e+00,-8.0634353928e+01,9.5707788720e+00,9.8217360015e+01,-1.8217763018e-01,3.7017278048e+00,-9.7144168871e-01,1.8637786225e+00,-3.6793824421e-01,4.8078063811e-02,8.8082221169e-01,-1.9251186453e-01,-7.3854764065e-01,9.9912372291e-01,-2.8336910239e-03,-2.6161559568e-02,-3.2547339483e-02,2.2217137962e+00,-4.5539392503e-01,1.0319744651e-01,8.1821007428e-01,-1.7124268365e-01,-6.4316930788e-01,9.9542301670e-01,-1.8457300129e-02,-8.4799389500e-02,-4.0017613960e-02,1.0000000000e+00,1.0000699109e-04,1.0000877615e-04,1.0000713911e-04,6.2986164286e-09,6.5770432115e-09,6.3916839861e-09,8.0643788147e-09,4.6232104063e-09,9.3330613246e-09
6.7600000000e+00,-5.4863321033e+01,6.7090448356e+00,7.1813874696e+01,-4.7531606766e-02,3.5840996570e+00,-7.0604132094e-01,1.8666507922e+00,-3.6854998167e-01,4.5753148419e-02,5.7380570965e-01,-1.2558240485e-01,-4.6213846950e-01,9.9925861055e-01,-2.6130570087e-03,-1.7207998270e-02,-3.4340733443e-02,2.2263334938e+00,-4.5620857369e-01,9.9582116565e-02,5.4148144392e-01,-1.1630590283e-01,-4.3254241149e-01,9.9607591434e-01,-1.7843575705e-02,-7.6087390158e-02,-4.1534187518e-02,1.0000000000e+00,1.0000698934e-04,1.0000876324e-04,1.0000713350e-04,6.2437523371e-09,6.4618096767e-09,6.2899648643e-09,7.9672299246e-09,4.2600241510e-09,8.9360931810e-09
6.7650000000e+00,-3.6632168562e+01,4.1561820956e+00,5.2401103294e+01,2.3750832587e-02,3.1503433870e+00,-4.8376720960e-01,1.8684922712e+00,-3.6894652044e-01,4.4444838105e-02,3.6696189722e-01,-8.1385837698e-02,-2.6056972038e-01,9.9932118450e-01,-2.2584166231e-03,-9.3452810281e-03,-3.5563119676e-02,2.2292531417e+00,-4.5681952199e-01,9.7051005534e-02,3.5028259962e-01,-7.7044621159e-02,-2.5660026447e-01,9.9667594735e-01,-1.7100748175e-02,-6.7181437201e-02,-4.2793397635e-02,1.0000000000e+00,1.0000698889e-04,1.0000875759e-04,1.0000712921e-04,6.1899702704e-09,6.3136804550e-09,6.1976973088e-09,7.8799603249e-09,4.0539465409e-09,8.7762739750e-09
6.7700000000e+00,-2.7081410041e+01,1.7930441471e+00,4.0350845460e+01,6.0840876104e-02,2.6096324461e+00,-3.6287917794e-01,1.8697867534e+00,-3.6915933741e-01,4.3756990516e-02,2.5805102775e-01,-4.2900045136e-02,-1.3732172176e-01,9.9932848807e-01,-1.8694979468e-03,-2.8328246576e-03,-3.6483599279e-02,2.2311871183e+00,-4.5736080763e-01,9.5354938852e-02,2.3203035934e-01,-4.5037410494e-02,-1.3191379153e-01,9.9711390174e-01,-1.6918173589e-02,-5.9306992190e-02,-4.4275535399e-02,1.0000000000e+00,1.0000698885e-04,1.0000875554e-04,1.0000712656e-04,6.1503997894e-09,6.2193477681e-09,6.1442485665e-09,7.8151186717e-09,3.9433859363e-09,8.7226400857e-09
6.7750000000e+00,-1.9508301751e+01,5.2322888409e-01,3.1257470398e+01,6.9038211666e-02,2.0660344526e+00,-2.5921198595e-01,1.8706600402e+00,-3.6927101762e-01,4.3521996900e-02,1.7423135169e-01,-2.2190936136e-02,-4.6674939456e-02,9.9930615198e-01,-1.5116777242e-03,2.3187547456e-03,-3.7142331900e-02,2.2325015600e+00,-4.5762188557e-01,9.4413095045e-02,1.5222918208e-01,-2.4347134021e-02,-4.2942500311e-02,9.9741962260e-01,-1.6733831071e-02,-5.3187905831e-02,-4.5223025466e-02,1.0000000000e+00,1.0000698897e-04,1.0000875496e-04,1.0000712505e-04,6.1241915137e-09,6.1617094795e-09,6.1137243389e-09,7.7735496979e-09,3.8869403476e-09,8.7143033998e-09
6.7800000000e+00,-1.3704701581e+01,-2.4634256269e-02,2.4248206202e+01,6.2249799543e-02,1.5508317997e+00,-1.7780041266e-01,1.8712124272e+00,-3.6932675491e-01,4.3608533777e-02,1.1037366359e-01,-1.0957887281e-02,1.7904747083e-02,9.9927310279e-01,-1.2125405708e-03,6.1846736916e-03,-3.7597148873e-02,2.2333730069e+00,-4.5772560213e-01,9.4037409666e-02,9.5306395566e-02,-1.2036670775e-02,1.9245778733e-02,9.9762471632e-01,-1.6513704386e-02,-4.8751787349e-02,-4.5776480676e-02,1.0000000000e+00,1.0000698917e-04,1.0000875488e-04,1.0000712425e-04,6.1074062148e-09,6.1275068392e-09,6.0968868755e-09,7.7497068190e-09,3.8618268943e-09,8.7244768221e-09
6.7850000000e+00,-9.2192604879e+00,-7.4909324290e-02,1.9009182927e+01,5.4918178918e-02,1.0873175009e+00,-1.1859222497e-01,1.8715240250e+00,-3.6935088776e-01,4.3913550190e-02,6.2435813131e-02,-4.7074481951e-03,6.1819258601e-02,9.9924140324e-01,-9.7902115495e-04,8.8940206742e-03,-3.7901925511e-02,2.2339132354e+00,-4.5776786963e-01,9.4056541466e-02,5.3870745445e-02,-4.7076272377e-03,6.1211030387e-02,9.9775544057e-01,-1.6277951785e-02,-4.5753648917e-02,-4.6105451971e-02,1.0000000000e+00,1.0000698941e-04,1.0000875488e-04,1.0000712386e-04,6.0969731251e-09,6.1077342689e-09,6.0878091566e-09,7.7379819370e-09,3.8549261464e-09,8.7416430644e-09
